"_ano_pesquisa","dimensao","setor","numero_de_funcionarios","valor","qtd_respondentes"
"2023","desafio_gestor","Finanças ou Bancos","Acima de 3.000","Gerenciar a expectativa das áreas de negócio em relação as entregas das equipes de dados.","29"
"2023","desafio_gestor","Varejo","Acima de 3.000","Gerenciar a expectativa das áreas de negócio em relação as entregas das equipes de dados.","29"
"2023","desafio_gestor","Finanças ou Bancos","Acima de 3.000","Organizar as informações e garantir a qualidade e confiabilidade.","25"
"2023","desafio_gestor","Varejo","Acima de 3.000","Organizar as informações e garantir a qualidade e confiabilidade.","23"
"2023","desafio_gestor","Varejo","Acima de 3.000","Conseguir gerar valor para as áreas de negócios através de estudos e experimentos.","22"
"2023","desafio_gestor","Finanças ou Bancos","Acima de 3.000","Conseguir gerar valor para as áreas de negócios através de estudos e experimentos.","21"
"2023","desafio_gestor","Varejo","Acima de 3.000","Garantir retorno do investimento (ROI) em projetos de dados.","19"
"2023","desafio_gestor","Finanças ou Bancos","Acima de 3.000","Dividir o tempo entre entregas técnicas e gestão de pessoas.","17"
"2023","desafio_gestor","Finanças ou Bancos","Acima de 3.000","Garantir retorno do investimento (ROI) em projetos de dados.","16"
"2023","desafio_gestor","Indústria","Acima de 3.000","Gerenciar a expectativa das áreas de negócio em relação as entregas das equipes de dados.","15"
"2023","desafio_gestor","Tecnologia/Fábrica de Software","Acima de 3.000","Gerenciar a expectativa das áreas de negócio em relação as entregas das equipes de dados.","15"
"2023","desafio_gestor","Indústria","Acima de 3.000","Garantir retorno do investimento (ROI) em projetos de dados.","14"
"2023","desafio_gestor","Finanças ou Bancos","Acima de 3.000","Gestão de projetos envolvendo áreas multidisciplinares da empresa.","14"
"2023","desafio_gestor","Finanças ou Bancos","Acima de 3.000","Conseguir levar inovação para a empresa através dos dados.","13"
"2023","desafio_gestor","Varejo","Acima de 3.000","Gestão de projetos envolvendo áreas multidisciplinares da empresa.","13"
"2023","desafio_gestor","Indústria","Acima de 3.000","Conseguir gerar valor para as áreas de negócios através de estudos e experimentos.","13"
"2023","desafio_gestor","Tecnologia/Fábrica de Software","de 101 a 500","Gerenciar a expectativa das áreas de negócio em relação as entregas das equipes de dados.","13"
"2023","desafio_gestor","Tecnologia/Fábrica de Software","de 101 a 500","Conseguir gerar valor para as áreas de negócios através de estudos e experimentos.","13"
"2023","desafio_gestor","Tecnologia/Fábrica de Software","de 101 a 500","Dividir o tempo entre entregas técnicas e gestão de pessoas.","13"
"2023","desafio_gestor","Outra Opção","Acima de 3.000","Gerenciar a expectativa das áreas de negócio em relação as entregas das equipes de dados.","12"
"2023","desafio_gestor","Finanças ou Bancos","Acima de 3.000","Reter talentos.","12"
"2023","desafio_gestor","Indústria","Acima de 3.000","Conseguir levar inovação para a empresa através dos dados.","12"
"2023","desafio_gestor","Finanças ou Bancos","Acima de 3.000","em meio ao crescimento da empresa.","11"
"2023","desafio_gestor","Tecnologia/Fábrica de Software","de 11 a 50","Dividir o tempo entre entregas técnicas e gestão de pessoas.","11"
"2023","desafio_gestor","Tecnologia/Fábrica de Software","de 11 a 50","Gerenciar a expectativa das áreas de negócio em relação as entregas das equipes de dados.","11"
"2023","desafio_gestor","Tecnologia/Fábrica de Software","de 1.001 a 3.000","Gerenciar a expectativa das áreas de negócio em relação as entregas das equipes de dados.","11"
"2023","desafio_gestor","Varejo","Acima de 3.000","Conseguir levar inovação para a empresa através dos dados.","11"
"2023","desafio_gestor","Finanças ou Bancos","Acima de 3.000","Contratar novos talentos.","11"
"2023","desafio_gestor","Finanças ou Bancos","de 101 a 500","Gerenciar a expectativa das áreas de negócio em relação as entregas das equipes de dados.","11"
"2023","desafio_gestor","Finanças ou Bancos","Acima de 3.000","Garantir a manutenção dos projetos e modelos em produção","11"
"2023","desafio_gestor","Finanças ou Bancos","de 101 a 500","Conseguir gerar valor para as áreas de negócios através de estudos e experimentos.","10"
"2023","desafio_gestor","Outra Opção","Acima de 3.000","Organizar as informações e garantir a qualidade e confiabilidade.","10"
"2023","desafio_gestor","Tecnologia/Fábrica de Software","Acima de 3.000","Dividir o tempo entre entregas técnicas e gestão de pessoas.","10"
"2023","desafio_gestor","Finanças ou Bancos","de 101 a 500","Organizar as informações e garantir a qualidade e confiabilidade.","10"
"2023","desafio_gestor","Tecnologia/Fábrica de Software","Acima de 3.000","Conseguir gerar valor para as áreas de negócios através de estudos e experimentos.","10"
"2023","desafio_gestor","Varejo","Acima de 3.000","Dividir o tempo entre entregas técnicas e gestão de pessoas.","10"
"2023","desafio_gestor","Tecnologia/Fábrica de Software","Acima de 3.000","Organizar as informações e garantir a qualidade e confiabilidade.","10"
"2023","desafio_gestor","Indústria","Acima de 3.000","Organizar as informações e garantir a qualidade e confiabilidade.","10"
"2023","desafio_gestor","Tecnologia/Fábrica de Software","de 1.001 a 3.000","Organizar as informações e garantir a qualidade e confiabilidade.","9"
"2023","desafio_gestor","Tecnologia/Fábrica de Software","de 501 a 1.000","Dividir o tempo entre entregas técnicas e gestão de pessoas.","9"
"2023","desafio_gestor","Tecnologia/Fábrica de Software","de 101 a 500","Organizar as informações e garantir a qualidade e confiabilidade.","9"
"2023","desafio_gestor","Finanças ou Bancos","de 101 a 500","Dividir o tempo entre entregas técnicas e gestão de pessoas.","9"
"2023","desafio_gestor","Outra Opção","Acima de 3.000","Dividir o tempo entre entregas técnicas e gestão de pessoas.","8"
"2023","desafio_gestor","Finanças ou Bancos","de 101 a 500","Conseguir levar inovação para a empresa através dos dados.","8"
"2023","desafio_gestor","Tecnologia/Fábrica de Software","de 11 a 50","Organizar as informações e garantir a qualidade e confiabilidade.","8"
"2023","desafio_gestor","Tecnologia/Fábrica de Software","de 1 a 5","Garantir retorno do investimento (ROI) em projetos de dados.","8"
"2023","desafio_gestor","Finanças ou Bancos","Acima de 3.000","Desenvolver e manter modelos Machine Learning em produção.","8"
"2023","desafio_gestor","Varejo","Acima de 3.000","Contratar novos talentos.","8"
"2023","desafio_gestor","Varejo","Acima de 3.000","Gestão de equipes no ambiente remoto.","8"
"2023","desafio_gestor","Outra Opção","Acima de 3.000","Contratar novos talentos.","8"
"2023","desafio_gestor","Tecnologia/Fábrica de Software","Acima de 3.000","Gestão de projetos envolvendo áreas multidisciplinares da empresa.","8"
"2023","desafio_gestor","Tecnologia/Fábrica de Software","de 11 a 50","Conseguir gerar valor para as áreas de negócios através de estudos e experimentos.","7"
"2023","desafio_gestor","Indústria","Acima de 3.000","Gestão de projetos envolvendo áreas multidisciplinares da empresa.","7"
"2023","desafio_gestor","Tecnologia/Fábrica de Software","de 1 a 5","Conseguir levar inovação para a empresa através dos dados.","7"
"2023","desafio_gestor","Área de Consultoria","de 101 a 500","Conseguir levar inovação para a empresa através dos dados.","7"
"2023","desafio_gestor","Área de Consultoria","de 101 a 500","Garantir retorno do investimento (ROI) em projetos de dados.","7"
"2023","desafio_gestor","Tecnologia/Fábrica de Software","de 51 a 100","Conseguir gerar valor para as áreas de negócios através de estudos e experimentos.","7"
"2023","desafio_gestor","Tecnologia/Fábrica de Software","de 501 a 1.000","Gerenciar a expectativa das áreas de negócio em relação as entregas das equipes de dados.","7"
"2023","desafio_gestor","Área de Consultoria","de 1 a 5","Conseguir gerar valor para as áreas de negócios através de estudos e experimentos.","7"
"2023","desafio_gestor","Outra Opção","Acima de 3.000","Gestão de projetos envolvendo áreas multidisciplinares da empresa.","7"
"2023","desafio_gestor","Tecnologia/Fábrica de Software","Acima de 3.000","Garantir retorno do investimento (ROI) em projetos de dados.","7"
"2023","desafio_gestor","Outra Opção","Acima de 3.000","Garantir retorno do investimento (ROI) em projetos de dados.","7"
"2023","desafio_gestor","Finanças ou Bancos","de 501 a 1.000","Gerenciar a expectativa das áreas de negócio em relação as entregas das equipes de dados.","7"
"2023","desafio_gestor","Finanças ou Bancos","de 101 a 500","Contratar novos talentos.","7"
"2023","desafio_gestor","Tecnologia/Fábrica de Software","de 1.001 a 3.000","Garantir retorno do investimento (ROI) em projetos de dados.","7"
"2023","desafio_gestor","Indústria","Acima de 3.000","Dividir o tempo entre entregas técnicas e gestão de pessoas.","7"
"2023","desafio_gestor","Outra Opção","Acima de 3.000","Conseguir gerar valor para as áreas de negócios através de estudos e experimentos.","7"
"2023","desafio_gestor","Tecnologia/Fábrica de Software","Acima de 3.000","Convencer a empresa a aumentar os investimentos na área de dados.","7"
"2023","desafio_gestor","Área de Consultoria","de 11 a 50","Contratar novos talentos.","7"
"2023","desafio_gestor","Tecnologia/Fábrica de Software","de 101 a 500","Garantir a manutenção dos projetos e modelos em produção","7"
"2023","desafio_gestor","Tecnologia/Fábrica de Software","de 101 a 500","em meio ao crescimento da empresa.","7"
"2023","desafio_gestor","Área de Consultoria","de 1 a 5","em meio ao crescimento da empresa.","6"
"2023","desafio_gestor","Área de Consultoria","de 101 a 500","Dividir o tempo entre entregas técnicas e gestão de pessoas.","6"
"2023","desafio_gestor","Varejo","Acima de 3.000","Reter talentos.","6"
"2023","desafio_gestor","Tecnologia/Fábrica de Software","de 51 a 100","Dividir o tempo entre entregas técnicas e gestão de pessoas.","6"
"2023","desafio_gestor","Educação","Acima de 3.000","Organizar as informações e garantir a qualidade e confiabilidade.","6"
"2023","desafio_gestor","Tecnologia/Fábrica de Software","de 101 a 500","Gestão de projetos envolvendo áreas multidisciplinares da empresa.","6"
"2023","desafio_gestor","Finanças ou Bancos","Acima de 3.000","Gestão de equipes no ambiente remoto.","6"
"2023","desafio_gestor","Tecnologia/Fábrica de Software","de 51 a 100","Gerenciar a expectativa das áreas de negócio em relação as entregas das equipes de dados.","6"
"2023","desafio_gestor","Tecnologia/Fábrica de Software","de 1 a 5","Gerenciar a expectativa das áreas de negócio em relação as entregas das equipes de dados.","6"
"2023","desafio_gestor","Finanças ou Bancos","de 1.001 a 3.000","Organizar as informações e garantir a qualidade e confiabilidade.","6"
"2023","desafio_gestor","Tecnologia/Fábrica de Software","Acima de 3.000","Reter talentos.","6"
"2023","desafio_gestor","Área da Saúde","Acima de 3.000","Dividir o tempo entre entregas técnicas e gestão de pessoas.","6"
"2023","desafio_gestor","Finanças ou Bancos","de 501 a 1.000","Organizar as informações e garantir a qualidade e confiabilidade.","6"
"2023","desafio_gestor","Área de Consultoria","de 1 a 5","Garantir a manutenção dos projetos e modelos em produção","6"
"2023","desafio_gestor","Área da Saúde","Acima de 3.000","Gerenciar a expectativa das áreas de negócio em relação as entregas das equipes de dados.","6"
"2023","desafio_gestor","Outra Opção","Acima de 3.000","Convencer a empresa a aumentar os investimentos na área de dados.","6"
"2023","desafio_gestor","Tecnologia/Fábrica de Software","de 11 a 50","Gestão de projetos envolvendo áreas multidisciplinares da empresa.","6"
"2023","desafio_gestor","Setor Público","de 101 a 500","Convencer a empresa a aumentar os investimentos na área de dados.","6"
"2023","desafio_gestor","Tecnologia/Fábrica de Software","de 11 a 50","Garantir retorno do investimento (ROI) em projetos de dados.","6"
"2023","desafio_gestor","Tecnologia/Fábrica de Software","de 1.001 a 3.000","Contratar novos talentos.","6"
"2023","desafio_gestor","Finanças ou Bancos","Acima de 3.000","Convencer a empresa a aumentar os investimentos na área de dados.","6"
"2023","desafio_gestor","Setor Imobiliário/ Construção Civil","Acima de 3.000","Conseguir gerar valor para as áreas de negócios através de estudos e experimentos.","5"
"2023","desafio_gestor","Internet/Ecommerce","Acima de 3.000","Gerenciar a expectativa das áreas de negócio em relação as entregas das equipes de dados.","5"
"2023","desafio_gestor","Varejo","de 51 a 100","Dividir o tempo entre entregas técnicas e gestão de pessoas.","5"
"2023","desafio_gestor","Tecnologia/Fábrica de Software","de 501 a 1.000","Garantir retorno do investimento (ROI) em projetos de dados.","5"
"2023","desafio_gestor","Setor Alimentício","Acima de 3.000","Garantir retorno do investimento (ROI) em projetos de dados.","5"
"2023","desafio_gestor","Tecnologia/Fábrica de Software","de 11 a 50","Conseguir levar inovação para a empresa através dos dados.","5"
"2023","desafio_gestor","Indústria","Acima de 3.000","Convencer a empresa a aumentar os investimentos na área de dados.","5"
"2023","desafio_gestor","Varejo","Acima de 3.000","Convencer a empresa a aumentar os investimentos na área de dados.","5"
"2023","desafio_gestor","Tecnologia/Fábrica de Software","de 11 a 50","Contratar novos talentos.","5"
"2023","desafio_gestor","Varejo","Acima de 3.000","Garantir a manutenção dos projetos e modelos em produção","5"
"2023","desafio_gestor","Internet/Ecommerce","Acima de 3.000","Conseguir levar inovação para a empresa através dos dados.","5"
"2023","desafio_gestor","Outra Opção","de 101 a 500","Gerenciar a expectativa das áreas de negócio em relação as entregas das equipes de dados.","5"
"2023","desafio_gestor","Tecnologia/Fábrica de Software","de 101 a 500","Contratar novos talentos.","5"
"2023","desafio_gestor","Indústria","Acima de 3.000","Reter talentos.","5"
"2023","desafio_gestor","Finanças ou Bancos","de 101 a 500","Convencer a empresa a aumentar os investimentos na área de dados.","5"
"2023","desafio_gestor","Tecnologia/Fábrica de Software","de 501 a 1.000","Reter talentos.","5"
"2023","desafio_gestor","Finanças ou Bancos","de 1.001 a 3.000","Gerenciar a expectativa das áreas de negócio em relação as entregas das equipes de dados.","5"
"2023","desafio_gestor","Tecnologia/Fábrica de Software","de 101 a 500","Convencer a empresa a aumentar os investimentos na área de dados.","5"
"2023","desafio_gestor","Finanças ou Bancos","de 101 a 500","Garantir retorno do investimento (ROI) em projetos de dados.","5"
"2023","desafio_gestor","Educação","de 101 a 500","Conseguir gerar valor para as áreas de negócios através de estudos e experimentos.","5"
"2023","desafio_gestor","Varejo","Acima de 3.000","em meio ao crescimento da empresa.","5"
"2023","desafio_gestor","Tecnologia/Fábrica de Software","de 101 a 500","Garantir retorno do investimento (ROI) em projetos de dados.","5"
"2023","desafio_gestor","Finanças ou Bancos","de 101 a 500","Reter talentos.","5"
"2023","desafio_gestor","Indústria","Acima de 3.000","Gestão de equipes no ambiente remoto.","5"
"2023","desafio_gestor","Área de Consultoria","de 1.001 a 3.000","Gerenciar a expectativa das áreas de negócio em relação as entregas das equipes de dados.","5"
"2023","desafio_gestor","Setor Alimentício","Acima de 3.000","Gerenciar a expectativa das áreas de negócio em relação as entregas das equipes de dados.","5"
"2023","desafio_gestor","Tecnologia/Fábrica de Software","de 501 a 1.000","Conseguir gerar valor para as áreas de negócios através de estudos e experimentos.","5"
"2023","desafio_gestor","Tecnologia/Fábrica de Software","Acima de 3.000","Contratar novos talentos.","5"
"2023","desafio_gestor","Área da Saúde","Acima de 3.000","Conseguir levar inovação para a empresa através dos dados.","5"
"2023","desafio_gestor","Outra Opção","Acima de 3.000","Conseguir levar inovação para a empresa através dos dados.","5"
"2023","desafio_gestor","Setor Público","Acima de 3.000","Organizar as informações e garantir a qualidade e confiabilidade.","5"
"2023","desafio_gestor","Área de Consultoria","de 1 a 5","Gerenciar a expectativa das áreas de negócio em relação as entregas das equipes de dados.","5"
"2023","desafio_gestor","Internet/Ecommerce","Acima de 3.000","Dividir o tempo entre entregas técnicas e gestão de pessoas.","5"
"2023","desafio_gestor","Tecnologia/Fábrica de Software","de 1.001 a 3.000","Dividir o tempo entre entregas técnicas e gestão de pessoas.","5"
"2023","desafio_gestor","Área de Consultoria","de 101 a 500","Gestão de projetos envolvendo áreas multidisciplinares da empresa.","5"
"2023","desafio_gestor","Área de Consultoria","de 1 a 5","Garantir retorno do investimento (ROI) em projetos de dados.","5"
"2023","desafio_gestor","Área de Consultoria","de 11 a 50","Gerenciar a expectativa das áreas de negócio em relação as entregas das equipes de dados.","5"
"2023","desafio_gestor","Outra Opção","Acima de 3.000","Reter talentos.","5"
"2023","desafio_gestor","Área de Consultoria","de 101 a 500","Conseguir gerar valor para as áreas de negócios através de estudos e experimentos.","4"
"2023","desafio_gestor","Tecnologia/Fábrica de Software","de 51 a 100","em meio ao crescimento da empresa.","4"
"2023","desafio_gestor","Área de Consultoria","de 11 a 50","Dividir o tempo entre entregas técnicas e gestão de pessoas.","4"
"2023","desafio_gestor","Tecnologia/Fábrica de Software","Acima de 3.000","Garantir a manutenção dos projetos e modelos em produção","4"
"2023","desafio_gestor","Tecnologia/Fábrica de Software","de 51 a 100","Conseguir levar inovação para a empresa através dos dados.","4"
"2023","desafio_gestor","Área da Saúde","Acima de 3.000","Organizar as informações e garantir a qualidade e confiabilidade.","4"
"2023","desafio_gestor","Finanças ou Bancos","de 101 a 500","em meio ao crescimento da empresa.","4"
"2023","desafio_gestor","Educação","Acima de 3.000","Gerenciar a expectativa das áreas de negócio em relação as entregas das equipes de dados.","4"
"2023","desafio_gestor","Tecnologia/Fábrica de Software","de 11 a 50","Gestão de equipes no ambiente remoto.","4"
"2023","desafio_gestor","Internet/Ecommerce","de 101 a 500","Organizar as informações e garantir a qualidade e confiabilidade.","4"
"2023","desafio_gestor","Outra Opção","de 11 a 50","Gerenciar a expectativa das áreas de negócio em relação as entregas das equipes de dados.","4"
"2023","desafio_gestor","Área de Consultoria","de 1 a 5","Organizar as informações e garantir a qualidade e confiabilidade.","4"
"2023","desafio_gestor","Finanças ou Bancos","de 1.001 a 3.000","Conseguir levar inovação para a empresa através dos dados.","4"
"2023","desafio_gestor","Tecnologia/Fábrica de Software","de 1.001 a 3.000","Conseguir gerar valor para as áreas de negócios através de estudos e experimentos.","4"
"2023","desafio_gestor","Educação","Acima de 3.000","Conseguir gerar valor para as áreas de negócios através de estudos e experimentos.","4"
"2023","desafio_gestor","Setor Alimentício","Acima de 3.000","Garantir a manutenção dos projetos e modelos em produção","4"
"2023","desafio_gestor","Tecnologia/Fábrica de Software","de 1.001 a 3.000","Convencer a empresa a aumentar os investimentos na área de dados.","4"
"2023","desafio_gestor","Tecnologia/Fábrica de Software","de 51 a 100","Organizar as informações e garantir a qualidade e confiabilidade.","4"
"2023","desafio_gestor","Setor Público","Acima de 3.000","Convencer a empresa a aumentar os investimentos na área de dados.","4"
"2023","desafio_gestor","Setor Alimentício","Acima de 3.000","em meio ao crescimento da empresa.","4"
"2023","desafio_gestor","Área de Consultoria","de 51 a 100","Dividir o tempo entre entregas técnicas e gestão de pessoas.","4"
"2023","desafio_gestor","Outra Opção","de 11 a 50","Dividir o tempo entre entregas técnicas e gestão de pessoas.","4"
"2023","desafio_gestor","Área de Consultoria","de 1 a 5","Contratar novos talentos.","4"
"2023","desafio_gestor","Tecnologia/Fábrica de Software","de 51 a 100","Garantir a manutenção dos projetos e modelos em produção","4"
"2023","desafio_gestor","Área de Consultoria","Acima de 3.000","Dividir o tempo entre entregas técnicas e gestão de pessoas.","4"
"2023","desafio_gestor","Área de Consultoria","de 1.001 a 3.000","Organizar as informações e garantir a qualidade e confiabilidade.","4"
"2023","desafio_gestor","Setor Alimentício","Acima de 3.000","Organizar as informações e garantir a qualidade e confiabilidade.","4"
"2023","desafio_gestor","Varejo","de 101 a 500","Organizar as informações e garantir a qualidade e confiabilidade.","4"
"2023","desafio_gestor","Tecnologia/Fábrica de Software","de 51 a 100","Garantir retorno do investimento (ROI) em projetos de dados.","4"
"2023","desafio_gestor","Finanças ou Bancos","de 1.001 a 3.000","Convencer a empresa a aumentar os investimentos na área de dados.","4"
"2023","desafio_gestor","Setor Público","Acima de 3.000","Dividir o tempo entre entregas técnicas e gestão de pessoas.","4"
"2023","desafio_gestor","Educação","de 51 a 100","Dividir o tempo entre entregas técnicas e gestão de pessoas.","4"
"2023","desafio_gestor","Área da Saúde","Acima de 3.000","Garantir retorno do investimento (ROI) em projetos de dados.","4"
"2023","desafio_gestor","Área da Saúde","de 101 a 500","Organizar as informações e garantir a qualidade e confiabilidade.","4"
"2023","desafio_gestor","Finanças ou Bancos","de 1.001 a 3.000","Conseguir gerar valor para as áreas de negócios através de estudos e experimentos.","4"
"2023","desafio_gestor","Finanças ou Bancos","de 1.001 a 3.000","Garantir a manutenção dos projetos e modelos em produção","4"
"2023","desafio_gestor","Tecnologia/Fábrica de Software","Acima de 3.000","Conseguir processar e armazenar um alto volume de dados.","4"
"2023","desafio_gestor","Finanças ou Bancos","de 101 a 500","Garantir a manutenção dos projetos e modelos em produção","4"
"2023","desafio_gestor","Área de Consultoria","de 1 a 5","Dividir o tempo entre entregas técnicas e gestão de pessoas.","4"
"2023","desafio_gestor","Setor Público","Acima de 3.000","Conseguir gerar valor para as áreas de negócios através de estudos e experimentos.","4"
"2023","desafio_gestor","Setor Público","de 1.001 a 3.000","Conseguir levar inovação para a empresa através dos dados.","4"
"2023","desafio_gestor","Setor Público","de 101 a 500","Conseguir gerar valor para as áreas de negócios através de estudos e experimentos.","4"
"2023","desafio_gestor","Setor Alimentício","Acima de 3.000","Gestão de projetos envolvendo áreas multidisciplinares da empresa.","4"
"2023","desafio_gestor","Tecnologia/Fábrica de Software","de 1 a 5","Conseguir gerar valor para as áreas de negócios através de estudos e experimentos.","4"
"2023","desafio_gestor","Finanças ou Bancos","de 1.001 a 3.000","em meio ao crescimento da empresa.","4"
"2023","desafio_gestor","Setor Alimentício","Acima de 3.000","Dividir o tempo entre entregas técnicas e gestão de pessoas.","4"
"2023","desafio_gestor","Tecnologia/Fábrica de Software","de 1.001 a 3.000","Gestão de projetos envolvendo áreas multidisciplinares da empresa.","4"
"2023","desafio_gestor","Outra Opção","de 101 a 500","Reter talentos.","4"
"2023","desafio_gestor","Telecomunicação","Acima de 3.000","Conseguir gerar valor para as áreas de negócios através de estudos e experimentos.","4"
"2023","desafio_gestor","Internet/Ecommerce","Acima de 3.000","Organizar as informações e garantir a qualidade e confiabilidade.","4"
"2023","desafio_gestor","Tecnologia/Fábrica de Software","de 501 a 1.000","Contratar novos talentos.","4"
"2023","desafio_gestor","Tecnologia/Fábrica de Software","Acima de 3.000","em meio ao crescimento da empresa.","4"
"2023","desafio_gestor","Área de Consultoria","de 101 a 500","Gerenciar a expectativa das áreas de negócio em relação as entregas das equipes de dados.","4"
"2023","desafio_gestor","Tecnologia/Fábrica de Software","de 11 a 50","em meio ao crescimento da empresa.","4"
"2023","desafio_gestor","Área de Consultoria","de 1 a 5","Desenvolver e manter modelos Machine Learning em produção.","4"
"2023","desafio_gestor","Tecnologia/Fábrica de Software","de 101 a 500","Conseguir levar inovação para a empresa através dos dados.","4"
"2023","desafio_gestor","Tecnologia/Fábrica de Software","de 501 a 1.000","Conseguir levar inovação para a empresa através dos dados.","4"
"2023","desafio_gestor","Finanças ou Bancos","de 501 a 1.000","Convencer a empresa a aumentar os investimentos na área de dados.","4"
"2023","desafio_gestor","Tecnologia/Fábrica de Software","de 1 a 5","Desenvolver e manter modelos Machine Learning em produção.","4"
"2023","desafio_gestor","Área da Saúde","Acima de 3.000","Conseguir gerar valor para as áreas de negócios através de estudos e experimentos.","4"
"2023","desafio_gestor","Indústria","de 101 a 500","Conseguir gerar valor para as áreas de negócios através de estudos e experimentos.","4"
"2023","desafio_gestor","Tecnologia/Fábrica de Software","de 11 a 50","Garantir a manutenção dos projetos e modelos em produção","4"
"2023","desafio_gestor","Tecnologia/Fábrica de Software","de 1 a 5","Contratar novos talentos.","3"
"2023","desafio_gestor","Internet/Ecommerce","de 1.001 a 3.000","Garantir retorno do investimento (ROI) em projetos de dados.","3"
"2023","desafio_gestor","Área de Consultoria","Acima de 3.000","Conseguir gerar valor para as áreas de negócios através de estudos e experimentos.","3"
"2023","desafio_gestor","Educação","de 51 a 100","Gerenciar a expectativa das áreas de negócio em relação as entregas das equipes de dados.","3"
"2023","desafio_gestor","Setor Alimentício","Acima de 3.000","Convencer a empresa a aumentar os investimentos na área de dados.","3"
"2023","desafio_gestor","Área da Saúde","de 51 a 100","Organizar as informações e garantir a qualidade e confiabilidade.","3"
"2023","desafio_gestor","Finanças ou Bancos","de 501 a 1.000","Conseguir gerar valor para as áreas de negócios através de estudos e experimentos.","3"
"2023","desafio_gestor","Área de Consultoria","Acima de 3.000","Conseguir levar inovação para a empresa através dos dados.","3"
"2023","desafio_gestor","Área de Consultoria","de 11 a 50","Gestão de projetos envolvendo áreas multidisciplinares da empresa.","3"
"2023","desafio_gestor","Setor Público","de 101 a 500","Organizar as informações e garantir a qualidade e confiabilidade.","3"
"2023","desafio_gestor","Indústria","de 101 a 500","Conseguir levar inovação para a empresa através dos dados.","3"
"2023","desafio_gestor","Tecnologia/Fábrica de Software","de 501 a 1.000","em meio ao crescimento da empresa.","3"
"2023","desafio_gestor","Finanças ou Bancos","de 501 a 1.000","Dividir o tempo entre entregas técnicas e gestão de pessoas.","3"
"2023","desafio_gestor","Setor Público","de 101 a 500","Dividir o tempo entre entregas técnicas e gestão de pessoas.","3"
"2023","desafio_gestor","Área de Consultoria","de 101 a 500","Contratar novos talentos.","3"
"2023","desafio_gestor","Setor Imobiliário/ Construção Civil","Acima de 3.000","Gerenciar a expectativa das áreas de negócio em relação as entregas das equipes de dados.","3"
"2023","desafio_gestor","Indústria","Acima de 3.000","em meio ao crescimento da empresa.","3"
"2023","desafio_gestor","Área da Saúde","de 101 a 500","Contratar novos talentos.","3"
"2023","desafio_gestor","Finanças ou Bancos","de 11 a 50","Garantir retorno do investimento (ROI) em projetos de dados.","3"
"2023","desafio_gestor","Tecnologia/Fábrica de Software","de 501 a 1.000","Gestão de projetos envolvendo áreas multidisciplinares da empresa.","3"
"2023","desafio_gestor","Área de Consultoria","de 6 a 10","Dividir o tempo entre entregas técnicas e gestão de pessoas.","3"
"2023","desafio_gestor","Tecnologia/Fábrica de Software","de 1 a 5","Conseguir processar e armazenar um alto volume de dados.","3"
"2023","desafio_gestor","Setor Alimentício","de 101 a 500","Organizar as informações e garantir a qualidade e confiabilidade.","3"
"2023","desafio_gestor","Área de Consultoria","de 101 a 500","Organizar as informações e garantir a qualidade e confiabilidade.","3"
"2023","desafio_gestor","Tecnologia/Fábrica de Software","de 6 a 10","Gestão de projetos envolvendo áreas multidisciplinares da empresa.","3"
"2023","desafio_gestor","Varejo","Acima de 3.000","Desenvolver e manter modelos Machine Learning em produção.","3"
"2023","desafio_gestor","Tecnologia/Fábrica de Software","de 1.001 a 3.000","Conseguir levar inovação para a empresa através dos dados.","3"
"2023","desafio_gestor","Educação","Acima de 3.000","Convencer a empresa a aumentar os investimentos na área de dados.","3"
"2023","desafio_gestor","Área de Consultoria","de 51 a 100","Contratar novos talentos.","3"
"2023","desafio_gestor","Finanças ou Bancos","de 101 a 500","Conseguir processar e armazenar um alto volume de dados.","3"
"2023","desafio_gestor","Área da Saúde","de 51 a 100","Dividir o tempo entre entregas técnicas e gestão de pessoas.","3"
"2023","desafio_gestor","Agronegócios","de 101 a 500","Conseguir levar inovação para a empresa através dos dados.","3"
"2023","desafio_gestor","Setor Alimentício","de 101 a 500","Convencer a empresa a aumentar os investimentos na área de dados.","3"
"2023","desafio_gestor","Internet/Ecommerce","Acima de 3.000","Conseguir gerar valor para as áreas de negócios através de estudos e experimentos.","3"
"2023","desafio_gestor","Tecnologia/Fábrica de Software","de 11 a 50","Reter talentos.","3"
"2023","desafio_gestor","Finanças ou Bancos","de 51 a 100","Organizar as informações e garantir a qualidade e confiabilidade.","3"
"2023","desafio_gestor","Educação","de 1 a 5","Garantir retorno do investimento (ROI) em projetos de dados.","3"
"2023","desafio_gestor","Telecomunicação","Acima de 3.000","Gerenciar a expectativa das áreas de negócio em relação as entregas das equipes de dados.","3"
"2023","desafio_gestor","Outra Opção","de 11 a 50","Gestão de projetos envolvendo áreas multidisciplinares da empresa.","3"
"2023","desafio_gestor","Internet/Ecommerce","de 1.001 a 3.000","Dividir o tempo entre entregas técnicas e gestão de pessoas.","3"
"2023","desafio_gestor","Área da Saúde","de 1.001 a 3.000","Convencer a empresa a aumentar os investimentos na área de dados.","3"
"2023","desafio_gestor","Setor Imobiliário/ Construção Civil","Acima de 3.000","Gestão de projetos envolvendo áreas multidisciplinares da empresa.","3"
"2023","desafio_gestor","Educação","Acima de 3.000","Contratar novos talentos.","3"
"2023","desafio_gestor","Finanças ou Bancos","de 1.001 a 3.000","Garantir retorno do investimento (ROI) em projetos de dados.","3"
"2023","desafio_gestor","Marketing","de 501 a 1.000","Dividir o tempo entre entregas técnicas e gestão de pessoas.","3"
"2023","desafio_gestor","Marketing","de 51 a 100","Dividir o tempo entre entregas técnicas e gestão de pessoas.","3"
"2023","desafio_gestor","Área de Consultoria","de 51 a 100","Reter talentos.","3"
"2023","desafio_gestor","Área de Consultoria","de 101 a 500","em meio ao crescimento da empresa.","3"
"2023","desafio_gestor","Marketing","de 101 a 500","Conseguir gerar valor para as áreas de negócios através de estudos e experimentos.","3"
"2023","desafio_gestor","Tecnologia/Fábrica de Software","de 101 a 500","Reter talentos.","3"
"2023","desafio_gestor","Tecnologia/Fábrica de Software","de 11 a 50","Convencer a empresa a aumentar os investimentos na área de dados.","3"
"2023","desafio_gestor","Tecnologia/Fábrica de Software","de 51 a 100","Convencer a empresa a aumentar os investimentos na área de dados.","3"
"2023","desafio_gestor","Educação","de 101 a 500","Conseguir levar inovação para a empresa através dos dados.","3"
"2023","desafio_gestor","Área de Consultoria","Acima de 3.000","Reter talentos.","3"
"2023","desafio_gestor","Setor Público","Acima de 3.000","Reter talentos.","3"
"2023","desafio_gestor","Varejo","Acima de 3.000","Conseguir processar e armazenar um alto volume de dados.","3"
"2023","desafio_gestor","Indústria","Acima de 3.000","Garantir a manutenção dos projetos e modelos em produção","3"
"2023","desafio_gestor","Outra Opção","de 501 a 1.000","Convencer a empresa a aumentar os investimentos na área de dados.","3"
"2023","desafio_gestor","Tecnologia/Fábrica de Software","de 501 a 1.000","Garantir a manutenção dos projetos e modelos em produção","3"
"2023","desafio_gestor","Educação","de 101 a 500","Organizar as informações e garantir a qualidade e confiabilidade.","3"
"2023","desafio_gestor","Tecnologia/Fábrica de Software","de 1.001 a 3.000","Gestão de equipes no ambiente remoto.","3"
"2023","desafio_gestor","Indústria","Acima de 3.000","Contratar novos talentos.","3"
"2023","desafio_gestor","Tecnologia/Fábrica de Software","Acima de 3.000","Conseguir levar inovação para a empresa através dos dados.","3"
"2023","desafio_gestor","Setor Público","Acima de 3.000","Gerenciar a expectativa das áreas de negócio em relação as entregas das equipes de dados.","3"
"2023","desafio_gestor","Educação","de 6 a 10","Dividir o tempo entre entregas técnicas e gestão de pessoas.","3"
"2023","desafio_gestor","Educação","de 101 a 500","Dividir o tempo entre entregas técnicas e gestão de pessoas.","3"
"2023","desafio_gestor","Área de Consultoria","de 501 a 1.000","Gerenciar a expectativa das áreas de negócio em relação as entregas das equipes de dados.","3"
"2023","desafio_gestor","Setor Alimentício","Acima de 3.000","Conseguir gerar valor para as áreas de negócios através de estudos e experimentos.","3"
"2023","desafio_gestor","Finanças ou Bancos","de 1.001 a 3.000","Gestão de equipes no ambiente remoto.","3"
"2023","desafio_gestor","Tecnologia/Fábrica de Software","Acima de 3.000","Gestão de equipes no ambiente remoto.","3"
"2023","desafio_gestor","Outra Opção","de 101 a 500","Garantir retorno do investimento (ROI) em projetos de dados.","3"
"2023","desafio_gestor","Finanças ou Bancos","de 101 a 500","Gestão de projetos envolvendo áreas multidisciplinares da empresa.","3"
"2023","desafio_gestor","Tecnologia/Fábrica de Software","de 1 a 5","Gestão de projetos envolvendo áreas multidisciplinares da empresa.","3"
"2023","desafio_gestor","Área de Consultoria","de 101 a 500","Garantir a manutenção dos projetos e modelos em produção","3"
"2023","desafio_gestor","Setor Público","Acima de 3.000","Conseguir levar inovação para a empresa através dos dados.","3"
"2023","desafio_gestor","Educação","Acima de 3.000","Dividir o tempo entre entregas técnicas e gestão de pessoas.","3"
"2023","desafio_gestor","Área de Consultoria","de 11 a 50","Garantir retorno do investimento (ROI) em projetos de dados.","3"
"2023","desafio_gestor","Finanças ou Bancos","Acima de 3.000","Conseguir processar e armazenar um alto volume de dados.","3"
"2023","desafio_gestor","Setor Público","Acima de 3.000","Gestão de projetos envolvendo áreas multidisciplinares da empresa.","3"
"2023","desafio_gestor","Área da Saúde","Acima de 3.000","Gestão de projetos envolvendo áreas multidisciplinares da empresa.","3"
"2023","desafio_gestor","Área de Consultoria","Acima de 3.000","Contratar novos talentos.","3"
"2023","desafio_gestor","Setor Público","de 101 a 500","Conseguir levar inovação para a empresa através dos dados.","3"
"2023","desafio_gestor","Área de Consultoria","de 1.001 a 3.000","Gestão de projetos envolvendo áreas multidisciplinares da empresa.","3"
"2023","desafio_gestor","Agronegócios","Acima de 3.000","Conseguir gerar valor para as áreas de negócios através de estudos e experimentos.","3"
"2023","desafio_gestor","Outra Opção","de 11 a 50","Garantir retorno do investimento (ROI) em projetos de dados.","3"
"2023","desafio_gestor","Finanças ou Bancos","de 51 a 100","Gerenciar a expectativa das áreas de negócio em relação as entregas das equipes de dados.","3"
"2023","desafio_gestor","Varejo","de 101 a 500","Contratar novos talentos.","3"
"2023","desafio_gestor","Área de Consultoria","de 1 a 5","Conseguir levar inovação para a empresa através dos dados.","3"
"2023","desafio_gestor","Agronegócios","Acima de 3.000","Organizar as informações e garantir a qualidade e confiabilidade.","3"
"2023","desafio_gestor","Tecnologia/Fábrica de Software","de 501 a 1.000","Convencer a empresa a aumentar os investimentos na área de dados.","3"
"2023","desafio_gestor","Varejo","de 1.001 a 3.000","Convencer a empresa a aumentar os investimentos na área de dados.","3"
"2023","desafio_gestor","Marketing","de 101 a 500","Garantir retorno do investimento (ROI) em projetos de dados.","3"
"2023","desafio_gestor","Telecomunicação","de 101 a 500","Conseguir gerar valor para as áreas de negócios através de estudos e experimentos.","3"
"2023","desafio_gestor","Varejo","de 101 a 500","Reter talentos.","2"
"2023","desafio_gestor","Internet/Ecommerce","de 101 a 500","Gestão de projetos envolvendo áreas multidisciplinares da empresa.","2"
"2023","desafio_gestor","Área de Consultoria","Acima de 3.000","Gerenciar a expectativa das áreas de negócio em relação as entregas das equipes de dados.","2"
"2023","desafio_gestor","Setor de Energia","Acima de 3.000","Dividir o tempo entre entregas técnicas e gestão de pessoas.","2"
"2023","desafio_gestor","Área da Saúde","Acima de 3.000","Gestão de equipes no ambiente remoto.","2"
"2023","desafio_gestor","Setor Alimentício","de 51 a 100","Conseguir gerar valor para as áreas de negócios através de estudos e experimentos.","2"
"2023","desafio_gestor","Setor Imobiliário/ Construção Civil","Acima de 3.000","Garantir retorno do investimento (ROI) em projetos de dados.","2"
"2023","desafio_gestor","Internet/Ecommerce","de 1.001 a 3.000","Conseguir levar inovação para a empresa através dos dados.","2"
"2023","desafio_gestor","Telecomunicação","de 501 a 1.000","Conseguir levar inovação para a empresa através dos dados.","2"
"2023","desafio_gestor","Outra Opção","de 501 a 1.000","Organizar as informações e garantir a qualidade e confiabilidade.","2"
"2023","desafio_gestor","Educação","de 501 a 1.000","Dividir o tempo entre entregas técnicas e gestão de pessoas.","2"
"2023","desafio_gestor","Tecnologia/Fábrica de Software","de 1 a 5","em meio ao crescimento da empresa.","2"
"2023","desafio_gestor","Entretenimento ou Esportes","de 501 a 1.000","Gestão de projetos envolvendo áreas multidisciplinares da empresa.","2"
"2023","desafio_gestor","Área da Saúde","de 101 a 500","Gestão de projetos envolvendo áreas multidisciplinares da empresa.","2"
"2023","desafio_gestor","Outra Opção","de 101 a 500","Conseguir gerar valor para as áreas de negócios através de estudos e experimentos.","2"
"2023","desafio_gestor","Internet/Ecommerce","de 501 a 1.000","Convencer a empresa a aumentar os investimentos na área de dados.","2"
"2023","desafio_gestor","Educação","de 101 a 500","Contratar novos talentos.","2"
"2023","desafio_gestor","Setor Público","de 501 a 1.000","Dividir o tempo entre entregas técnicas e gestão de pessoas.","2"
"2023","desafio_gestor","Setor Alimentício","de 101 a 500","em meio ao crescimento da empresa.","2"
"2023","desafio_gestor","Varejo","de 101 a 500","Gerenciar a expectativa das áreas de negócio em relação as entregas das equipes de dados.","2"
"2023","desafio_gestor","Educação","de 101 a 500","Convencer a empresa a aumentar os investimentos na área de dados.","2"
"2023","desafio_gestor","Finanças ou Bancos","de 51 a 100","Dividir o tempo entre entregas técnicas e gestão de pessoas.","2"
"2023","desafio_gestor","Varejo","de 1.001 a 3.000","Contratar novos talentos.","2"
"2023","desafio_gestor","Marketing","de 501 a 1.000","Garantir a manutenção dos projetos e modelos em produção","2"
"2023","desafio_gestor","Seguros ou Previdência","de 101 a 500","Gerenciar a expectativa das áreas de negócio em relação as entregas das equipes de dados.","2"
"2023","desafio_gestor","Setor Imobiliário/ Construção Civil","de 1.001 a 3.000","Organizar as informações e garantir a qualidade e confiabilidade.","2"
"2023","desafio_gestor","Área da Saúde","de 51 a 100","Conseguir levar inovação para a empresa através dos dados.","2"
"2023","desafio_gestor","Tecnologia/Fábrica de Software","de 6 a 10","Organizar as informações e garantir a qualidade e confiabilidade.","2"
"2023","desafio_gestor","Indústria","de 501 a 1.000","Dividir o tempo entre entregas técnicas e gestão de pessoas.","2"
"2023","desafio_gestor","Educação","de 11 a 50","Gestão de projetos envolvendo áreas multidisciplinares da empresa.","2"
"2023","desafio_gestor","Área de Consultoria","Acima de 3.000","Garantir retorno do investimento (ROI) em projetos de dados.","2"
"2023","desafio_gestor","Área de Consultoria","de 51 a 100","Gerenciar a expectativa das áreas de negócio em relação as entregas das equipes de dados.","2"
"2023","desafio_gestor","Marketing","de 6 a 10","Gerenciar a expectativa das áreas de negócio em relação as entregas das equipes de dados.","2"
"2023","desafio_gestor","Área de Consultoria","de 11 a 50","Conseguir gerar valor para as áreas de negócios através de estudos e experimentos.","2"
"2023","desafio_gestor","Educação","de 1.001 a 3.000","Convencer a empresa a aumentar os investimentos na área de dados.","2"
"2023","desafio_gestor","Setor Público","de 1.001 a 3.000","Gerenciar a expectativa das áreas de negócio em relação as entregas das equipes de dados.","2"
"2023","desafio_gestor","Setor Público","de 501 a 1.000","Gestão de projetos envolvendo áreas multidisciplinares da empresa.","2"
"2023","desafio_gestor","Outra Opção","de 1.001 a 3.000","Garantir a manutenção dos projetos e modelos em produção","2"
"2023","desafio_gestor","Área de Consultoria","de 11 a 50","Garantir a manutenção dos projetos e modelos em produção","2"
"2023","desafio_gestor","Educação","Acima de 3.000","Gestão de projetos envolvendo áreas multidisciplinares da empresa.","2"
"2023","desafio_gestor","Varejo","de 501 a 1.000","Conseguir gerar valor para as áreas de negócios através de estudos e experimentos.","2"
"2023","desafio_gestor","Telecomunicação","Acima de 3.000","Gestão de equipes no ambiente remoto.","2"
"2023","desafio_gestor","Indústria","de 101 a 500","Organizar as informações e garantir a qualidade e confiabilidade.","2"
"2023","desafio_gestor","Área da Saúde","Acima de 3.000","Reter talentos.","2"
"2023","desafio_gestor","Setor Público","de 501 a 1.000","Organizar as informações e garantir a qualidade e confiabilidade.","2"
"2023","desafio_gestor","Outra Opção","de 101 a 500","Contratar novos talentos.","2"
"2023","desafio_gestor","Setor Farmaceutico","Acima de 3.000","Convencer a empresa a aumentar os investimentos na área de dados.","2"
"2023","desafio_gestor","Finanças ou Bancos","de 501 a 1.000","Conseguir levar inovação para a empresa através dos dados.","2"
"2023","desafio_gestor","Marketing","de 6 a 10","Conseguir levar inovação para a empresa através dos dados.","2"
"2023","desafio_gestor","Tecnologia/Fábrica de Software","de 6 a 10","Contratar novos talentos.","2"
"2023","desafio_gestor","Área de Consultoria","de 11 a 50","Conseguir levar inovação para a empresa através dos dados.","2"
"2023","desafio_gestor","Finanças ou Bancos","de 11 a 50","Desenvolver e manter modelos Machine Learning em produção.","2"
"2023","desafio_gestor","Varejo","de 101 a 500","Conseguir levar inovação para a empresa através dos dados.","2"
"2023","desafio_gestor","Educação","de 101 a 500","em meio ao crescimento da empresa.","2"
"2023","desafio_gestor","Educação","Acima de 3.000","Conseguir levar inovação para a empresa através dos dados.","2"
"2023","desafio_gestor","Educação","de 6 a 10","Garantir retorno do investimento (ROI) em projetos de dados.","2"
"2023","desafio_gestor","Área de Consultoria","de 1 a 5","Convencer a empresa a aumentar os investimentos na área de dados.","2"
"2023","desafio_gestor","Finanças ou Bancos","de 501 a 1.000","Garantir retorno do investimento (ROI) em projetos de dados.","2"
"2023","desafio_gestor","Finanças ou Bancos","de 501 a 1.000","Reter talentos.","2"
"2023","desafio_gestor","Marketing","de 11 a 50","Garantir retorno do investimento (ROI) em projetos de dados.","2"
"2023","desafio_gestor","Telecomunicação","de 101 a 500","Conseguir levar inovação para a empresa através dos dados.","2"
"2023","desafio_gestor","Setor Público","Acima de 3.000","Contratar novos talentos.","2"
"2023","desafio_gestor","Área de Consultoria","de 51 a 100","Garantir retorno do investimento (ROI) em projetos de dados.","2"
"2023","desafio_gestor","Outra Opção","de 101 a 500","Organizar as informações e garantir a qualidade e confiabilidade.","2"
"2023","desafio_gestor","Setor Alimentício","Acima de 3.000","Desenvolver e manter modelos Machine Learning em produção.","2"
"2023","desafio_gestor","Outra Opção","de 1.001 a 3.000","em meio ao crescimento da empresa.","2"
"2023","desafio_gestor","Varejo","de 101 a 500","Desenvolver e manter modelos Machine Learning em produção.","2"
"2023","desafio_gestor","Tecnologia/Fábrica de Software","de 6 a 10","Garantir retorno do investimento (ROI) em projetos de dados.","2"
"2023","desafio_gestor","Área de Consultoria","de 1.001 a 3.000","Conseguir levar inovação para a empresa através dos dados.","2"
"2023","desafio_gestor","Marketing","de 101 a 500","Reter talentos.","2"
"2023","desafio_gestor","Área de Consultoria","de 1.001 a 3.000","Reter talentos.","2"
"2023","desafio_gestor","Outra Opção","de 1 a 5","Dividir o tempo entre entregas técnicas e gestão de pessoas.","2"
"2023","desafio_gestor","Setor Automotivo","Acima de 3.000","em meio ao crescimento da empresa.","2"
"2023","desafio_gestor","Varejo","de 101 a 500","Dividir o tempo entre entregas técnicas e gestão de pessoas.","2"
"2023","desafio_gestor","Área de Consultoria","de 11 a 50","em meio ao crescimento da empresa.","2"
"2023","desafio_gestor","Varejo","de 501 a 1.000","Conseguir levar inovação para a empresa através dos dados.","2"
"2023","desafio_gestor","Marketing","de 51 a 100","Gestão de projetos envolvendo áreas multidisciplinares da empresa.","2"
"2023","desafio_gestor","Indústria","de 101 a 500","Gerenciar a expectativa das áreas de negócio em relação as entregas das equipes de dados.","2"
"2023","desafio_gestor","Marketing","de 101 a 500","Conseguir levar inovação para a empresa através dos dados.","2"
"2023","desafio_gestor","Outra Opção","de 1 a 5","Garantir retorno do investimento (ROI) em projetos de dados.","2"
"2023","desafio_gestor","Área da Saúde","de 1.001 a 3.000","Conseguir gerar valor para as áreas de negócios através de estudos e experimentos.","2"
"2023","desafio_gestor","Varejo","de 11 a 50","Conseguir gerar valor para as áreas de negócios através de estudos e experimentos.","2"
"2023","desafio_gestor","Outra Opção","de 101 a 500","Dividir o tempo entre entregas técnicas e gestão de pessoas.","2"
"2023","desafio_gestor","Área de Consultoria","de 1 a 5","Conseguir processar e armazenar um alto volume de dados.","2"
"2023","desafio_gestor","Agronegócios","Acima de 3.000","Dividir o tempo entre entregas técnicas e gestão de pessoas.","2"
"2023","desafio_gestor","Outra Opção","de 101 a 500","Gestão de projetos envolvendo áreas multidisciplinares da empresa.","2"
"2023","desafio_gestor","Setor Alimentício","de 101 a 500","Garantir retorno do investimento (ROI) em projetos de dados.","2"
"2023","desafio_gestor","Varejo","de 1.001 a 3.000","Desenvolver e manter modelos Machine Learning em produção.","2"
"2023","desafio_gestor","Tecnologia/Fábrica de Software","de 1 a 5","Organizar as informações e garantir a qualidade e confiabilidade.","2"
"2023","desafio_gestor","Educação","de 1 a 5","Conseguir gerar valor para as áreas de negócios através de estudos e experimentos.","2"
"2023","desafio_gestor","Outra Opção","de 501 a 1.000","Gerenciar a expectativa das áreas de negócio em relação as entregas das equipes de dados.","2"
"2023","desafio_gestor","Setor Automotivo","Acima de 3.000","Gerenciar a expectativa das áreas de negócio em relação as entregas das equipes de dados.","2"
"2023","desafio_gestor","Educação","de 51 a 100","Conseguir levar inovação para a empresa através dos dados.","2"
"2023","desafio_gestor","Finanças ou Bancos","de 51 a 100","Conseguir levar inovação para a empresa através dos dados.","2"
"2023","desafio_gestor","Varejo","de 1.001 a 3.000","Conseguir gerar valor para as áreas de negócios através de estudos e experimentos.","2"
"2023","desafio_gestor","Área da Saúde","de 501 a 1.000","Organizar as informações e garantir a qualidade e confiabilidade.","2"
"2023","desafio_gestor","Setor de Energia","Acima de 3.000","Organizar as informações e garantir a qualidade e confiabilidade.","2"
"2023","desafio_gestor","Educação","de 11 a 50","Conseguir gerar valor para as áreas de negócios através de estudos e experimentos.","2"
"2023","desafio_gestor","Tecnologia/Fábrica de Software","de 1 a 5","Reter talentos.","2"
"2023","desafio_gestor","Agronegócios","Acima de 3.000","Conseguir levar inovação para a empresa através dos dados.","2"
"2023","desafio_gestor","Varejo","de 11 a 50","Organizar as informações e garantir a qualidade e confiabilidade.","2"
"2023","desafio_gestor","Setor Público","Acima de 3.000","Desenvolver e manter modelos Machine Learning em produção.","2"
"2023","desafio_gestor","Seguros ou Previdência","de 101 a 500","Organizar as informações e garantir a qualidade e confiabilidade.","2"
"2023","desafio_gestor","Tecnologia/Fábrica de Software","de 1.001 a 3.000","em meio ao crescimento da empresa.","2"
"2023","desafio_gestor","Indústria","Acima de 3.000","Desenvolver e manter modelos Machine Learning em produção.","2"
"2023","desafio_gestor","Setor Público","de 101 a 500","Desenvolver e manter modelos Machine Learning em produção.","2"
"2023","desafio_gestor","Finanças ou Bancos","de 11 a 50","Gestão de projetos envolvendo áreas multidisciplinares da empresa.","2"
"2023","desafio_gestor","Varejo","de 1.001 a 3.000","Gerenciar a expectativa das áreas de negócio em relação as entregas das equipes de dados.","2"
"2023","desafio_gestor","Setor de Energia","Acima de 3.000","Garantir retorno do investimento (ROI) em projetos de dados.","2"
"2023","desafio_gestor","Área de Consultoria","de 11 a 50","Gestão de equipes no ambiente remoto.","2"
"2023","desafio_gestor","Finanças ou Bancos","de 101 a 500","Gestão de equipes no ambiente remoto.","2"
"2023","desafio_gestor","Área da Saúde","de 1.001 a 3.000","Dividir o tempo entre entregas técnicas e gestão de pessoas.","2"
"2023","desafio_gestor","Marketing","de 11 a 50","Gerenciar a expectativa das áreas de negócio em relação as entregas das equipes de dados.","2"
"2023","desafio_gestor","Educação","Acima de 3.000","Garantir a manutenção dos projetos e modelos em produção","2"
"2023","desafio_gestor","Área da Saúde","Acima de 3.000","Desenvolver e manter modelos Machine Learning em produção.","2"
"2023","desafio_gestor","Marketing","de 51 a 100","Convencer a empresa a aumentar os investimentos na área de dados.","2"
"2023","desafio_gestor","Internet/Ecommerce","de 501 a 1.000","Reter talentos.","2"
"2023","desafio_gestor","Educação","de 1.001 a 3.000","Organizar as informações e garantir a qualidade e confiabilidade.","2"
"2023","desafio_gestor","Marketing","de 501 a 1.000","Conseguir levar inovação para a empresa através dos dados.","2"
"2023","desafio_gestor","Setor Alimentício","de 101 a 500","Contratar novos talentos.","2"
"2023","desafio_gestor","Finanças ou Bancos","de 1.001 a 3.000","Dividir o tempo entre entregas técnicas e gestão de pessoas.","2"
"2023","desafio_gestor","Área da Saúde","de 11 a 50","Garantir a manutenção dos projetos e modelos em produção","2"
"2023","desafio_gestor","Área da Saúde","de 101 a 500","Gestão de equipes no ambiente remoto.","2"
"2023","desafio_gestor","Finanças ou Bancos","de 11 a 50","Conseguir levar inovação para a empresa através dos dados.","2"
"2023","desafio_gestor","Agronegócios","Acima de 3.000","Contratar novos talentos.","2"
"2023","desafio_gestor","Marketing","de 501 a 1.000","Conseguir gerar valor para as áreas de negócios através de estudos e experimentos.","2"
"2023","desafio_gestor","Filantropia/ONG's","de 101 a 500","Gerenciar a expectativa das áreas de negócio em relação as entregas das equipes de dados.","2"
"2023","desafio_gestor","Indústria","de 1.001 a 3.000","Conseguir levar inovação para a empresa através dos dados.","2"
"2023","desafio_gestor","Marketing","de 51 a 100","Organizar as informações e garantir a qualidade e confiabilidade.","2"
"2023","desafio_gestor","Setor Público","de 501 a 1.000","Conseguir levar inovação para a empresa através dos dados.","2"
"2023","desafio_gestor","Filantropia/ONG's","de 51 a 100","Convencer a empresa a aumentar os investimentos na área de dados.","2"
"2023","desafio_gestor","Setor de Energia","Acima de 3.000","Conseguir levar inovação para a empresa através dos dados.","2"
"2023","desafio_gestor","Tecnologia/Fábrica de Software","de 6 a 10","Conseguir levar inovação para a empresa através dos dados.","2"
"2023","desafio_gestor","Setor de Energia","de 101 a 500","Conseguir levar inovação para a empresa através dos dados.","2"
"2023","desafio_gestor","Varejo","de 11 a 50","Conseguir levar inovação para a empresa através dos dados.","2"
"2023","desafio_gestor","Setor Automotivo","Acima de 3.000","Garantir a manutenção dos projetos e modelos em produção","2"
"2023","desafio_gestor","Marketing","de 51 a 100","Reter talentos.","2"
"2023","desafio_gestor","Internet/Ecommerce","de 1.001 a 3.000","Conseguir gerar valor para as áreas de negócios através de estudos e experimentos.","2"
"2023","desafio_gestor","Telecomunicação","de 501 a 1.000","Conseguir gerar valor para as áreas de negócios através de estudos e experimentos.","2"
"2023","desafio_gestor","Setor Alimentício","de 101 a 500","Garantir a manutenção dos projetos e modelos em produção","2"
"2023","desafio_gestor","Setor Público","de 1.001 a 3.000","Convencer a empresa a aumentar os investimentos na área de dados.","2"
"2023","desafio_gestor","Educação","Acima de 3.000","em meio ao crescimento da empresa.","2"
"2023","desafio_gestor","Educação","de 11 a 50","Organizar as informações e garantir a qualidade e confiabilidade.","2"
"2023","desafio_gestor","Indústria","de 501 a 1.000","Organizar as informações e garantir a qualidade e confiabilidade.","2"
"2023","desafio_gestor","Varejo","de 1.001 a 3.000","Garantir retorno do investimento (ROI) em projetos de dados.","2"
"2023","desafio_gestor","Tecnologia/Fábrica de Software","de 6 a 10","em meio ao crescimento da empresa.","2"
"2023","desafio_gestor","Área da Saúde","de 501 a 1.000","Conseguir levar inovação para a empresa através dos dados.","2"
"2023","desafio_gestor","Indústria","de 501 a 1.000","Conseguir levar inovação para a empresa através dos dados.","2"
"2023","desafio_gestor","Finanças ou Bancos","de 51 a 100","Garantir retorno do investimento (ROI) em projetos de dados.","2"
"2023","desafio_gestor","Área de Consultoria","de 501 a 1.000","Organizar as informações e garantir a qualidade e confiabilidade.","2"
"2023","desafio_gestor","Área de Consultoria","de 11 a 50","Desenvolver e manter modelos Machine Learning em produção.","2"
"2023","desafio_gestor","Área da Saúde","de 1.001 a 3.000","Gerenciar a expectativa das áreas de negócio em relação as entregas das equipes de dados.","2"
"2023","desafio_gestor","Outra Opção","de 501 a 1.000","Conseguir gerar valor para as áreas de negócios através de estudos e experimentos.","2"
"2023","desafio_gestor","Educação","de 1.001 a 3.000","Gerenciar a expectativa das áreas de negócio em relação as entregas das equipes de dados.","2"
"2023","desafio_gestor","Internet/Ecommerce","Acima de 3.000","Gestão de projetos envolvendo áreas multidisciplinares da empresa.","2"
"2023","desafio_gestor","Internet/Ecommerce","de 501 a 1.000","Organizar as informações e garantir a qualidade e confiabilidade.","2"
"2023","desafio_gestor","Agronegócios","Acima de 3.000","Gestão de equipes no ambiente remoto.","2"
"2023","desafio_gestor","Setor Farmaceutico","Acima de 3.000","Conseguir gerar valor para as áreas de negócios através de estudos e experimentos.","2"
"2023","desafio_gestor","Tecnologia/Fábrica de Software","de 1 a 5","Dividir o tempo entre entregas técnicas e gestão de pessoas.","2"
"2023","desafio_gestor","Outra Opção","de 11 a 50","Convencer a empresa a aumentar os investimentos na área de dados.","2"
"2023","desafio_gestor","Setor Alimentício","Acima de 3.000","Contratar novos talentos.","2"
"2023","desafio_gestor","Telecomunicação","Acima de 3.000","Gestão de projetos envolvendo áreas multidisciplinares da empresa.","2"
"2023","desafio_gestor","Tecnologia/Fábrica de Software","de 101 a 500","Desenvolver e manter modelos Machine Learning em produção.","2"
"2023","desafio_gestor","Agronegócios","de 11 a 50","Dividir o tempo entre entregas técnicas e gestão de pessoas.","2"
"2023","desafio_gestor","Finanças ou Bancos","de 51 a 100","Gestão de projetos envolvendo áreas multidisciplinares da empresa.","2"
"2023","desafio_gestor","Outra Opção","de 501 a 1.000","Dividir o tempo entre entregas técnicas e gestão de pessoas.","2"
"2023","desafio_gestor","Finanças ou Bancos","de 11 a 50","Gerenciar a expectativa das áreas de negócio em relação as entregas das equipes de dados.","2"
"2023","desafio_gestor","Tecnologia/Fábrica de Software","de 1 a 5","Gestão de equipes no ambiente remoto.","2"
"2023","desafio_gestor","Área de Consultoria","de 11 a 50","Reter talentos.","2"
"2023","desafio_gestor","Tecnologia/Fábrica de Software","de 1 a 5","Garantir a manutenção dos projetos e modelos em produção","2"
"2023","desafio_gestor","Setor Público","de 1.001 a 3.000","Conseguir gerar valor para as áreas de negócios através de estudos e experimentos.","2"
"2023","desafio_gestor","Tecnologia/Fábrica de Software","de 51 a 100","Reter talentos.","2"
"2023","desafio_gestor","Setor Imobiliário/ Construção Civil","Acima de 3.000","Dividir o tempo entre entregas técnicas e gestão de pessoas.","2"
"2023","desafio_gestor","Tecnologia/Fábrica de Software","de 6 a 10","Desenvolver e manter modelos Machine Learning em produção.","2"
"2023","desafio_gestor","Internet/Ecommerce","de 1.001 a 3.000","Organizar as informações e garantir a qualidade e confiabilidade.","2"
"2023","desafio_gestor","Tecnologia/Fábrica de Software","de 1.001 a 3.000","Garantir a manutenção dos projetos e modelos em produção","2"
"2023","desafio_gestor","Área de Consultoria","de 11 a 50","Organizar as informações e garantir a qualidade e confiabilidade.","2"
"2023","desafio_gestor","Setor Público","de 501 a 1.000","Conseguir processar e armazenar um alto volume de dados.","2"
"2023","desafio_gestor","Outra Opção","Acima de 3.000","em meio ao crescimento da empresa.","2"
"2023","desafio_gestor","Finanças ou Bancos","de 1.001 a 3.000","Contratar novos talentos.","2"
"2023","desafio_gestor","Educação","de 501 a 1.000","Conseguir levar inovação para a empresa através dos dados.","2"
"2023","desafio_gestor","Tecnologia/Fábrica de Software","Acima de 3.000","Desenvolver e manter modelos Machine Learning em produção.","2"
"2023","desafio_gestor","Área de Consultoria","de 501 a 1.000","Conseguir levar inovação para a empresa através dos dados.","2"
"2023","desafio_gestor","Setor Imobiliário/ Construção Civil","Acima de 3.000","Organizar as informações e garantir a qualidade e confiabilidade.","2"
"2023","desafio_gestor","Área da Saúde","de 501 a 1.000","Gestão de projetos envolvendo áreas multidisciplinares da empresa.","2"
"2023","desafio_gestor","Educação","de 101 a 500","Garantir a manutenção dos projetos e modelos em produção","2"
"2023","desafio_gestor","Tecnologia/Fábrica de Software","de 1.001 a 3.000","Reter talentos.","2"
"2023","desafio_gestor","Marketing","de 11 a 50","Garantir a manutenção dos projetos e modelos em produção","2"
"2023","desafio_gestor","Outra Opção","de 51 a 100","Organizar as informações e garantir a qualidade e confiabilidade.","2"
"2023","desafio_gestor","Educação","Acima de 3.000","Reter talentos.","2"
"2023","desafio_gestor","Finanças ou Bancos","de 11 a 50","Convencer a empresa a aumentar os investimentos na área de dados.","2"
"2023","desafio_gestor","Tecnologia/Fábrica de Software","de 6 a 10","Gerenciar a expectativa das áreas de negócio em relação as entregas das equipes de dados.","2"
"2023","desafio_gestor","Outra Opção","Acima de 3.000","Garantir a manutenção dos projetos e modelos em produção","2"
"2023","desafio_gestor","Marketing","de 501 a 1.000","em meio ao crescimento da empresa.","2"
"2023","desafio_gestor","Área da Saúde","de 11 a 50","Gestão de projetos envolvendo áreas multidisciplinares da empresa.","2"
"2023","desafio_gestor","Telecomunicação","Acima de 3.000","Dividir o tempo entre entregas técnicas e gestão de pessoas.","2"
"2023","desafio_gestor","Marketing","de 11 a 50","em meio ao crescimento da empresa.","2"
"2023","desafio_gestor","Finanças ou Bancos","de 101 a 500","Desenvolver e manter modelos Machine Learning em produção.","2"
"2023","desafio_gestor","Setor Alimentício","de 101 a 500","Conseguir levar inovação para a empresa através dos dados.","2"
"2023","desafio_gestor","Telecomunicação","de 101 a 500","Garantir retorno do investimento (ROI) em projetos de dados.","2"
"2023","desafio_gestor","Marketing","de 101 a 500","Gerenciar a expectativa das áreas de negócio em relação as entregas das equipes de dados.","2"
"2023","desafio_gestor","Outra Opção","de 101 a 500","Desenvolver e manter modelos Machine Learning em produção.","2"
"2023","desafio_gestor","Setor Automotivo","Acima de 3.000","Conseguir levar inovação para a empresa através dos dados.","2"
"2023","desafio_gestor","Finanças ou Bancos","de 501 a 1.000","Desenvolver e manter modelos Machine Learning em produção.","2"
"2023","desafio_gestor","Área da Saúde","de 11 a 50","Gerenciar a expectativa das áreas de negócio em relação as entregas das equipes de dados.","2"
"2023","desafio_gestor","Tecnologia/Fábrica de Software","de 1 a 5","Convencer a empresa a aumentar os investimentos na área de dados.","2"
"2023","desafio_gestor","Tecnologia/Fábrica de Software","de 6 a 10","Garantir a manutenção dos projetos e modelos em produção","2"
"2023","desafio_gestor","Setor Público","de 501 a 1.000","Gerenciar a expectativa das áreas de negócio em relação as entregas das equipes de dados.","2"
"2023","desafio_gestor","Setor Público","de 1.001 a 3.000","Organizar as informações e garantir a qualidade e confiabilidade.","2"
"2023","desafio_gestor","Finanças ou Bancos","de 51 a 100","Conseguir gerar valor para as áreas de negócios através de estudos e experimentos.","2"
"2023","desafio_gestor","Área da Saúde","de 11 a 50","em meio ao crescimento da empresa.","2"
"2023","desafio_gestor","Finanças ou Bancos","de 11 a 50","Conseguir gerar valor para as áreas de negócios através de estudos e experimentos.","2"
"2023","desafio_gestor","Setor Alimentício","de 6 a 10","Conseguir gerar valor para as áreas de negócios através de estudos e experimentos.","2"
"2023","desafio_gestor","Área de Consultoria","de 1 a 5","Gestão de projetos envolvendo áreas multidisciplinares da empresa.","2"
"2023","desafio_gestor","Outra Opção","de 101 a 500","Convencer a empresa a aumentar os investimentos na área de dados.","2"
"2023","desafio_gestor","Agronegócios","de 101 a 500","Gerenciar a expectativa das áreas de negócio em relação as entregas das equipes de dados.","2"
"2023","desafio_gestor","Setor Imobiliário/ Construção Civil","de 1.001 a 3.000","Gerenciar a expectativa das áreas de negócio em relação as entregas das equipes de dados.","1"
"2023","desafio_gestor","Área da Saúde","de 11 a 50","Organizar as informações e garantir a qualidade e confiabilidade.","1"
"2023","desafio_gestor","Agronegócios","de 6 a 10","Gerenciar a expectativa das áreas de negócio em relação as entregas das equipes de dados.","1"
"2023","desafio_gestor","Varejo","de 51 a 100","Conseguir gerar valor para as áreas de negócios através de estudos e experimentos.","1"
"2023","desafio_gestor","Educação","de 11 a 50","Dividir o tempo entre entregas técnicas e gestão de pessoas.","1"
"2023","desafio_gestor","Outra Opção","de 501 a 1.000","Reter talentos.","1"
"2023","desafio_gestor","Finanças ou Bancos","de 501 a 1.000","em meio ao crescimento da empresa.","1"
"2023","desafio_gestor","Telecomunicação","de 101 a 500","Convencer a empresa a aumentar os investimentos na área de dados.","1"
"2023","desafio_gestor","Setor Alimentício","de 101 a 500","Conseguir gerar valor para as áreas de negócios através de estudos e experimentos.","1"
"2023","desafio_gestor","Educação","de 1 a 5","Gerenciar a expectativa das áreas de negócio em relação as entregas das equipes de dados.","1"
"2023","desafio_gestor","Finanças ou Bancos","de 1 a 5","Gerenciar a expectativa das áreas de negócio em relação as entregas das equipes de dados.","1"
"2023","desafio_gestor","Área de Consultoria","de 6 a 10","em meio ao crescimento da empresa.","1"
"2023","desafio_gestor","Finanças ou Bancos","de 1.001 a 3.000","Reter talentos.","1"
"2023","desafio_gestor","Setor Farmaceutico","Acima de 3.000","Garantir retorno do investimento (ROI) em projetos de dados.","1"
"2023","desafio_gestor","Internet/Ecommerce","de 1.001 a 3.000","Mostrar o valor das entregas da área de dados para a área de negocio e trazer mais protagonismo pro time","1"
"2023","desafio_gestor","Filantropia/ONG's","de 101 a 500","em meio ao crescimento da empresa.","1"
"2023","desafio_gestor","Entretenimento ou Esportes","de 6 a 10","Garantir a manutenção dos projetos e modelos em produção","1"
"2023","desafio_gestor","Setor Imobiliário/ Construção Civil","Acima de 3.000","Convencer a empresa a aumentar os investimentos na área de dados.","1"
"2023","desafio_gestor","Seguros ou Previdência","de 101 a 500","Conseguir gerar valor para as áreas de negócios através de estudos e experimentos.","1"
"2023","desafio_gestor","Agronegócios","de 101 a 500","Desenvolver e manter modelos Machine Learning em produção.","1"
"2023","desafio_gestor","Setor Público","de 101 a 500","Reter talentos.","1"
"2023","desafio_gestor","Internet/Ecommerce","de 101 a 500","Gestão de equipes no ambiente remoto.","1"
"2023","desafio_gestor","Marketing","de 1 a 5","Conseguir gerar valor para as áreas de negócios através de estudos e experimentos.","1"
"2023","desafio_gestor","Educação","de 11 a 50","Gestão de equipes no ambiente remoto.","1"
"2023","desafio_gestor","Telecomunicação","de 501 a 1.000","Gerenciar a expectativa das áreas de negócio em relação as entregas das equipes de dados.","1"
"2023","desafio_gestor","Setor Imobiliário/ Construção Civil","de 1.001 a 3.000","Reter talentos.","1"
"2023","desafio_gestor","Área de Consultoria","de 6 a 10","Contratar novos talentos.","1"
"2023","desafio_gestor","Varejo","de 51 a 100","Contratar novos talentos.","1"
"2023","desafio_gestor","Varejo","de 501 a 1.000","Gestão de projetos envolvendo áreas multidisciplinares da empresa.","1"
"2023","desafio_gestor","Marketing","de 101 a 500","Gestão de equipes no ambiente remoto.","1"
"2023","desafio_gestor","Setor Automotivo","Acima de 3.000","Garantir retorno do investimento (ROI) em projetos de dados.","1"
"2023","desafio_gestor","Setor Farmaceutico","de 101 a 500","Organizar as informações e garantir a qualidade e confiabilidade.","1"
"2023","desafio_gestor","Telecomunicação","de 101 a 500","em meio ao crescimento da empresa.","1"
"2023","desafio_gestor","Setor Automotivo","de 501 a 1.000","Contratar novos talentos.","1"
"2023","desafio_gestor","Setor de Energia","de 101 a 500","Convencer a empresa a aumentar os investimentos na área de dados.","1"
"2023","desafio_gestor","Setor Alimentício","de 1 a 5","Conseguir levar inovação para a empresa através dos dados.","1"
"2023","desafio_gestor","Setor Público","de 1.001 a 3.000","Contratar novos talentos.","1"
"2023","desafio_gestor","Setor Imobiliário/ Construção Civil","de 501 a 1.000","Organizar as informações e garantir a qualidade e confiabilidade.","1"
"2023","desafio_gestor","Marketing","Acima de 3.000","Conseguir gerar valor para as áreas de negócios através de estudos e experimentos.","1"
"2023","desafio_gestor","Internet/Ecommerce","de 501 a 1.000","Garantir retorno do investimento (ROI) em projetos de dados.","1"
"2023","desafio_gestor","Tecnologia/Fábrica de Software","de 501 a 1.000","Conseguir processar e armazenar um alto volume de dados.","1"
"2023","desafio_gestor","Outra Opção","de 1 a 5","Gestão de projetos envolvendo áreas multidisciplinares da empresa.","1"
"2023","desafio_gestor","Indústria","de 501 a 1.000","Gerenciar a expectativa das áreas de negócio em relação as entregas das equipes de dados.","1"
"2023","desafio_gestor","Área de Consultoria","de 6 a 10","Reter talentos.","1"
"2023","desafio_gestor","Área de Consultoria","de 51 a 100","Organizar as informações e garantir a qualidade e confiabilidade.","1"
"2023","desafio_gestor","Filantropia/ONG's","de 51 a 100","Dividir o tempo entre entregas técnicas e gestão de pessoas.","1"
"2023","desafio_gestor","Outra Opção","de 101 a 500","Conseguir levar inovação para a empresa através dos dados.","1"
"2023","desafio_gestor","Educação","de 11 a 50","Contratar novos talentos.","1"
"2023","desafio_gestor","Setor Público","Acima de 3.000","em meio ao crescimento da empresa.","1"
"2023","desafio_gestor","Setor Público","de 6 a 10","Gestão de equipes no ambiente remoto.","1"
"2023","desafio_gestor","Internet/Ecommerce","Acima de 3.000","em meio ao crescimento da empresa.","1"
"2023","desafio_gestor","Setor Imobiliário/ Construção Civil","Acima de 3.000","Conseguir processar e armazenar um alto volume de dados.","1"
"2023","desafio_gestor","Telecomunicação","de 51 a 100","Dividir o tempo entre entregas técnicas e gestão de pessoas.","1"
"2023","desafio_gestor","Setor Automotivo","de 501 a 1.000","Desenvolver e manter modelos Machine Learning em produção.","1"
"2023","desafio_gestor","Telecomunicação","de 501 a 1.000","Contratar novos talentos.","1"
"2023","desafio_gestor","Educação","de 1.001 a 3.000","Gestão de projetos envolvendo áreas multidisciplinares da empresa.","1"
"2023","desafio_gestor","Agronegócios","de 11 a 50","Conseguir levar inovação para a empresa através dos dados.","1"
"2023","desafio_gestor","Varejo","de 51 a 100","Organizar as informações e garantir a qualidade e confiabilidade.","1"
"2023","desafio_gestor","Seguros ou Previdência","Acima de 3.000","Garantir retorno do investimento (ROI) em projetos de dados.","1"
"2023","desafio_gestor","Varejo","de 501 a 1.000","Contratar novos talentos.","1"
"2023","desafio_gestor","Varejo","de 1.001 a 3.000","Garantir a manutenção dos projetos e modelos em produção","1"
"2023","desafio_gestor","Filantropia/ONG's","de 51 a 100","Conseguir levar inovação para a empresa através dos dados.","1"
"2023","desafio_gestor","Educação","de 11 a 50","Engajar gestores nos projetos certo","1"
"2023","desafio_gestor","Educação","de 1.001 a 3.000","Conseguir gerar valor para as áreas de negócios através de estudos e experimentos.","1"
"2023","desafio_gestor","Setor Público","de 6 a 10","Organizar as informações e garantir a qualidade e confiabilidade.","1"
"2023","desafio_gestor","Setor Automotivo","de 501 a 1.000","em meio ao crescimento da empresa.","1"
"2023","desafio_gestor","Outra Opção","Acima de 3.000","Desenvolver e manter modelos Machine Learning em produção.","1"
"2023","desafio_gestor","Setor Público","de 501 a 1.000","Conseguir gerar valor para as áreas de negócios através de estudos e experimentos.","1"
"2023","desafio_gestor","Setor Automotivo","de 501 a 1.000","Reter talentos.","1"
"2023","desafio_gestor","Outra Opção","de 501 a 1.000","Conseguir processar e armazenar um alto volume de dados.","1"
"2023","desafio_gestor","Área de Consultoria","de 501 a 1.000","Gestão de projetos envolvendo áreas multidisciplinares da empresa.","1"
"2023","desafio_gestor","Entretenimento ou Esportes","Acima de 3.000","Gerenciar a expectativa das áreas de negócio em relação as entregas das equipes de dados.","1"
"2023","desafio_gestor","Área da Saúde","de 51 a 100","Gestão de equipes no ambiente remoto.","1"
"2023","desafio_gestor","Telecomunicação","de 501 a 1.000","Organizar as informações e garantir a qualidade e confiabilidade.","1"
"2023","desafio_gestor","Agronegócios","de 51 a 100","Organizar as informações e garantir a qualidade e confiabilidade.","1"
"2023","desafio_gestor","Agronegócios","de 11 a 50","em meio ao crescimento da empresa.","1"
"2023","desafio_gestor","Outra Opção","de 51 a 100","Gestão de projetos envolvendo áreas multidisciplinares da empresa.","1"
"2023","desafio_gestor","Finanças ou Bancos","Acima de 3.000","Liderar o time que promove a autonomia para as áreas de negócio na plataforma de dados.","1"
"2023","desafio_gestor","Outra Opção","de 1.001 a 3.000","Conseguir levar inovação para a empresa através dos dados.","1"
"2023","desafio_gestor","Setor Farmaceutico","Acima de 3.000","Conseguir levar inovação para a empresa através dos dados.","1"
"2023","desafio_gestor","Marketing","de 501 a 1.000","Contratar novos talentos.","1"
"2023","desafio_gestor","Seguros ou Previdência","Acima de 3.000","Reter talentos.","1"
"2023","desafio_gestor","Indústria","de 51 a 100","Gestão de projetos envolvendo áreas multidisciplinares da empresa.","1"
"2023","desafio_gestor","Outra Opção","de 1.001 a 3.000","Contratar novos talentos.","1"
"2023","desafio_gestor","Internet/Ecommerce","de 1.001 a 3.000","Gerenciar a expectativa das áreas de negócio em relação as entregas das equipes de dados.","1"
"2023","desafio_gestor","Finanças ou Bancos","de 501 a 1.000","Garantir a manutenção dos projetos e modelos em produção","1"
"2023","desafio_gestor","Setor Alimentício","de 6 a 10","Organizar as informações e garantir a qualidade e confiabilidade.","1"
"2023","desafio_gestor","Tecnologia/Fábrica de Software","de 51 a 100","Contratar novos talentos.","1"
"2023","desafio_gestor","Telecomunicação","de 1.001 a 3.000","Conseguir levar inovação para a empresa através dos dados.","1"
"2023","desafio_gestor","Varejo","de 101 a 500","Conseguir gerar valor para as áreas de negócios através de estudos e experimentos.","1"
"2023","desafio_gestor","Telecomunicação","de 101 a 500","Organizar as informações e garantir a qualidade e confiabilidade.","1"
"2023","desafio_gestor","Setor Imobiliário/ Construção Civil","de 51 a 100","Organizar as informações e garantir a qualidade e confiabilidade.","1"
"2023","desafio_gestor","Educação","de 6 a 10","Reter talentos.","1"
"2023","desafio_gestor","Área da Saúde","de 501 a 1.000","Garantir retorno do investimento (ROI) em projetos de dados.","1"
"2023","desafio_gestor","Filantropia/ONG's","de 101 a 500","Gestão de projetos envolvendo áreas multidisciplinares da empresa.","1"
"2023","desafio_gestor","Internet/Ecommerce","de 1.001 a 3.000","Gestão de projetos envolvendo áreas multidisciplinares da empresa.","1"
"2023","desafio_gestor","Área da Saúde","de 501 a 1.000","Apresentar  solução onde já necessidade de mudança de cultura em rotinas interna .","1"
"2023","desafio_gestor","Outra Opção","de 1 a 5","Conseguir gerar valor para as áreas de negócios através de estudos e experimentos.","1"
"2023","desafio_gestor","Área de Consultoria","de 6 a 10","Garantir a manutenção dos projetos e modelos em produção","1"
"2023","desafio_gestor","Educação","de 51 a 100","Convencer a empresa a aumentar os investimentos na área de dados.","1"
"2023","desafio_gestor","Entretenimento ou Esportes","de 51 a 100","Dividir o tempo entre entregas técnicas e gestão de pessoas.","1"
"2023","desafio_gestor","Setor Imobiliário/ Construção Civil","de 11 a 50","Gestão de projetos envolvendo áreas multidisciplinares da empresa.","1"
"2023","desafio_gestor","Internet/Ecommerce","de 101 a 500","Garantir retorno do investimento (ROI) em projetos de dados.","1"
"2023","desafio_gestor","Internet/Ecommerce","Acima de 3.000","Reter talentos.","1"
"2023","desafio_gestor","Varejo","de 1.001 a 3.000","em meio ao crescimento da empresa.","1"
"2023","desafio_gestor","Entretenimento ou Esportes","de 51 a 100","Gestão de equipes no ambiente remoto.","1"
"2023","desafio_gestor","Varejo","de 11 a 50","Outro","1"
"2023","desafio_gestor","Internet/Ecommerce","Acima de 3.000","Garantir retorno do investimento (ROI) em projetos de dados.","1"
"2023","desafio_gestor","Educação","de 501 a 1.000","Garantir retorno do investimento (ROI) em projetos de dados.","1"
"2023","desafio_gestor","Área de Consultoria","de 51 a 100","Conseguir gerar valor para as áreas de negócios através de estudos e experimentos.","1"
"2023","desafio_gestor","Telecomunicação","Acima de 3.000","Desenvolver e manter modelos Machine Learning em produção.","1"
"2023","desafio_gestor","Telecomunicação","Acima de 3.000","Convencer a empresa a aumentar os investimentos na área de dados.","1"
"2023","desafio_gestor","Setor Público","de 101 a 500","Gerenciar a expectativa das áreas de negócio em relação as entregas das equipes de dados.","1"
"2023","desafio_gestor","Educação","de 501 a 1.000","Reter talentos.","1"
"2023","desafio_gestor","Agronegócios","de 51 a 100","Garantir a manutenção dos projetos e modelos em produção","1"
"2023","desafio_gestor","Varejo","de 51 a 100","Conseguir levar inovação para a empresa através dos dados.","1"
"2023","desafio_gestor","Indústria","de 1 a 5","Gerenciar a expectativa das áreas de negócio em relação as entregas das equipes de dados.","1"
"2023","desafio_gestor","Agronegócios","de 51 a 100","Dividir o tempo entre entregas técnicas e gestão de pessoas.","1"
"2023","desafio_gestor","Marketing","de 101 a 500","Convencer a empresa a aumentar os investimentos na área de dados.","1"
"2023","desafio_gestor","Outra Opção","de 11 a 50","Gestão de equipes no ambiente remoto.","1"
"2023","desafio_gestor","Marketing","de 11 a 50","Convencer a empresa a aumentar os investimentos na área de dados.","1"
"2023","desafio_gestor","Setor Público","de 6 a 10","Conseguir gerar valor para as áreas de negócios através de estudos e experimentos.","1"
"2023","desafio_gestor","Internet/Ecommerce","de 101 a 500","Convencer a empresa a aumentar os investimentos na área de dados.","1"
"2023","desafio_gestor","Setor Público","de 101 a 500","em meio ao crescimento da empresa.","1"
"2023","desafio_gestor","Setor Imobiliário/ Construção Civil","de 101 a 500","Conseguir processar e armazenar um alto volume de dados.","1"
"2023","desafio_gestor","Educação","de 101 a 500","Gerenciar a expectativa das áreas de negócio em relação as entregas das equipes de dados.","1"
"2023","desafio_gestor","Educação","de 51 a 100","Gestão de projetos envolvendo áreas multidisciplinares da empresa.","1"
"2023","desafio_gestor","Internet/Ecommerce","de 51 a 100","Convencer a empresa a aumentar os investimentos na área de dados.","1"
"2023","desafio_gestor","Entretenimento ou Esportes","Acima de 3.000","Organizar as informações e garantir a qualidade e confiabilidade.","1"
"2023","desafio_gestor","Agronegócios","de 6 a 10","Dividir o tempo entre entregas técnicas e gestão de pessoas.","1"
"2023","desafio_gestor","Seguros ou Previdência","de 101 a 500","Convencer a empresa a aumentar os investimentos na área de dados.","1"
"2023","desafio_gestor","Área de Consultoria","de 6 a 10","Gestão de projetos envolvendo áreas multidisciplinares da empresa.","1"
"2023","desafio_gestor","Área da Saúde","de 1.001 a 3.000","Conseguir levar inovação para a empresa através dos dados.","1"
"2023","desafio_gestor","Outra Opção","de 1.001 a 3.000","Gestão de equipes no ambiente remoto.","1"
"2023","desafio_gestor","Área da Saúde","de 1.001 a 3.000","Organizar as informações e garantir a qualidade e confiabilidade.","1"
"2023","desafio_gestor","Marketing","de 501 a 1.000","Gerenciar a expectativa das áreas de negócio em relação as entregas das equipes de dados.","1"
"2023","desafio_gestor","Educação","de 101 a 500","Desenvolver e manter modelos Machine Learning em produção.","1"
"2023","desafio_gestor","Entretenimento ou Esportes","de 501 a 1.000","Garantir retorno do investimento (ROI) em projetos de dados.","1"
"2023","desafio_gestor","Seguros ou Previdência","de 501 a 1.000","Dividir o tempo entre entregas técnicas e gestão de pessoas.","1"
"2023","desafio_gestor","Marketing","de 11 a 50","Conseguir levar inovação para a empresa através dos dados.","1"
"2023","desafio_gestor","Educação","de 1.001 a 3.000","Dividir o tempo entre entregas técnicas e gestão de pessoas.","1"
"2023","desafio_gestor","Varejo","de 101 a 500","em meio ao crescimento da empresa.","1"
"2023","desafio_gestor","Marketing","de 101 a 500","Garantir a manutenção dos projetos e modelos em produção","1"
"2023","desafio_gestor","Entretenimento ou Esportes","de 101 a 500","Reter talentos.","1"
"2023","desafio_gestor","Marketing","de 501 a 1.000","Convencer a empresa a aumentar os investimentos na área de dados.","1"
"2023","desafio_gestor","Entretenimento ou Esportes","de 101 a 500","Conseguir levar inovação para a empresa através dos dados.","1"
"2023","desafio_gestor","Outra Opção","de 1 a 5","Conseguir levar inovação para a empresa através dos dados.","1"
"2023","desafio_gestor","Internet/Ecommerce","de 501 a 1.000","Gerenciar a expectativa das áreas de negócio em relação as entregas das equipes de dados.","1"
"2023","desafio_gestor","Educação","de 501 a 1.000","em meio ao crescimento da empresa.","1"
"2023","desafio_gestor","Setor Imobiliário/ Construção Civil","de 1.001 a 3.000","NA","1"
"2023","desafio_gestor","Setor Alimentício","de 51 a 100","Convencer a empresa a aumentar os investimentos na área de dados.","1"
"2023","desafio_gestor","Finanças ou Bancos","de 51 a 100","Convencer a empresa a aumentar os investimentos na área de dados.","1"
"2023","desafio_gestor","Área de Consultoria","Acima de 3.000","Gestão de projetos envolvendo áreas multidisciplinares da empresa.","1"
"2023","desafio_gestor","Setor Público","de 6 a 10","Garantir retorno do investimento (ROI) em projetos de dados.","1"
"2023","desafio_gestor","Área de Consultoria","de 101 a 500","Reter talentos.","1"
"2023","desafio_gestor","Área da Saúde","de 51 a 100","Garantir retorno do investimento (ROI) em projetos de dados.","1"
"2023","desafio_gestor","Setor Automotivo","de 501 a 1.000","Dividir o tempo entre entregas técnicas e gestão de pessoas.","1"
"2023","desafio_gestor","Área da Saúde","Acima de 3.000","Conseguir processar e armazenar um alto volume de dados.","1"
"2023","desafio_gestor","Finanças ou Bancos","de 11 a 50","Gestão de equipes no ambiente remoto.","1"
"2023","desafio_gestor","Varejo","de 11 a 50","Gerenciar a expectativa das áreas de negócio em relação as entregas das equipes de dados.","1"
"2023","desafio_gestor","Seguros ou Previdência","de 101 a 500","NULL","1"
"2023","desafio_gestor","Internet/Ecommerce","de 501 a 1.000","Conseguir gerar valor para as áreas de negócios através de estudos e experimentos.","1"
"2023","desafio_gestor","Setor de Energia","Acima de 3.000","Garantir a manutenção dos projetos e modelos em produção","1"
"2023","desafio_gestor","Marketing","de 51 a 100","Contratar novos talentos.","1"
"2023","desafio_gestor","Setor Imobiliário/ Construção Civil","de 501 a 1.000","Conseguir levar inovação para a empresa através dos dados.","1"
"2023","desafio_gestor","Internet/Ecommerce","Acima de 3.000","Contratar novos talentos.","1"
"2023","desafio_gestor","Outra Opção","de 11 a 50","Conseguir gerar valor para as áreas de negócios através de estudos e experimentos.","1"
"2023","desafio_gestor","Educação","de 1 a 5","Organizar as informações e garantir a qualidade e confiabilidade.","1"
"2023","desafio_gestor","Área da Saúde","Acima de 3.000","em meio ao crescimento da empresa.","1"
"2023","desafio_gestor","Setor Público","de 6 a 10","Dividir o tempo entre entregas técnicas e gestão de pessoas.","1"
"2023","desafio_gestor","Finanças ou Bancos","de 11 a 50","Organizar as informações e garantir a qualidade e confiabilidade.","1"
"2023","desafio_gestor","Área de Consultoria","de 51 a 100","Gestão de pessoas","1"
"2023","desafio_gestor","Telecomunicação","de 501 a 1.000","Reter talentos.","1"
"2023","desafio_gestor","Marketing","Acima de 3.000","Gerenciar a expectativa das áreas de negócio em relação as entregas das equipes de dados.","1"
"2023","desafio_gestor","Educação","de 1.001 a 3.000","Conseguir levar inovação para a empresa através dos dados.","1"
"2023","desafio_gestor","Área da Saúde","de 51 a 100","Gerenciar a expectativa das áreas de negócio em relação as entregas das equipes de dados.","1"
"2023","desafio_gestor","Área de Consultoria","de 1.001 a 3.000","Garantir retorno do investimento (ROI) em projetos de dados.","1"
"2023","desafio_gestor","Educação","de 501 a 1.000","Organizar as informações e garantir a qualidade e confiabilidade.","1"
"2023","desafio_gestor","Entretenimento ou Esportes","de 6 a 10","em meio ao crescimento da empresa.","1"
"2023","desafio_gestor","Educação","de 101 a 500","Reter talentos.","1"
"2023","desafio_gestor","Entretenimento ou Esportes","de 101 a 500","Contratar novos talentos.","1"
"2023","desafio_gestor","Telecomunicação","de 101 a 500","Garantir a manutenção dos projetos e modelos em produção","1"
"2023","desafio_gestor","Educação","Acima de 3.000","Conseguir processar e armazenar um alto volume de dados.","1"
"2023","desafio_gestor","Internet/Ecommerce","Acima de 3.000","Convencer a empresa a aumentar os investimentos na área de dados.","1"
"2023","desafio_gestor","Setor de Energia","de 501 a 1.000","Dividir o tempo entre entregas técnicas e gestão de pessoas.","1"
"2023","desafio_gestor","Internet/Ecommerce","de 1 a 5","Gestão de equipes no ambiente remoto.","1"
"2023","desafio_gestor","Agronegócios","de 11 a 50","Organizar as informações e garantir a qualidade e confiabilidade.","1"
"2023","desafio_gestor","Área da Saúde","de 101 a 500","Dividir o tempo entre entregas técnicas e gestão de pessoas.","1"
"2023","desafio_gestor","Setor de Energia","de 101 a 500","Gestão de projetos envolvendo áreas multidisciplinares da empresa.","1"
"2023","desafio_gestor","Setor de Energia","Acima de 3.000","Conseguir gerar valor para as áreas de negócios através de estudos e experimentos.","1"
"2023","desafio_gestor","Setor Automotivo","Acima de 3.000","Convencer a empresa a aumentar os investimentos na área de dados.","1"
"2023","desafio_gestor","Área de Consultoria","de 6 a 10","Conseguir gerar valor para as áreas de negócios através de estudos e experimentos.","1"
"2023","desafio_gestor","Finanças ou Bancos","de 501 a 1.000","Gestão de equipes no ambiente remoto.","1"
"2023","desafio_gestor","Marketing","de 6 a 10","Conseguir gerar valor para as áreas de negócios através de estudos e experimentos.","1"
"2023","desafio_gestor","Filantropia/ONG's","de 101 a 500","Garantir a manutenção dos projetos e modelos em produção","1"
"2023","desafio_gestor","Varejo","de 1.001 a 3.000","Gestão de projetos envolvendo áreas multidisciplinares da empresa.","1"
"2023","desafio_gestor","Setor Automotivo","de 501 a 1.000","Garantir a manutenção dos projetos e modelos em produção","1"
"2023","desafio_gestor","Outra Opção","Acima de 3.000","Gestão de equipes no ambiente remoto.","1"
"2023","desafio_gestor","Telecomunicação","de 501 a 1.000","Dividir o tempo entre entregas técnicas e gestão de pessoas.","1"
"2023","desafio_gestor","Setor Alimentício","de 1 a 5","Convencer a empresa a aumentar os investimentos na área de dados.","1"
"2023","desafio_gestor","Agronegócios","de 1.001 a 3.000","Gerenciar a expectativa das áreas de negócio em relação as entregas das equipes de dados.","1"
"2023","desafio_gestor","Setor de Energia","Acima de 3.000","Gerenciar a expectativa das áreas de negócio em relação as entregas das equipes de dados.","1"
"2023","desafio_gestor","Setor Alimentício","de 51 a 100","Organizar as informações e garantir a qualidade e confiabilidade.","1"
"2023","desafio_gestor","Varejo","de 11 a 50","Gestão de equipes no ambiente remoto.","1"
"2023","desafio_gestor","Setor Imobiliário/ Construção Civil","de 1 a 5","Contratar novos talentos.","1"
"2023","desafio_gestor","Setor Alimentício","de 101 a 500","Conseguir processar e armazenar um alto volume de dados.","1"
"2023","desafio_gestor","Educação","de 1.001 a 3.000","Contratar novos talentos.","1"
"2023","desafio_gestor","Tecnologia/Fábrica de Software","de 11 a 50","Ter dados com qualidade","1"
"2023","desafio_gestor","Internet/Ecommerce","de 101 a 500","Conseguir levar inovação para a empresa através dos dados.","1"
"2023","desafio_gestor","Área da Saúde","de 11 a 50","Garantir retorno do investimento (ROI) em projetos de dados.","1"
"2023","desafio_gestor","Setor de Energia","de 501 a 1.000","Gerenciar a expectativa das áreas de negócio em relação as entregas das equipes de dados.","1"
"2023","desafio_gestor","Setor Imobiliário/ Construção Civil","de 51 a 100","Reter talentos.","1"
"2023","desafio_gestor","Setor de Energia","Acima de 3.000","Reter talentos.","1"
"2023","desafio_gestor","Área de Consultoria","de 6 a 10","Garantir retorno do investimento (ROI) em projetos de dados.","1"
"2023","desafio_gestor","Setor Imobiliário/ Construção Civil","de 11 a 50","Conseguir gerar valor para as áreas de negócios através de estudos e experimentos.","1"
"2023","desafio_gestor","Filantropia/ONG's","de 101 a 500","Contratar novos talentos.","1"
"2023","desafio_gestor","Outra Opção","de 101 a 500","Garantir a manutenção dos projetos e modelos em produção","1"
"2023","desafio_gestor","Setor Alimentício","de 51 a 100","Conseguir levar inovação para a empresa através dos dados.","1"
"2023","desafio_gestor","Setor Público","de 6 a 10","Contratar novos talentos.","1"
"2023","desafio_gestor","Setor de Energia","de 101 a 500","Dividir o tempo entre entregas técnicas e gestão de pessoas.","1"
"2023","desafio_gestor","Seguros ou Previdência","de 501 a 1.000","Convencer a empresa a aumentar os investimentos na área de dados.","1"
"2023","desafio_gestor","Setor Imobiliário/ Construção Civil","Acima de 3.000","Reter talentos.","1"
"2023","desafio_gestor","Internet/Ecommerce","de 1.001 a 3.000","Garantir a manutenção dos projetos e modelos em produção","1"
"2023","desafio_gestor","Área de Consultoria","de 11 a 50","Convencer a empresa a aumentar os investimentos na área de dados.","1"
"2023","desafio_gestor","Marketing","de 6 a 10","Dividir o tempo entre entregas técnicas e gestão de pessoas.","1"
"2023","desafio_gestor","Agronegócios","Acima de 3.000","Gerenciar a expectativa das áreas de negócio em relação as entregas das equipes de dados.","1"
"2023","desafio_gestor","Varejo","de 11 a 50","Convencer a empresa a aumentar os investimentos na área de dados.","1"
"2023","desafio_gestor","Filantropia/ONG's","de 101 a 500","Conseguir gerar valor para as áreas de negócios através de estudos e experimentos.","1"
"2023","desafio_gestor","Tecnologia/Fábrica de Software","de 51 a 100","Gestão de projetos envolvendo áreas multidisciplinares da empresa.","1"
"2023","desafio_gestor","Finanças ou Bancos","de 11 a 50","Contratar novos talentos.","1"
"2023","desafio_gestor","Outra Opção","de 11 a 50","Organizar as informações e garantir a qualidade e confiabilidade.","1"
"2023","desafio_gestor","Outra Opção","de 501 a 1.000","Contratar novos talentos.","1"
"2023","desafio_gestor","Setor de Energia","Acima de 3.000","em meio ao crescimento da empresa.","1"
"2023","desafio_gestor","Entretenimento ou Esportes","de 101 a 500","Convencer a empresa a aumentar os investimentos na área de dados.","1"
"2023","desafio_gestor","Agronegócios","de 101 a 500","Conseguir gerar valor para as áreas de negócios através de estudos e experimentos.","1"
"2023","desafio_gestor","Área de Consultoria","de 501 a 1.000","Conseguir processar e armazenar um alto volume de dados.","1"
"2023","desafio_gestor","Finanças ou Bancos","Acima de 3.000","Dificuldade de raciocínio das pessoas que não sabem analisar os dados corretamente. Desenvolver pessoas","1"
"2023","desafio_gestor","Educação","de 6 a 10","Conseguir gerar valor para as áreas de negócios através de estudos e experimentos.","1"
"2023","desafio_gestor","Educação","de 51 a 100","Organizar as informações e garantir a qualidade e confiabilidade.","1"
"2023","desafio_gestor","Setor Imobiliário/ Construção Civil","de 101 a 500","em meio ao crescimento da empresa.","1"
"2023","desafio_gestor","Agronegócios","de 51 a 100","em meio ao crescimento da empresa.","1"
"2023","desafio_gestor","Tecnologia/Fábrica de Software","de 501 a 1.000","Organizar as informações e garantir a qualidade e confiabilidade.","1"
"2023","desafio_gestor","Área da Saúde","de 1 a 5","Gestão de equipes no ambiente remoto.","1"
"2023","desafio_gestor","Varejo","de 1.001 a 3.000","Dividir o tempo entre entregas técnicas e gestão de pessoas.","1"
"2023","desafio_gestor","Setor Imobiliário/ Construção Civil","de 1.001 a 3.000","Convencer a empresa a aumentar os investimentos na área de dados.","1"
"2023","desafio_gestor","Setor Imobiliário/ Construção Civil","de 6 a 10","Organizar as informações e garantir a qualidade e confiabilidade.","1"
"2023","desafio_gestor","Área da Saúde","de 101 a 500","Convencer a empresa a aumentar os investimentos na área de dados.","1"
"2023","desafio_gestor","Finanças ou Bancos","de 1 a 5","em meio ao crescimento da empresa.","1"
"2023","desafio_gestor","Área de Consultoria","de 501 a 1.000","Conseguir gerar valor para as áreas de negócios através de estudos e experimentos.","1"
"2023","desafio_gestor","Área de Consultoria","de 1.001 a 3.000","Dividir o tempo entre entregas técnicas e gestão de pessoas.","1"
"2023","desafio_gestor","Área de Consultoria","de 1 a 5","Reter talentos.","1"
"2023","desafio_gestor","Entretenimento ou Esportes","de 101 a 500","Gerenciar a expectativa das áreas de negócio em relação as entregas das equipes de dados.","1"
"2023","desafio_gestor","Tecnologia/Fábrica de Software","de 101 a 500","Gestão de equipes no ambiente remoto.","1"
"2023","desafio_gestor","Entretenimento ou Esportes","Acima de 3.000","Dividir o tempo entre entregas técnicas e gestão de pessoas.","1"
"2023","desafio_gestor","Área de Consultoria","de 6 a 10","Conseguir levar inovação para a empresa através dos dados.","1"
"2023","desafio_gestor","Setor Imobiliário/ Construção Civil","de 51 a 100","Conseguir gerar valor para as áreas de negócios através de estudos e experimentos.","1"
"2023","desafio_gestor","Setor Alimentício","de 1 a 5","Garantir retorno do investimento (ROI) em projetos de dados.","1"
"2023","desafio_gestor","Setor de Energia","de 101 a 500","Organizar as informações e garantir a qualidade e confiabilidade.","1"
"2023","desafio_gestor","Outra Opção","de 51 a 100","Garantir retorno do investimento (ROI) em projetos de dados.","1"
"2023","desafio_gestor","Setor Imobiliário/ Construção Civil","de 101 a 500","Garantir a manutenção dos projetos e modelos em produção","1"
"2023","desafio_gestor","Marketing","de 1 a 5","em meio ao crescimento da empresa.","1"
"2023","desafio_gestor","Internet/Ecommerce","de 101 a 500","Contratar novos talentos.","1"
"2023","desafio_gestor","Setor Público","de 501 a 1.000","Gestão de equipes no ambiente remoto.","1"
"2023","desafio_gestor","Setor Público","Acima de 3.000","Conseguir processar e armazenar um alto volume de dados.","1"
"2023","desafio_gestor","Setor Alimentício","de 51 a 100","Conseguir processar e armazenar um alto volume de dados.","1"
"2023","desafio_gestor","Área da Saúde","de 501 a 1.000","Conseguir gerar valor para as áreas de negócios através de estudos e experimentos.","1"
"2023","desafio_gestor","Varejo","de 1.001 a 3.000","Conseguir processar e armazenar um alto volume de dados.","1"
"2023","desafio_gestor","Marketing","de 51 a 100","Gerenciar a expectativa das áreas de negócio em relação as entregas das equipes de dados.","1"
"2023","desafio_gestor","Telecomunicação","de 1.001 a 3.000","Dividir o tempo entre entregas técnicas e gestão de pessoas.","1"
"2023","desafio_gestor","Tecnologia/Fábrica de Software","de 51 a 100","Gestão de equipes no ambiente remoto.","1"
"2023","desafio_gestor","Marketing","de 101 a 500","Conseguir processar e armazenar um alto volume de dados.","1"
"2023","desafio_gestor","Área da Saúde","de 1.001 a 3.000","Reter talentos.","1"
"2023","desafio_gestor","Setor Público","de 1.001 a 3.000","Dividir o tempo entre entregas técnicas e gestão de pessoas.","1"
"2023","desafio_gestor","Outra Opção","de 101 a 500","Conseguir processar e armazenar um alto volume de dados.","1"
"2023","desafio_gestor","Outra Opção","de 1 a 5","Contratar novos talentos.","1"
"2023","desafio_gestor","Internet/Ecommerce","de 1.001 a 3.000","em meio ao crescimento da empresa.","1"
"2023","desafio_gestor","Área da Saúde","de 1 a 5","Gerenciar a expectativa das áreas de negócio em relação as entregas das equipes de dados.","1"
"2023","desafio_gestor","Área da Saúde","de 101 a 500","Gerenciar a expectativa das áreas de negócio em relação as entregas das equipes de dados.","1"
"2023","desafio_gestor","Indústria","de 51 a 100","Gerenciar a expectativa das áreas de negócio em relação as entregas das equipes de dados.","1"
"2023","desafio_gestor","Educação","de 51 a 100","Gestão de equipes no ambiente remoto.","1"
"2023","desafio_gestor","Indústria","de 1 a 5","Organizar as informações e garantir a qualidade e confiabilidade.","1"
"2023","desafio_gestor","Agronegócios","de 101 a 500","Reter talentos.","1"
"2023","desafio_gestor","Finanças ou Bancos","de 11 a 50","Dividir o tempo entre entregas técnicas e gestão de pessoas.","1"
"2023","desafio_gestor","Agronegócios","de 6 a 10","Desenvolver e manter modelos Machine Learning em produção.","1"
"2023","desafio_gestor","Outra Opção","de 1.001 a 3.000","Desenvolver e manter modelos Machine Learning em produção.","1"
"2023","desafio_gestor","Área de Consultoria","Acima de 3.000","Convencer a empresa a aumentar os investimentos na área de dados.","1"
"2023","desafio_gestor","Entretenimento ou Esportes","de 101 a 500","Dividir o tempo entre entregas técnicas e gestão de pessoas.","1"
"2023","desafio_gestor","Educação","Acima de 3.000","Garantir retorno do investimento (ROI) em projetos de dados.","1"
"2023","desafio_gestor","Setor de Energia","de 1 a 5","Desenvolver e manter modelos Machine Learning em produção.","1"
"2023","desafio_gestor","Tecnologia/Fábrica de Software","de 6 a 10","Conseguir processar e armazenar um alto volume de dados.","1"
"2023","desafio_gestor","Finanças ou Bancos","de 51 a 100","Gestão de equipes no ambiente remoto.","1"
"2023","desafio_gestor","Seguros ou Previdência","de 101 a 500","Gestão de projetos envolvendo áreas multidisciplinares da empresa.","1"
"2023","desafio_gestor","Área de Consultoria","de 501 a 1.000","Reter talentos.","1"
"2023","desafio_gestor","Agronegócios","Acima de 3.000","Desenvolver e manter modelos Machine Learning em produção.","1"
"2023","desafio_gestor","Área de Consultoria","de 101 a 500","Gestão de equipes no ambiente remoto.","1"
"2023","desafio_gestor","Área da Saúde","de 501 a 1.000","Contratar novos talentos.","1"
"2023","desafio_gestor","Educação","de 6 a 10","Contratar novos talentos.","1"
"2023","desafio_gestor","Educação","de 501 a 1.000","Garantir a manutenção dos projetos e modelos em produção","1"
"2023","desafio_gestor","Marketing","de 1 a 5","Dividir o tempo entre entregas técnicas e gestão de pessoas.","1"
"2023","desafio_gestor","Seguros ou Previdência","de 51 a 100","Conseguir gerar valor para as áreas de negócios através de estudos e experimentos.","1"
"2023","desafio_gestor","Outra Opção","de 51 a 100","Convencer a empresa a aumentar os investimentos na área de dados.","1"
"2023","desafio_gestor","Indústria","de 1.001 a 3.000","Garantir retorno do investimento (ROI) em projetos de dados.","1"
"2023","desafio_gestor","Agronegócios","de 11 a 50","Garantir a manutenção dos projetos e modelos em produção","1"
"2023","desafio_gestor","Filantropia/ONG's","de 101 a 500","Conseguir processar e armazenar um alto volume de dados.","1"
"2023","desafio_gestor","Finanças ou Bancos","de 11 a 50","Conseguir processar e armazenar um alto volume de dados.","1"
"2023","desafio_gestor","Agronegócios","de 11 a 50","Conseguir gerar valor para as áreas de negócios através de estudos e experimentos.","1"
"2023","desafio_gestor","Indústria","de 501 a 1.000","Garantir a manutenção dos projetos e modelos em produção","1"
"2023","desafio_gestor","Tecnologia/Fábrica de Software","de 1.001 a 3.000","Conseguir processar e armazenar um alto volume de dados.","1"
"2023","desafio_gestor","Finanças ou Bancos","de 501 a 1.000","Lidar com alta liderança com baixa maturidade analítica","1"
"2023","desafio_gestor","Varejo","de 101 a 500","Gestão de projetos envolvendo áreas multidisciplinares da empresa.","1"
"2023","desafio_gestor","Indústria","de 501 a 1.000","Convencer a empresa a aumentar os investimentos na área de dados.","1"
"2023","desafio_gestor","Telecomunicação","de 1.001 a 3.000","Conseguir gerar valor para as áreas de negócios através de estudos e experimentos.","1"
"2023","desafio_gestor","Indústria","de 501 a 1.000","em meio ao crescimento da empresa.","1"
"2023","desafio_gestor","Varejo","de 101 a 500","Convencer a empresa a aumentar os investimentos na área de dados.","1"
"2023","desafio_gestor","Agronegócios","de 101 a 500","Contratar novos talentos.","1"
"2023","desafio_gestor","Outra Opção","de 1.001 a 3.000","Gerenciar a expectativa das áreas de negócio em relação as entregas das equipes de dados.","1"
"2023","desafio_gestor","Finanças ou Bancos","de 1.001 a 3.000","Conseguir processar e armazenar um alto volume de dados.","1"
"2023","desafio_gestor","Telecomunicação","de 501 a 1.000","Garantir a manutenção dos projetos e modelos em produção","1"
"2023","desafio_gestor","Finanças ou Bancos","de 11 a 50","Não tenho no momento","1"
"2023","desafio_gestor","Setor de Energia","de 501 a 1.000","Conseguir gerar valor para as áreas de negócios através de estudos e experimentos.","1"
"2023","desafio_gestor","Seguros ou Previdência","de 501 a 1.000","Gerenciar a expectativa das áreas de negócio em relação as entregas das equipes de dados.","1"
"2023","desafio_gestor","Outra Opção","de 1 a 5","Convencer a empresa a aumentar os investimentos na área de dados.","1"
"2023","desafio_gestor","Setor Alimentício","de 101 a 500","Gerenciar a expectativa das áreas de negócio em relação as entregas das equipes de dados.","1"
"2023","desafio_gestor","Telecomunicação","de 501 a 1.000","Gestão de equipes no ambiente remoto.","1"
"2023","desafio_gestor","Setor Imobiliário/ Construção Civil","de 11 a 50","Convencer a empresa a aumentar os investimentos na área de dados.","1"
"2023","desafio_gestor","Agronegócios","de 101 a 500","em meio ao crescimento da empresa.","1"
"2023","desafio_gestor","Educação","de 51 a 100","Reter talentos.","1"
"2023","desafio_gestor","Marketing","de 101 a 500","Gestão de projetos envolvendo áreas multidisciplinares da empresa.","1"
"2023","desafio_gestor","Marketing","de 101 a 500","Desenvolver e manter modelos Machine Learning em produção.","1"
"2023","desafio_gestor","Entretenimento ou Esportes","de 501 a 1.000","Gestão de equipes no ambiente remoto.","1"
"2023","desafio_gestor","Finanças ou Bancos","de 501 a 1.000","Garantir a conexão entre as áreas técnicas de dados com os times de negócio","1"
"2023","desafio_gestor","Setor Imobiliário/ Construção Civil","de 101 a 500","Organizar as informações e garantir a qualidade e confiabilidade.","1"
"2023","desafio_gestor","Finanças ou Bancos","de 1.001 a 3.000","Times ""Parceiros"" com direções diferentes","1"
"2023","desafio_gestor","Setor Imobiliário/ Construção Civil","de 1.001 a 3.000","Gestão de projetos envolvendo áreas multidisciplinares da empresa.","1"
"2023","desafio_gestor","Setor Público","de 101 a 500","Gestão de projetos envolvendo áreas multidisciplinares da empresa.","1"
"2023","desafio_gestor","Finanças ou Bancos","de 1.001 a 3.000","Desenvolver e manter modelos Machine Learning em produção.","1"
"2023","desafio_gestor","Área da Saúde","de 1 a 5","Dividir o tempo entre entregas técnicas e gestão de pessoas.","1"
"2023","desafio_gestor","Outra Opção","de 101 a 500","Gestão de equipes no ambiente remoto.","1"
"2023","desafio_gestor","Marketing","de 501 a 1.000","Organizar as informações e garantir a qualidade e confiabilidade.","1"
"2023","desafio_gestor","Finanças ou Bancos","de 11 a 50","Reter talentos.","1"
"2023","desafio_gestor","Setor Imobiliário/ Construção Civil","de 1.001 a 3.000","Conseguir gerar valor para as áreas de negócios através de estudos e experimentos.","1"
"2023","desafio_gestor","Setor Imobiliário/ Construção Civil","de 11 a 50","Dividir o tempo entre entregas técnicas e gestão de pessoas.","1"
"2023","desafio_gestor","Setor Alimentício","Acima de 3.000","Conseguir levar inovação para a empresa através dos dados.","1"
"2023","desafio_gestor","Indústria","de 101 a 500","Contratar novos talentos.","1"
"2023","desafio_gestor","Marketing","de 11 a 50","Organizar as informações e garantir a qualidade e confiabilidade.","1"
"2023","desafio_gestor","Finanças ou Bancos","de 1 a 5","Garantir a manutenção dos projetos e modelos em produção","1"
"2023","desafio_gestor","Filantropia/ONG's","de 101 a 500","Dividir o tempo entre entregas técnicas e gestão de pessoas.","1"
"2023","desafio_gestor","Entretenimento ou Esportes","de 6 a 10","Reter talentos.","1"
"2023","desafio_gestor","Educação","de 6 a 10","Gestão de projetos envolvendo áreas multidisciplinares da empresa.","1"
"2023","desafio_gestor","Finanças ou Bancos","de 1.001 a 3.000","Gestão de projetos envolvendo áreas multidisciplinares da empresa.","1"
"2023","desafio_gestor","Entretenimento ou Esportes","de 6 a 10","Dividir o tempo entre entregas técnicas e gestão de pessoas.","1"
"2023","desafio_gestor","Telecomunicação","de 51 a 100","Gestão de projetos envolvendo áreas multidisciplinares da empresa.","1"
"2023","desafio_gestor","Indústria","de 51 a 100","Desenvolver e manter modelos Machine Learning em produção.","1"
"2023","desafio_gestor","Setor Alimentício","de 6 a 10","Gerenciar a expectativa das áreas de negócio em relação as entregas das equipes de dados.","1"
"2023","desafio_gestor","Setor Automotivo","Acima de 3.000","Conseguir gerar valor para as áreas de negócios através de estudos e experimentos.","1"
"2023","desafio_gestor","Internet/Ecommerce","de 101 a 500","Dividir o tempo entre entregas técnicas e gestão de pessoas.","1"
"2023","desafio_gestor","Marketing","de 1 a 5","Garantir a manutenção dos projetos e modelos em produção","1"
"2023","desafio_gestor","Telecomunicação","de 51 a 100","Conseguir levar inovação para a empresa através dos dados.","1"
"2023","desafio_gestor","Outra Opção","de 101 a 500","em meio ao crescimento da empresa.","1"
"2023","desafio_gestor","Seguros ou Previdência","de 101 a 500","Dividir o tempo entre entregas técnicas e gestão de pessoas.","1"
"2023","desafio_gestor","Setor Imobiliário/ Construção Civil","de 501 a 1.000","Dividir o tempo entre entregas técnicas e gestão de pessoas.","1"
"2023","desafio_gestor","Outra Opção","de 501 a 1.000","Conseguir levar inovação para a empresa através dos dados.","1"
"2023","desafio_gestor","Tecnologia/Fábrica de Software","de 51 a 100","Convencer a empresa a contratar recursos com mais experiência para melhorar a entrega da equipe.","1"
"2023","desafio_gestor","Outra Opção","de 501 a 1.000","Garantir retorno do investimento (ROI) em projetos de dados.","1"
"2023","desafio_gestor","Setor Imobiliário/ Construção Civil","de 11 a 50","Gerenciar a expectativa das áreas de negócio em relação as entregas das equipes de dados.","1"
"2023","desafio_gestor","Seguros ou Previdência","Acima de 3.000","Gerenciar a expectativa das áreas de negócio em relação as entregas das equipes de dados.","1"
"2023","desafio_gestor","Setor de Energia","Acima de 3.000","Desenvolver e manter modelos Machine Learning em produção.","1"
"2023","desafio_gestor","Área de Consultoria","de 1.001 a 3.000","Contratar novos talentos.","1"
"2023","desafio_gestor","Varejo","Acima de 3.000","Não atuo com dados","1"
"2023","desafio_gestor","Setor Imobiliário/ Construção Civil","de 1 a 5","Garantir retorno do investimento (ROI) em projetos de dados.","1"
"2023","desafio_gestor","Educação","de 1 a 5","Convencer a empresa a aumentar os investimentos na área de dados.","1"
"2023","desafio_gestor","Telecomunicação","de 501 a 1.000","em meio ao crescimento da empresa.","1"
"2023","desafio_gestor","Indústria","de 1 a 5","Convencer a empresa a aumentar os investimentos na área de dados.","1"
"2023","desafio_gestor","Varejo","Acima de 3.000","Ter o equilíbrio no Data Mesh entre responsabilidades de Data Core vs Data Negócio","1"
"2023","desafio_gestor","Varejo","de 51 a 100","Gestão de projetos envolvendo áreas multidisciplinares da empresa.","1"
"2023","desafio_gestor","Telecomunicação","Acima de 3.000","Conseguir levar inovação para a empresa através dos dados.","1"
"2023","desafio_gestor","Outra Opção","de 51 a 100","Conseguir levar inovação para a empresa através dos dados.","1"
"2023","desafio_gestor","Telecomunicação","de 501 a 1.000","Convencer a empresa a aumentar os investimentos na área de dados.","1"
"2023","desafio_gestor","Área de Consultoria","de 101 a 500","Convencer a empresa a aumentar os investimentos na área de dados.","1"
"2023","desafio_gestor","Setor Farmaceutico","de 101 a 500","Contratar novos talentos.","1"
"2023","desafio_gestor","Marketing","de 501 a 1.000","Gestão de projetos envolvendo áreas multidisciplinares da empresa.","1"
"2023","desafio_gestor","Internet/Ecommerce","Acima de 3.000","Conseguir processar e armazenar um alto volume de dados.","1"
"2023","desafio_gestor","Educação","de 501 a 1.000","Conseguir gerar valor para as áreas de negócios através de estudos e experimentos.","1"
"2023","desafio_gestor","Área da Saúde","de 501 a 1.000","Convencer a empresa a aumentar os investimentos na área de dados.","1"
"2023","desafio_gestor","Educação","de 501 a 1.000","Conseguir processar e armazenar um alto volume de dados.","1"
"2023","desafio_gestor","Setor Imobiliário/ Construção Civil","de 1 a 5","Organizar as informações e garantir a qualidade e confiabilidade.","1"
"2023","desafio_gestor","Tecnologia/Fábrica de Software","de 6 a 10","Reter talentos.","1"
"2023","desafio_gestor","Área da Saúde","de 101 a 500","Conseguir levar inovação para a empresa através dos dados.","1"
"2023","desafio_gestor","Indústria","de 1.001 a 3.000","Conseguir gerar valor para as áreas de negócios através de estudos e experimentos.","1"
"2023","desafio_gestor","Finanças ou Bancos","de 501 a 1.000","Gestão de projetos envolvendo áreas multidisciplinares da empresa.","1"
"2023","desafio_gestor","Telecomunicação","de 101 a 500","Gerenciar a expectativa das áreas de negócio em relação as entregas das equipes de dados.","1"
"2023","desafio_gestor","Setor Público","de 101 a 500","Garantir retorno do investimento (ROI) em projetos de dados.","1"
"2023","desafio_gestor","Finanças ou Bancos","Acima de 3.000","Expandir a cultura analítica em toda a organização com a disseminação de talentos e boas práticas","1"
"2023","desafio_gestor","Tecnologia/Fábrica de Software","de 6 a 10","Dividir o tempo entre entregas técnicas e gestão de pessoas.","1"
"2023","desafio_gestor","Internet/Ecommerce","de 101 a 500","Conseguir gerar valor para as áreas de negócios através de estudos e experimentos.","1"
"2023","desafio_gestor","Finanças ou Bancos","Acima de 3.000","Treinar as pessoas em Dados","1"
"2023","desafio_gestor","Área de Consultoria","de 501 a 1.000","Garantir retorno do investimento (ROI) em projetos de dados.","1"
"2023","desafio_gestor","Telecomunicação","de 1.001 a 3.000","Gestão de equipes no ambiente remoto.","1"
"2023","desafio_gestor","Área de Consultoria","de 1 a 5","Gestão de equipes no ambiente remoto.","1"
"2023","desafio_gestor","Setor Público","Acima de 3.000","Garantir a manutenção dos projetos e modelos em produção","1"
"2023","desafio_gestor","Entretenimento ou Esportes","de 501 a 1.000","Reter talentos.","1"
"2023","desafio_gestor","Outra Opção","de 1.001 a 3.000","Gestão de projetos envolvendo áreas multidisciplinares da empresa.","1"
"2023","desafio_gestor","Área de Consultoria","de 6 a 10","Gestão de equipes no ambiente remoto.","1"
"2023","desafio_gestor","Marketing","Acima de 3.000","Convencer a empresa a aumentar os investimentos na área de dados.","1"
"2023","desafio_gestor","Telecomunicação","de 11 a 50","Dividir o tempo entre entregas técnicas e gestão de pessoas.","1"
"2023","desafio_gestor","Setor Farmaceutico","de 101 a 500","Conseguir processar e armazenar um alto volume de dados.","1"
"2023","desafio_gestor","Área da Saúde","de 501 a 1.000","Gestão de equipes no ambiente remoto.","1"
"2023","desafio_gestor","Área da Saúde","de 501 a 1.000","Dividir o tempo entre entregas técnicas e gestão de pessoas.","1"
"2023","desafio_gestor","Filantropia/ONG's","de 101 a 500","Garantir retorno do investimento (ROI) em projetos de dados.","1"
"2023","desafio_gestor","Área da Saúde","de 51 a 100","Desenvolver e manter modelos Machine Learning em produção.","1"
"2023","desafio_gestor","Outra Opção","de 11 a 50","Conseguir levar inovação para a empresa através dos dados.","1"
"2023","desafio_gestor","Filantropia/ONG's","de 51 a 100","Reter talentos.","1"
"2023","desafio_gestor","Setor Alimentício","de 6 a 10","Conseguir processar e armazenar um alto volume de dados.","1"
"2023","desafio_gestor","Entretenimento ou Esportes","de 501 a 1.000","Desenvolver e manter modelos Machine Learning em produção.","1"
"2023","desafio_gestor","Área da Saúde","Acima de 3.000","Garantir a manutenção dos projetos e modelos em produção","1"
"2023","desafio_gestor","Finanças ou Bancos","de 1 a 5","Organizar as informações e garantir a qualidade e confiabilidade.","1"
"2023","desafio_gestor","Entretenimento ou Esportes","de 51 a 100","Conseguir levar inovação para a empresa através dos dados.","1"
"2023","desafio_gestor","Varejo","de 101 a 500","Garantir a manutenção dos projetos e modelos em produção","1"
"2023","desafio_gestor","Indústria","Acima de 3.000","Conseguir processar e armazenar um alto volume de dados.","1"
"2023","desafio_gestor","Marketing","de 101 a 500","em meio ao crescimento da empresa.","1"
"2023","desafio_gestor","Finanças ou Bancos","de 501 a 1.000","Contratar novos talentos.","1"
"2023","desafio_gestor","Educação","de 51 a 100","Conseguir gerar valor para as áreas de negócios através de estudos e experimentos.","1"
"2023","desafio_gestor","Setor Alimentício","de 101 a 500","Dividir o tempo entre entregas técnicas e gestão de pessoas.","1"
"2023","desafio_gestor","Varejo","de 101 a 500","Garantir retorno do investimento (ROI) em projetos de dados.","1"
"2023","desafio_gestor","Marketing","de 11 a 50","Conseguir gerar valor para as áreas de negócios através de estudos e experimentos.","1"
"2023","desafio_gestor","Agronegócios","de 1.001 a 3.000","Convencer a empresa a aumentar os investimentos na área de dados.","1"
"2023","desafio_gestor","Telecomunicação","de 11 a 50","Gerenciar a expectativa das áreas de negócio em relação as entregas das equipes de dados.","1"
"2023","desafio_gestor","Filantropia/ONG's","de 11 a 50","Desenvolver e manter modelos Machine Learning em produção.","1"
"2023","desafio_gestor","Internet/Ecommerce","de 1.001 a 3.000","Reter talentos.","1"
"2023","desafio_gestor","Setor Imobiliário/ Construção Civil","de 6 a 10","Conseguir gerar valor para as áreas de negócios através de estudos e experimentos.","1"
"2023","desafio_gestor","Outra Opção","de 1.001 a 3.000","Organizar as informações e garantir a qualidade e confiabilidade.","1"
"2023","desafio_gestor","Entretenimento ou Esportes","de 6 a 10","Gestão de equipes no ambiente remoto.","1"
"2023","desafio_gestor","Telecomunicação","de 11 a 50","Gestão de projetos envolvendo áreas multidisciplinares da empresa.","1"
"2023","desafio_gestor","Setor Público","de 101 a 500","Contratar novos talentos.","1"
"2023","desafio_gestor","Setor Automotivo","de 51 a 100","Conseguir gerar valor para as áreas de negócios através de estudos e experimentos.","1"
"2023","desafio_gestor","Setor Imobiliário/ Construção Civil","Acima de 3.000","Gestão de equipes no ambiente remoto.","1"
"2023","desafio_gestor","Educação","de 101 a 500","Garantir retorno do investimento (ROI) em projetos de dados.","1"
"2023","desafio_gestor","Setor Automotivo","de 501 a 1.000","Conseguir levar inovação para a empresa através dos dados.","1"
"2023","desafio_gestor","Setor de Energia","Acima de 3.000","Contratar novos talentos.","1"
"2023","desafio_gestor","Internet/Ecommerce","Acima de 3.000","Garantir a manutenção dos projetos e modelos em produção","1"
"2023","desafio_gestor","Agronegócios","Acima de 3.000","Reter talentos.","1"
"2023","desafio_gestor","Setor Público","de 501 a 1.000","Convencer a empresa a aumentar os investimentos na área de dados.","1"
"2023","desafio_gestor","Finanças ou Bancos","de 501 a 1.000","Conseguir processar e armazenar um alto volume de dados.","1"
"2023","desafio_gestor","Marketing","de 501 a 1.000","Conseguir processar e armazenar um alto volume de dados.","1"
"2023","desafio_gestor","Área de Consultoria","de 6 a 10","Organizar as informações e garantir a qualidade e confiabilidade.","1"
"2023","desafio_gestor","Internet/Ecommerce","de 1.001 a 3.000","Desenvolver e manter modelos Machine Learning em produção.","1"
"2023","desafio_gestor","Varejo","de 1.001 a 3.000","Conseguir levar inovação para a empresa através dos dados.","1"
"2023","desafio_gestor","Agronegócios","de 1.001 a 3.000","Dividir o tempo entre entregas técnicas e gestão de pessoas.","1"
"2023","desafio_gestor","Varejo","Acima de 3.000","Dar velocidade para as áreas consumirem dados (Self Service) sem aumentar o risco relacionado a governança dos dados","1"
"2023","desafio_gestor","Setor Imobiliário/ Construção Civil","de 6 a 10","Desenvolver e manter modelos Machine Learning em produção.","1"
"2023","desafio_gestor","Setor Público","de 1.001 a 3.000","Gestão de projetos envolvendo áreas multidisciplinares da empresa.","1"
"2023","desafio_gestor","Tecnologia/Fábrica de Software","de 11 a 50","Desenvolver e manter modelos Machine Learning em produção.","1"
"2023","desafio_gestor","Agronegócios","de 101 a 500","Dividir o tempo entre entregas técnicas e gestão de pessoas.","1"
"2023","desafio_gestor","Varejo","de 51 a 100","Conseguir processar e armazenar um alto volume de dados.","1"
"2023","desafio_gestor","Telecomunicação","de 101 a 500","nenhuma","1"
"2023","desafio_gestor","Indústria","de 501 a 1.000","Conseguir gerar valor para as áreas de negócios através de estudos e experimentos.","1"
"2023","desafio_gestor","Varejo","de 51 a 100","Gerenciar a expectativa das áreas de negócio em relação as entregas das equipes de dados.","1"
"2023","desafio_gestor","Educação","Acima de 3.000","Desenvolver e manter modelos Machine Learning em produção.","1"
"2023","desafio_gestor","Área da Saúde","de 11 a 50","Conseguir gerar valor para as áreas de negócios através de estudos e experimentos.","1"
"2023","desafio_gestor","Telecomunicação","de 101 a 500","Gestão de projetos envolvendo áreas multidisciplinares da empresa.","1"
"2023","desafio_gestor","Setor Público","de 101 a 500","Garantir a manutenção dos projetos e modelos em produção","1"
"2023","desafio_gestor","Agronegócios","de 101 a 500","Garantir a manutenção dos projetos e modelos em produção","1"
"2023","desafio_gestor","Indústria","de 1.001 a 3.000","Gerenciar a expectativa das áreas de negócio em relação as entregas das equipes de dados.","1"
"2023","desafio_gestor","Área de Consultoria","de 51 a 100","Gestão de projetos envolvendo áreas multidisciplinares da empresa.","1"
"2023","desafio_gestor","Indústria","de 1.001 a 3.000","Organizar as informações e garantir a qualidade e confiabilidade.","1"
"2023","motivo_nao_uso_ia","Finanças ou Bancos","Acima de 3.000","Preocupações com segurança e privacidade de dados.","27"
"2023","motivo_nao_uso_ia","Varejo","Acima de 3.000","Preocupações com segurança e privacidade de dados.","27"
"2023","motivo_nao_uso_ia","Finanças ou Bancos","Acima de 3.000","Falta de compreensão dos casos de uso.","24"
"2023","motivo_nao_uso_ia","Finanças ou Bancos","Acima de 3.000","Falta de expertise das equipes técnicas ou falta de recursos internos.","22"
"2023","motivo_nao_uso_ia","Finanças ou Bancos","Acima de 3.000","Dados da empresa não estão prontos para uso de IA Generativa.","18"
"2023","motivo_nao_uso_ia","Varejo","Acima de 3.000","tipo de dados usados para treinar um modelo de terceiros).","17"
"2023","motivo_nao_uso_ia","Finanças ou Bancos","Acima de 3.000","Baixa qualidade e/ou falta de confiabilidade das saídas (alucinação dos modelos).","17"
"2023","motivo_nao_uso_ia","Indústria","Acima de 3.000","Preocupações com segurança e privacidade de dados.","17"
"2023","motivo_nao_uso_ia","Varejo","Acima de 3.000","Preocupações com propriedade intelectual (ou seja","17"
"2023","motivo_nao_uso_ia","Varejo","Acima de 3.000","Falta de expertise das equipes técnicas ou falta de recursos internos.","14"
"2023","motivo_nao_uso_ia","Finanças ou Bancos","Acima de 3.000","Retorno sobre investimento (ROI) não comprovado de IA Generativa.","13"
"2023","motivo_nao_uso_ia","Tecnologia/Fábrica de Software","Acima de 3.000","Preocupações com segurança e privacidade de dados.","13"
"2023","motivo_nao_uso_ia","Finanças ou Bancos","Acima de 3.000","Incerteza em relação a regulamentação ou questões regulatórias.","13"
"2023","motivo_nao_uso_ia","Finanças ou Bancos","de 101 a 500","Falta de compreensão dos casos de uso.","13"
"2023","motivo_nao_uso_ia","Tecnologia/Fábrica de Software","de 51 a 100","Falta de expertise das equipes técnicas ou falta de recursos internos.","13"
"2023","motivo_nao_uso_ia","Varejo","Acima de 3.000","Falta de compreensão dos casos de uso.","13"
"2023","motivo_nao_uso_ia","Tecnologia/Fábrica de Software","Acima de 3.000","Falta de compreensão dos casos de uso.","12"
"2023","motivo_nao_uso_ia","Indústria","Acima de 3.000","Falta de compreensão dos casos de uso.","12"
"2023","motivo_nao_uso_ia","Tecnologia/Fábrica de Software","de 101 a 500","Falta de compreensão dos casos de uso.","12"
"2023","motivo_nao_uso_ia","Indústria","Acima de 3.000","Dados da empresa não estão prontos para uso de IA Generativa.","11"
"2023","motivo_nao_uso_ia","Outra Opção","Acima de 3.000","Preocupações com segurança e privacidade de dados.","11"
"2023","motivo_nao_uso_ia","Outra Opção","Acima de 3.000","Dados da empresa não estão prontos para uso de IA Generativa.","11"
"2023","motivo_nao_uso_ia","Tecnologia/Fábrica de Software","Acima de 3.000","Retorno sobre investimento (ROI) não comprovado de IA Generativa.","10"
"2023","motivo_nao_uso_ia","Varejo","Acima de 3.000","Retorno sobre investimento (ROI) não comprovado de IA Generativa.","10"
"2023","motivo_nao_uso_ia","Outra Opção","Acima de 3.000","Falta de expertise das equipes técnicas ou falta de recursos internos.","10"
"2023","motivo_nao_uso_ia","Tecnologia/Fábrica de Software","Acima de 3.000","Dados da empresa não estão prontos para uso de IA Generativa.","10"
"2023","motivo_nao_uso_ia","Varejo","Acima de 3.000","Dados da empresa não estão prontos para uso de IA Generativa.","10"
"2023","motivo_nao_uso_ia","Finanças ou Bancos","de 101 a 500","Falta de expertise das equipes técnicas ou falta de recursos internos.","9"
"2023","motivo_nao_uso_ia","Tecnologia/Fábrica de Software","de 11 a 50","Baixa qualidade e/ou falta de confiabilidade das saídas (alucinação dos modelos).","9"
"2023","motivo_nao_uso_ia","Tecnologia/Fábrica de Software","de 101 a 500","Preocupações com segurança e privacidade de dados.","9"
"2023","motivo_nao_uso_ia","Tecnologia/Fábrica de Software","de 101 a 500","Falta de expertise das equipes técnicas ou falta de recursos internos.","9"
"2023","motivo_nao_uso_ia","Outra Opção","Acima de 3.000","Falta de compreensão dos casos de uso.","9"
"2023","motivo_nao_uso_ia","Finanças ou Bancos","de 101 a 500","Preocupações com segurança e privacidade de dados.","8"
"2023","motivo_nao_uso_ia","Tecnologia/Fábrica de Software","Acima de 3.000","Falta de expertise das equipes técnicas ou falta de recursos internos.","8"
"2023","motivo_nao_uso_ia","Setor Alimentício","Acima de 3.000","Falta de expertise das equipes técnicas ou falta de recursos internos.","8"
"2023","motivo_nao_uso_ia","Finanças ou Bancos","Acima de 3.000","tipo de dados usados para treinar um modelo de terceiros).","8"
"2023","motivo_nao_uso_ia","Varejo","Acima de 3.000","Incerteza em relação a regulamentação ou questões regulatórias.","8"
"2023","motivo_nao_uso_ia","Finanças ou Bancos","Acima de 3.000","Preocupações com propriedade intelectual (ou seja","8"
"2023","motivo_nao_uso_ia","Tecnologia/Fábrica de Software","de 51 a 100","Dados da empresa não estão prontos para uso de IA Generativa.","8"
"2023","motivo_nao_uso_ia","Área de Consultoria","de 1 a 5","Falta de compreensão dos casos de uso.","8"
"2023","motivo_nao_uso_ia","Tecnologia/Fábrica de Software","de 1.001 a 3.000","Preocupações com segurança e privacidade de dados.","7"
"2023","motivo_nao_uso_ia","Setor Público","Acima de 3.000","Preocupações com segurança e privacidade de dados.","7"
"2023","motivo_nao_uso_ia","Tecnologia/Fábrica de Software","de 1.001 a 3.000","Dados da empresa não estão prontos para uso de IA Generativa.","7"
"2023","motivo_nao_uso_ia","Área de Consultoria","de 1 a 5","Preocupações com segurança e privacidade de dados.","7"
"2023","motivo_nao_uso_ia","Área de Consultoria","de 101 a 500","Falta de expertise das equipes técnicas ou falta de recursos internos.","7"
"2023","motivo_nao_uso_ia","Internet/Ecommerce","Acima de 3.000","Falta de compreensão dos casos de uso.","7"
"2023","motivo_nao_uso_ia","Tecnologia/Fábrica de Software","de 101 a 500","Dados da empresa não estão prontos para uso de IA Generativa.","7"
"2023","motivo_nao_uso_ia","Tecnologia/Fábrica de Software","de 11 a 50","Falta de expertise das equipes técnicas ou falta de recursos internos.","7"
"2023","motivo_nao_uso_ia","Tecnologia/Fábrica de Software","de 1 a 5","Falta de compreensão dos casos de uso.","6"
"2023","motivo_nao_uso_ia","Tecnologia/Fábrica de Software","de 101 a 500","Baixa qualidade e/ou falta de confiabilidade das saídas (alucinação dos modelos).","6"
"2023","motivo_nao_uso_ia","Área de Consultoria","de 101 a 500","Preocupações com segurança e privacidade de dados.","6"
"2023","motivo_nao_uso_ia","Tecnologia/Fábrica de Software","de 501 a 1.000","Preocupações com segurança e privacidade de dados.","6"
"2023","motivo_nao_uso_ia","Tecnologia/Fábrica de Software","de 11 a 50","Falta de compreensão dos casos de uso.","6"
"2023","motivo_nao_uso_ia","Tecnologia/Fábrica de Software","de 1.001 a 3.000","tipo de dados usados para treinar um modelo de terceiros).","6"
"2023","motivo_nao_uso_ia","Finanças ou Bancos","Acima de 3.000","Alta direção da empresa não vê valor ou não vê esse tipo de iniciativa como prioridade.","6"
"2023","motivo_nao_uso_ia","Tecnologia/Fábrica de Software","Acima de 3.000","Incerteza em relação a regulamentação ou questões regulatórias.","6"
"2023","motivo_nao_uso_ia","Finanças ou Bancos","de 501 a 1.000","Falta de expertise das equipes técnicas ou falta de recursos internos.","6"
"2023","motivo_nao_uso_ia","Tecnologia/Fábrica de Software","de 51 a 100","Falta de compreensão dos casos de uso.","6"
"2023","motivo_nao_uso_ia","Tecnologia/Fábrica de Software","de 1.001 a 3.000","Preocupações com propriedade intelectual (ou seja","6"
"2023","motivo_nao_uso_ia","Área de Consultoria","de 1 a 5","Dados da empresa não estão prontos para uso de IA Generativa.","6"
"2023","motivo_nao_uso_ia","Indústria","Acima de 3.000","Falta de expertise das equipes técnicas ou falta de recursos internos.","6"
"2023","motivo_nao_uso_ia","Área de Consultoria","de 101 a 500","Dados da empresa não estão prontos para uso de IA Generativa.","6"
"2023","motivo_nao_uso_ia","Tecnologia/Fábrica de Software","de 501 a 1.000","Retorno sobre investimento (ROI) não comprovado de IA Generativa.","6"
"2023","motivo_nao_uso_ia","Finanças ou Bancos","de 501 a 1.000","Falta de compreensão dos casos de uso.","6"
"2023","motivo_nao_uso_ia","Finanças ou Bancos","de 101 a 500","Dados da empresa não estão prontos para uso de IA Generativa.","6"
"2023","motivo_nao_uso_ia","Área de Consultoria","de 1 a 5","Incerteza em relação a regulamentação ou questões regulatórias.","6"
"2023","motivo_nao_uso_ia","Área de Consultoria","de 1 a 5","Retorno sobre investimento (ROI) não comprovado de IA Generativa.","5"
"2023","motivo_nao_uso_ia","Setor Público","de 101 a 500","Dados da empresa não estão prontos para uso de IA Generativa.","5"
"2023","motivo_nao_uso_ia","Área de Consultoria","de 101 a 500","tipo de dados usados para treinar um modelo de terceiros).","5"
"2023","motivo_nao_uso_ia","Setor Público","Acima de 3.000","Falta de expertise das equipes técnicas ou falta de recursos internos.","5"
"2023","motivo_nao_uso_ia","Área da Saúde","Acima de 3.000","Preocupações com segurança e privacidade de dados.","5"
"2023","motivo_nao_uso_ia","Outra Opção","Acima de 3.000","Incerteza em relação a regulamentação ou questões regulatórias.","5"
"2023","motivo_nao_uso_ia","Tecnologia/Fábrica de Software","de 501 a 1.000","Falta de expertise das equipes técnicas ou falta de recursos internos.","5"
"2023","motivo_nao_uso_ia","Finanças ou Bancos","de 101 a 500","Baixa qualidade e/ou falta de confiabilidade das saídas (alucinação dos modelos).","5"
"2023","motivo_nao_uso_ia","Indústria","Acima de 3.000","Incerteza em relação a regulamentação ou questões regulatórias.","5"
"2023","motivo_nao_uso_ia","Finanças ou Bancos","de 101 a 500","Retorno sobre investimento (ROI) não comprovado de IA Generativa.","5"
"2023","motivo_nao_uso_ia","Tecnologia/Fábrica de Software","de 1 a 5","Incerteza em relação a regulamentação ou questões regulatórias.","5"
"2023","motivo_nao_uso_ia","Educação","Acima de 3.000","Dados da empresa não estão prontos para uso de IA Generativa.","5"
"2023","motivo_nao_uso_ia","Área de Consultoria","de 101 a 500","Preocupações com propriedade intelectual (ou seja","5"
"2023","motivo_nao_uso_ia","Outra Opção","Acima de 3.000","Alta direção da empresa não vê valor ou não vê esse tipo de iniciativa como prioridade.","5"
"2023","motivo_nao_uso_ia","Área de Consultoria","de 11 a 50","Falta de compreensão dos casos de uso.","5"
"2023","motivo_nao_uso_ia","Tecnologia/Fábrica de Software","Acima de 3.000","Baixa qualidade e/ou falta de confiabilidade das saídas (alucinação dos modelos).","5"
"2023","motivo_nao_uso_ia","Indústria","Acima de 3.000","tipo de dados usados para treinar um modelo de terceiros).","5"
"2023","motivo_nao_uso_ia","Tecnologia/Fábrica de Software","Acima de 3.000","Preocupações com propriedade intelectual (ou seja","5"
"2023","motivo_nao_uso_ia","Tecnologia/Fábrica de Software","de 11 a 50","Preocupações com segurança e privacidade de dados.","5"
"2023","motivo_nao_uso_ia","Tecnologia/Fábrica de Software","de 501 a 1.000","Falta de compreensão dos casos de uso.","5"
"2023","motivo_nao_uso_ia","Setor Alimentício","Acima de 3.000","Preocupações com segurança e privacidade de dados.","5"
"2023","motivo_nao_uso_ia","Tecnologia/Fábrica de Software","de 11 a 50","Dados da empresa não estão prontos para uso de IA Generativa.","5"
"2023","motivo_nao_uso_ia","Tecnologia/Fábrica de Software","de 1 a 5","Preocupações com segurança e privacidade de dados.","5"
"2023","motivo_nao_uso_ia","Tecnologia/Fábrica de Software","de 1.001 a 3.000","Falta de compreensão dos casos de uso.","5"
"2023","motivo_nao_uso_ia","Educação","Acima de 3.000","Preocupações com segurança e privacidade de dados.","5"
"2023","motivo_nao_uso_ia","Varejo","Acima de 3.000","Baixa qualidade e/ou falta de confiabilidade das saídas (alucinação dos modelos).","5"
"2023","motivo_nao_uso_ia","Finanças ou Bancos","de 501 a 1.000","Dados da empresa não estão prontos para uso de IA Generativa.","5"
"2023","motivo_nao_uso_ia","Finanças ou Bancos","de 51 a 100","Dados da empresa não estão prontos para uso de IA Generativa.","5"
"2023","motivo_nao_uso_ia","Indústria","Acima de 3.000","Preocupações com propriedade intelectual (ou seja","5"
"2023","motivo_nao_uso_ia","Área de Consultoria","de 11 a 50","Falta de expertise das equipes técnicas ou falta de recursos internos.","5"
"2023","motivo_nao_uso_ia","Tecnologia/Fábrica de Software","Acima de 3.000","tipo de dados usados para treinar um modelo de terceiros).","5"
"2023","motivo_nao_uso_ia","Área de Consultoria","Acima de 3.000","Falta de expertise das equipes técnicas ou falta de recursos internos.","4"
"2023","motivo_nao_uso_ia","Marketing","de 101 a 500","Baixa qualidade e/ou falta de confiabilidade das saídas (alucinação dos modelos).","4"
"2023","motivo_nao_uso_ia","Tecnologia/Fábrica de Software","de 11 a 50","Retorno sobre investimento (ROI) não comprovado de IA Generativa.","4"
"2023","motivo_nao_uso_ia","Setor Alimentício","Acima de 3.000","Retorno sobre investimento (ROI) não comprovado de IA Generativa.","4"
"2023","motivo_nao_uso_ia","Tecnologia/Fábrica de Software","de 6 a 10","Falta de expertise das equipes técnicas ou falta de recursos internos.","4"
"2023","motivo_nao_uso_ia","Área da Saúde","Acima de 3.000","Falta de expertise das equipes técnicas ou falta de recursos internos.","4"
"2023","motivo_nao_uso_ia","Tecnologia/Fábrica de Software","de 101 a 500","tipo de dados usados para treinar um modelo de terceiros).","4"
"2023","motivo_nao_uso_ia","Finanças ou Bancos","de 1.001 a 3.000","Falta de expertise das equipes técnicas ou falta de recursos internos.","4"
"2023","motivo_nao_uso_ia","Outra Opção","Acima de 3.000","Preocupações com propriedade intelectual (ou seja","4"
"2023","motivo_nao_uso_ia","Setor Alimentício","Acima de 3.000","Dados da empresa não estão prontos para uso de IA Generativa.","4"
"2023","motivo_nao_uso_ia","Setor Alimentício","Acima de 3.000","Incerteza em relação a regulamentação ou questões regulatórias.","4"
"2023","motivo_nao_uso_ia","Outra Opção","Acima de 3.000","tipo de dados usados para treinar um modelo de terceiros).","4"
"2023","motivo_nao_uso_ia","Tecnologia/Fábrica de Software","de 51 a 100","Retorno sobre investimento (ROI) não comprovado de IA Generativa.","4"
"2023","motivo_nao_uso_ia","Outra Opção","de 101 a 500","Falta de compreensão dos casos de uso.","4"
"2023","motivo_nao_uso_ia","Tecnologia/Fábrica de Software","de 1 a 5","Dados da empresa não estão prontos para uso de IA Generativa.","4"
"2023","motivo_nao_uso_ia","Tecnologia/Fábrica de Software","de 101 a 500","Retorno sobre investimento (ROI) não comprovado de IA Generativa.","4"
"2023","motivo_nao_uso_ia","Finanças ou Bancos","de 101 a 500","tipo de dados usados para treinar um modelo de terceiros).","4"
"2023","motivo_nao_uso_ia","Varejo","de 101 a 500","Dados da empresa não estão prontos para uso de IA Generativa.","4"
"2023","motivo_nao_uso_ia","Educação","de 101 a 500","Falta de compreensão dos casos de uso.","4"
"2023","motivo_nao_uso_ia","Área de Consultoria","de 101 a 500","Falta de compreensão dos casos de uso.","4"
"2023","motivo_nao_uso_ia","Finanças ou Bancos","de 101 a 500","Preocupações com propriedade intelectual (ou seja","4"
"2023","motivo_nao_uso_ia","Educação","de 101 a 500","Falta de expertise das equipes técnicas ou falta de recursos internos.","4"
"2023","motivo_nao_uso_ia","Setor Alimentício","de 101 a 500","Falta de compreensão dos casos de uso.","4"
"2023","motivo_nao_uso_ia","Tecnologia/Fábrica de Software","de 101 a 500","Preocupações com propriedade intelectual (ou seja","4"
"2023","motivo_nao_uso_ia","Tecnologia/Fábrica de Software","de 1 a 5","Baixa qualidade e/ou falta de confiabilidade das saídas (alucinação dos modelos).","4"
"2023","motivo_nao_uso_ia","Área da Saúde","Acima de 3.000","Dados da empresa não estão prontos para uso de IA Generativa.","4"
"2023","motivo_nao_uso_ia","Internet/Ecommerce","Acima de 3.000","Falta de expertise das equipes técnicas ou falta de recursos internos.","4"
"2023","motivo_nao_uso_ia","Área de Consultoria","Acima de 3.000","Falta de compreensão dos casos de uso.","4"
"2023","motivo_nao_uso_ia","Área de Consultoria","de 1 a 5","Falta de expertise das equipes técnicas ou falta de recursos internos.","4"
"2023","motivo_nao_uso_ia","Outra Opção","de 101 a 500","Falta de expertise das equipes técnicas ou falta de recursos internos.","4"
"2023","motivo_nao_uso_ia","Educação","Acima de 3.000","tipo de dados usados para treinar um modelo de terceiros).","4"
"2023","motivo_nao_uso_ia","Área de Consultoria","de 11 a 50","Dados da empresa não estão prontos para uso de IA Generativa.","4"
"2023","motivo_nao_uso_ia","Setor Público","de 101 a 500","Falta de expertise das equipes técnicas ou falta de recursos internos.","4"
"2023","motivo_nao_uso_ia","Tecnologia/Fábrica de Software","de 1.001 a 3.000","Falta de expertise das equipes técnicas ou falta de recursos internos.","4"
"2023","motivo_nao_uso_ia","Área da Saúde","de 501 a 1.000","Falta de expertise das equipes técnicas ou falta de recursos internos.","4"
"2023","motivo_nao_uso_ia","Internet/Ecommerce","Acima de 3.000","Dados da empresa não estão prontos para uso de IA Generativa.","4"
"2023","motivo_nao_uso_ia","Tecnologia/Fábrica de Software","de 1 a 5","Falta de expertise das equipes técnicas ou falta de recursos internos.","4"
"2023","motivo_nao_uso_ia","Tecnologia/Fábrica de Software","de 51 a 100","Preocupações com segurança e privacidade de dados.","4"
"2023","motivo_nao_uso_ia","Área de Consultoria","de 1.001 a 3.000","Preocupações com segurança e privacidade de dados.","4"
"2023","motivo_nao_uso_ia","Agronegócios","Acima de 3.000","Preocupações com propriedade intelectual (ou seja","4"
"2023","motivo_nao_uso_ia","Setor Público","de 101 a 500","Alta direção da empresa não vê valor ou não vê esse tipo de iniciativa como prioridade.","4"
"2023","motivo_nao_uso_ia","Outra Opção","de 101 a 500","Alta direção da empresa não vê valor ou não vê esse tipo de iniciativa como prioridade.","4"
"2023","motivo_nao_uso_ia","Educação","Acima de 3.000","Falta de compreensão dos casos de uso.","4"
"2023","motivo_nao_uso_ia","Educação","Acima de 3.000","Preocupações com propriedade intelectual (ou seja","4"
"2023","motivo_nao_uso_ia","Área de Consultoria","de 1 a 5","Baixa qualidade e/ou falta de confiabilidade das saídas (alucinação dos modelos).","4"
"2023","motivo_nao_uso_ia","Área de Consultoria","de 101 a 500","Baixa qualidade e/ou falta de confiabilidade das saídas (alucinação dos modelos).","4"
"2023","motivo_nao_uso_ia","Setor Público","de 101 a 500","Preocupações com segurança e privacidade de dados.","4"
"2023","motivo_nao_uso_ia","Finanças ou Bancos","de 51 a 100","Falta de expertise das equipes técnicas ou falta de recursos internos.","4"
"2023","motivo_nao_uso_ia","Agronegócios","Acima de 3.000","tipo de dados usados para treinar um modelo de terceiros).","4"
"2023","motivo_nao_uso_ia","Varejo","de 11 a 50","Falta de compreensão dos casos de uso.","4"
"2023","motivo_nao_uso_ia","Finanças ou Bancos","de 101 a 500","Incerteza em relação a regulamentação ou questões regulatórias.","4"
"2023","motivo_nao_uso_ia","Setor Público","Acima de 3.000","Falta de compreensão dos casos de uso.","4"
"2023","motivo_nao_uso_ia","Setor Alimentício","de 101 a 500","Falta de expertise das equipes técnicas ou falta de recursos internos.","4"
"2023","motivo_nao_uso_ia","Agronegócios","Acima de 3.000","Preocupações com segurança e privacidade de dados.","4"
"2023","motivo_nao_uso_ia","Área da Saúde","Acima de 3.000","Retorno sobre investimento (ROI) não comprovado de IA Generativa.","4"
"2023","motivo_nao_uso_ia","Setor Público","Acima de 3.000","Incerteza em relação a regulamentação ou questões regulatórias.","3"
"2023","motivo_nao_uso_ia","Indústria","de 501 a 1.000","Falta de expertise das equipes técnicas ou falta de recursos internos.","3"
"2023","motivo_nao_uso_ia","Setor Automotivo","Acima de 3.000","Baixa qualidade e/ou falta de confiabilidade das saídas (alucinação dos modelos).","3"
"2023","motivo_nao_uso_ia","Finanças ou Bancos","de 101 a 500","Alta direção da empresa não vê valor ou não vê esse tipo de iniciativa como prioridade.","3"
"2023","motivo_nao_uso_ia","Telecomunicação","de 101 a 500","Falta de compreensão dos casos de uso.","3"
"2023","motivo_nao_uso_ia","Finanças ou Bancos","de 1.001 a 3.000","Incerteza em relação a regulamentação ou questões regulatórias.","3"
"2023","motivo_nao_uso_ia","Tecnologia/Fábrica de Software","de 501 a 1.000","Dados da empresa não estão prontos para uso de IA Generativa.","3"
"2023","motivo_nao_uso_ia","Outra Opção","de 501 a 1.000","Falta de expertise das equipes técnicas ou falta de recursos internos.","3"
"2023","motivo_nao_uso_ia","Educação","de 1.001 a 3.000","Falta de compreensão dos casos de uso.","3"
"2023","motivo_nao_uso_ia","Varejo","de 1.001 a 3.000","Falta de compreensão dos casos de uso.","3"
"2023","motivo_nao_uso_ia","Telecomunicação","de 501 a 1.000","Falta de compreensão dos casos de uso.","3"
"2023","motivo_nao_uso_ia","Tecnologia/Fábrica de Software","de 1 a 5","Preocupações com propriedade intelectual (ou seja","3"
"2023","motivo_nao_uso_ia","Educação","de 101 a 500","Dados da empresa não estão prontos para uso de IA Generativa.","3"
"2023","motivo_nao_uso_ia","Setor de Energia","Acima de 3.000","Falta de expertise das equipes técnicas ou falta de recursos internos.","3"
"2023","motivo_nao_uso_ia","Internet/Ecommerce","de 1.001 a 3.000","Falta de expertise das equipes técnicas ou falta de recursos internos.","3"
"2023","motivo_nao_uso_ia","Setor de Energia","Acima de 3.000","Dados da empresa não estão prontos para uso de IA Generativa.","3"
"2023","motivo_nao_uso_ia","Varejo","de 101 a 500","Preocupações com segurança e privacidade de dados.","3"
"2023","motivo_nao_uso_ia","Área da Saúde","de 101 a 500","Preocupações com segurança e privacidade de dados.","3"
"2023","motivo_nao_uso_ia","Área da Saúde","Acima de 3.000","Falta de compreensão dos casos de uso.","3"
"2023","motivo_nao_uso_ia","Finanças ou Bancos","de 1.001 a 3.000","Dados da empresa não estão prontos para uso de IA Generativa.","3"
"2023","motivo_nao_uso_ia","Área de Consultoria","de 1.001 a 3.000","Incerteza em relação a regulamentação ou questões regulatórias.","3"
"2023","motivo_nao_uso_ia","Outra Opção","de 11 a 50","Baixa qualidade e/ou falta de confiabilidade das saídas (alucinação dos modelos).","3"
"2023","motivo_nao_uso_ia","Tecnologia/Fábrica de Software","de 501 a 1.000","Baixa qualidade e/ou falta de confiabilidade das saídas (alucinação dos modelos).","3"
"2023","motivo_nao_uso_ia","Finanças ou Bancos","de 501 a 1.000","Preocupações com segurança e privacidade de dados.","3"
"2023","motivo_nao_uso_ia","Outra Opção","de 101 a 500","Dados da empresa não estão prontos para uso de IA Generativa.","3"
"2023","motivo_nao_uso_ia","Setor Público","de 101 a 500","Falta de compreensão dos casos de uso.","3"
"2023","motivo_nao_uso_ia","Finanças ou Bancos","de 1.001 a 3.000","Preocupações com segurança e privacidade de dados.","3"
"2023","motivo_nao_uso_ia","Área de Consultoria","de 1.001 a 3.000","Falta de compreensão dos casos de uso.","3"
"2023","motivo_nao_uso_ia","Área da Saúde","de 51 a 100","Dados da empresa não estão prontos para uso de IA Generativa.","3"
"2023","motivo_nao_uso_ia","Internet/Ecommerce","Acima de 3.000","Baixa qualidade e/ou falta de confiabilidade das saídas (alucinação dos modelos).","3"
"2023","motivo_nao_uso_ia","Tecnologia/Fábrica de Software","de 1 a 5","Retorno sobre investimento (ROI) não comprovado de IA Generativa.","3"
"2023","motivo_nao_uso_ia","Marketing","de 101 a 500","Falta de compreensão dos casos de uso.","3"
"2023","motivo_nao_uso_ia","Tecnologia/Fábrica de Software","de 1 a 5","tipo de dados usados para treinar um modelo de terceiros).","3"
"2023","motivo_nao_uso_ia","Finanças ou Bancos","de 501 a 1.000","Incerteza em relação a regulamentação ou questões regulatórias.","3"
"2023","motivo_nao_uso_ia","Indústria","de 101 a 500","Falta de compreensão dos casos de uso.","3"
"2023","motivo_nao_uso_ia","Tecnologia/Fábrica de Software","de 501 a 1.000","Preocupações com propriedade intelectual (ou seja","3"
"2023","motivo_nao_uso_ia","Tecnologia/Fábrica de Software","de 6 a 10","Dados da empresa não estão prontos para uso de IA Generativa.","3"
"2023","motivo_nao_uso_ia","Tecnologia/Fábrica de Software","de 6 a 10","Falta de compreensão dos casos de uso.","3"
"2023","motivo_nao_uso_ia","Varejo","de 1.001 a 3.000","Alta direção da empresa não vê valor ou não vê esse tipo de iniciativa como prioridade.","3"
"2023","motivo_nao_uso_ia","Internet/Ecommerce","de 1.001 a 3.000","Falta de compreensão dos casos de uso.","3"
"2023","motivo_nao_uso_ia","Setor Público","de 501 a 1.000","Falta de expertise das equipes técnicas ou falta de recursos internos.","3"
"2023","motivo_nao_uso_ia","Telecomunicação","Acima de 3.000","Retorno sobre investimento (ROI) não comprovado de IA Generativa.","3"
"2023","motivo_nao_uso_ia","Outra Opção","de 501 a 1.000","Falta de compreensão dos casos de uso.","3"
"2023","motivo_nao_uso_ia","Educação","Acima de 3.000","Falta de expertise das equipes técnicas ou falta de recursos internos.","3"
"2023","motivo_nao_uso_ia","Setor Imobiliário/ Construção Civil","Acima de 3.000","Falta de compreensão dos casos de uso.","3"
"2023","motivo_nao_uso_ia","Tecnologia/Fábrica de Software","de 501 a 1.000","tipo de dados usados para treinar um modelo de terceiros).","3"
"2023","motivo_nao_uso_ia","Telecomunicação","de 101 a 500","Alta direção da empresa não vê valor ou não vê esse tipo de iniciativa como prioridade.","3"
"2023","motivo_nao_uso_ia","Finanças ou Bancos","de 51 a 100","Falta de compreensão dos casos de uso.","3"
"2023","motivo_nao_uso_ia","Internet/Ecommerce","de 101 a 500","Falta de compreensão dos casos de uso.","3"
"2023","motivo_nao_uso_ia","Indústria","Acima de 3.000","Alta direção da empresa não vê valor ou não vê esse tipo de iniciativa como prioridade.","3"
"2023","motivo_nao_uso_ia","Indústria","Acima de 3.000","Retorno sobre investimento (ROI) não comprovado de IA Generativa.","3"
"2023","motivo_nao_uso_ia","Área da Saúde","Acima de 3.000","tipo de dados usados para treinar um modelo de terceiros).","2"
"2023","motivo_nao_uso_ia","Filantropia/ONG's","de 101 a 500","Dados da empresa não estão prontos para uso de IA Generativa.","2"
"2023","motivo_nao_uso_ia","Outra Opção","de 501 a 1.000","Preocupações com propriedade intelectual (ou seja","2"
"2023","motivo_nao_uso_ia","Educação","de 11 a 50","Falta de compreensão dos casos de uso.","2"
"2023","motivo_nao_uso_ia","Telecomunicação","de 101 a 500","Falta de expertise das equipes técnicas ou falta de recursos internos.","2"
"2023","motivo_nao_uso_ia","Marketing","de 11 a 50","Preocupações com segurança e privacidade de dados.","2"
"2023","motivo_nao_uso_ia","Área de Consultoria","de 501 a 1.000","Incerteza em relação a regulamentação ou questões regulatórias.","2"
"2023","motivo_nao_uso_ia","Área da Saúde","de 1.001 a 3.000","Dados da empresa não estão prontos para uso de IA Generativa.","2"
"2023","motivo_nao_uso_ia","Outra Opção","de 501 a 1.000","tipo de dados usados para treinar um modelo de terceiros).","2"
"2023","motivo_nao_uso_ia","Área da Saúde","de 1.001 a 3.000","Falta de compreensão dos casos de uso.","2"
"2023","motivo_nao_uso_ia","Setor Imobiliário/ Construção Civil","de 1.001 a 3.000","Falta de compreensão dos casos de uso.","2"
"2023","motivo_nao_uso_ia","Internet/Ecommerce","de 1.001 a 3.000","Dados da empresa não estão prontos para uso de IA Generativa.","2"
"2023","motivo_nao_uso_ia","Marketing","de 51 a 100","Falta de expertise das equipes técnicas ou falta de recursos internos.","2"
"2023","motivo_nao_uso_ia","Marketing","de 101 a 500","Incerteza em relação a regulamentação ou questões regulatórias.","2"
"2023","motivo_nao_uso_ia","Setor Farmaceutico","Acima de 3.000","tipo de dados usados para treinar um modelo de terceiros).","2"
"2023","motivo_nao_uso_ia","Educação","de 51 a 100","Falta de compreensão dos casos de uso.","2"
"2023","motivo_nao_uso_ia","Setor Público","Acima de 3.000","tipo de dados usados para treinar um modelo de terceiros).","2"
"2023","motivo_nao_uso_ia","Setor Público","de 1.001 a 3.000","Falta de expertise das equipes técnicas ou falta de recursos internos.","2"
"2023","motivo_nao_uso_ia","Outra Opção","de 1.001 a 3.000","Dados da empresa não estão prontos para uso de IA Generativa.","2"
"2023","motivo_nao_uso_ia","Setor Público","Acima de 3.000","Alta direção da empresa não vê valor ou não vê esse tipo de iniciativa como prioridade.","2"
"2023","motivo_nao_uso_ia","Tecnologia/Fábrica de Software","de 1 a 5","Alta direção da empresa não vê valor ou não vê esse tipo de iniciativa como prioridade.","2"
"2023","motivo_nao_uso_ia","Telecomunicação","de 501 a 1.000","Preocupações com segurança e privacidade de dados.","2"
"2023","motivo_nao_uso_ia","Setor Público","de 501 a 1.000","Incerteza em relação a regulamentação ou questões regulatórias.","2"
"2023","motivo_nao_uso_ia","Outra Opção","Acima de 3.000","Retorno sobre investimento (ROI) não comprovado de IA Generativa.","2"
"2023","motivo_nao_uso_ia","Indústria","de 501 a 1.000","Dados da empresa não estão prontos para uso de IA Generativa.","2"
"2023","motivo_nao_uso_ia","Varejo","de 51 a 100","Preocupações com segurança e privacidade de dados.","2"
"2023","motivo_nao_uso_ia","Área da Saúde","Acima de 3.000","Baixa qualidade e/ou falta de confiabilidade das saídas (alucinação dos modelos).","2"
"2023","motivo_nao_uso_ia","Indústria","Acima de 3.000","Baixa qualidade e/ou falta de confiabilidade das saídas (alucinação dos modelos).","2"
"2023","motivo_nao_uso_ia","Setor de Energia","Acima de 3.000","Falta de compreensão dos casos de uso.","2"
"2023","motivo_nao_uso_ia","Setor Público","Acima de 3.000","Preocupações com propriedade intelectual (ou seja","2"
"2023","motivo_nao_uso_ia","Setor Imobiliário/ Construção Civil","Acima de 3.000","Baixa qualidade e/ou falta de confiabilidade das saídas (alucinação dos modelos).","2"
"2023","motivo_nao_uso_ia","Finanças ou Bancos","de 51 a 100","Alta direção da empresa não vê valor ou não vê esse tipo de iniciativa como prioridade.","2"
"2023","motivo_nao_uso_ia","Área de Consultoria","de 51 a 100","Falta de compreensão dos casos de uso.","2"
"2023","motivo_nao_uso_ia","Varejo","de 1.001 a 3.000","Falta de expertise das equipes técnicas ou falta de recursos internos.","2"
"2023","motivo_nao_uso_ia","Telecomunicação","Acima de 3.000","Falta de expertise das equipes técnicas ou falta de recursos internos.","2"
"2023","motivo_nao_uso_ia","Área de Consultoria","de 1.001 a 3.000","Falta de expertise das equipes técnicas ou falta de recursos internos.","2"
"2023","motivo_nao_uso_ia","Finanças ou Bancos","de 51 a 100","Preocupações com segurança e privacidade de dados.","2"
"2023","motivo_nao_uso_ia","Varejo","de 101 a 500","tipo de dados usados para treinar um modelo de terceiros).","2"
"2023","motivo_nao_uso_ia","Telecomunicação","de 501 a 1.000","Falta de expertise das equipes técnicas ou falta de recursos internos.","2"
"2023","motivo_nao_uso_ia","Setor Público","de 101 a 500","Incerteza em relação a regulamentação ou questões regulatórias.","2"
"2023","motivo_nao_uso_ia","Setor Público","Acima de 3.000","Dados da empresa não estão prontos para uso de IA Generativa.","2"
"2023","motivo_nao_uso_ia","Setor Automotivo","Acima de 3.000","Falta de compreensão dos casos de uso.","2"
"2023","motivo_nao_uso_ia","Área da Saúde","Acima de 3.000","Preocupações com propriedade intelectual (ou seja","2"
"2023","motivo_nao_uso_ia","Tecnologia/Fábrica de Software","de 51 a 100","Alta direção da empresa não vê valor ou não vê esse tipo de iniciativa como prioridade.","2"
"2023","motivo_nao_uso_ia","Outra Opção","de 11 a 50","Dados da empresa não estão prontos para uso de IA Generativa.","2"
"2023","motivo_nao_uso_ia","Área da Saúde","de 1.001 a 3.000","Falta de expertise das equipes técnicas ou falta de recursos internos.","2"
"2023","motivo_nao_uso_ia","Área de Consultoria","de 6 a 10","tipo de dados usados para treinar um modelo de terceiros).","2"
"2023","motivo_nao_uso_ia","Área de Consultoria","Acima de 3.000","Dados da empresa não estão prontos para uso de IA Generativa.","2"
"2023","motivo_nao_uso_ia","Tecnologia/Fábrica de Software","de 101 a 500","Incerteza em relação a regulamentação ou questões regulatórias.","2"
"2023","motivo_nao_uso_ia","Educação","de 51 a 100","Falta de expertise das equipes técnicas ou falta de recursos internos.","2"
"2023","motivo_nao_uso_ia","Outra Opção","de 1.001 a 3.000","Falta de compreensão dos casos de uso.","2"
"2023","motivo_nao_uso_ia","Educação","de 6 a 10","Dados da empresa não estão prontos para uso de IA Generativa.","2"
"2023","motivo_nao_uso_ia","Outra Opção","de 11 a 50","Retorno sobre investimento (ROI) não comprovado de IA Generativa.","2"
"2023","motivo_nao_uso_ia","Educação","de 501 a 1.000","Preocupações com segurança e privacidade de dados.","2"
"2023","motivo_nao_uso_ia","Área de Consultoria","de 11 a 50","Retorno sobre investimento (ROI) não comprovado de IA Generativa.","2"
"2023","motivo_nao_uso_ia","Filantropia/ONG's","de 101 a 500","Falta de expertise das equipes técnicas ou falta de recursos internos.","2"
"2023","motivo_nao_uso_ia","Área da Saúde","de 101 a 500","Dados da empresa não estão prontos para uso de IA Generativa.","2"
"2023","motivo_nao_uso_ia","Internet/Ecommerce","Acima de 3.000","Preocupações com segurança e privacidade de dados.","2"
"2023","motivo_nao_uso_ia","Área de Consultoria","de 51 a 100","Preocupações com segurança e privacidade de dados.","2"
"2023","motivo_nao_uso_ia","Tecnologia/Fábrica de Software","de 1.001 a 3.000","Incerteza em relação a regulamentação ou questões regulatórias.","2"
"2023","motivo_nao_uso_ia","Marketing","de 51 a 100","Dados da empresa não estão prontos para uso de IA Generativa.","2"
"2023","motivo_nao_uso_ia","Agronegócios","de 101 a 500","Dados da empresa não estão prontos para uso de IA Generativa.","2"
"2023","motivo_nao_uso_ia","Tecnologia/Fábrica de Software","de 1.001 a 3.000","Baixa qualidade e/ou falta de confiabilidade das saídas (alucinação dos modelos).","2"
"2023","motivo_nao_uso_ia","Setor Público","de 501 a 1.000","Dados da empresa não estão prontos para uso de IA Generativa.","2"
"2023","motivo_nao_uso_ia","Área da Saúde","de 11 a 50","Falta de expertise das equipes técnicas ou falta de recursos internos.","2"
"2023","motivo_nao_uso_ia","Marketing","de 101 a 500","Retorno sobre investimento (ROI) não comprovado de IA Generativa.","2"
"2023","motivo_nao_uso_ia","Finanças ou Bancos","de 11 a 50","Baixa qualidade e/ou falta de confiabilidade das saídas (alucinação dos modelos).","2"
"2023","motivo_nao_uso_ia","Área de Consultoria","de 11 a 50","Baixa qualidade e/ou falta de confiabilidade das saídas (alucinação dos modelos).","2"
"2023","motivo_nao_uso_ia","Setor Público","Acima de 3.000","Baixa qualidade e/ou falta de confiabilidade das saídas (alucinação dos modelos).","2"
"2023","motivo_nao_uso_ia","Setor Imobiliário/ Construção Civil","Acima de 3.000","Preocupações com segurança e privacidade de dados.","2"
"2023","motivo_nao_uso_ia","Área de Consultoria","Acima de 3.000","Baixa qualidade e/ou falta de confiabilidade das saídas (alucinação dos modelos).","2"
"2023","motivo_nao_uso_ia","Setor de Energia","Acima de 3.000","Baixa qualidade e/ou falta de confiabilidade das saídas (alucinação dos modelos).","2"
"2023","motivo_nao_uso_ia","Setor Alimentício","de 101 a 500","Dados da empresa não estão prontos para uso de IA Generativa.","2"
"2023","motivo_nao_uso_ia","Setor Público","de 1.001 a 3.000","Incerteza em relação a regulamentação ou questões regulatórias.","2"
"2023","motivo_nao_uso_ia","Agronegócios","de 11 a 50","Falta de expertise das equipes técnicas ou falta de recursos internos.","2"
"2023","motivo_nao_uso_ia","Área da Saúde","de 11 a 50","Dados da empresa não estão prontos para uso de IA Generativa.","2"
"2023","motivo_nao_uso_ia","Tecnologia/Fábrica de Software","de 101 a 500","Alta direção da empresa não vê valor ou não vê esse tipo de iniciativa como prioridade.","2"
"2023","motivo_nao_uso_ia","Tecnologia/Fábrica de Software","de 501 a 1.000","Alta direção da empresa não vê valor ou não vê esse tipo de iniciativa como prioridade.","2"
"2023","motivo_nao_uso_ia","Agronegócios","de 101 a 500","Falta de compreensão dos casos de uso.","2"
"2023","motivo_nao_uso_ia","Setor Imobiliário/ Construção Civil","de 11 a 50","Falta de expertise das equipes técnicas ou falta de recursos internos.","2"
"2023","motivo_nao_uso_ia","Área da Saúde","Acima de 3.000","Incerteza em relação a regulamentação ou questões regulatórias.","2"
"2023","motivo_nao_uso_ia","Varejo","de 1.001 a 3.000","Retorno sobre investimento (ROI) não comprovado de IA Generativa.","2"
"2023","motivo_nao_uso_ia","Outra Opção","de 11 a 50","Falta de expertise das equipes técnicas ou falta de recursos internos.","2"
"2023","motivo_nao_uso_ia","Varejo","de 501 a 1.000","Falta de compreensão dos casos de uso.","2"
"2023","motivo_nao_uso_ia","Tecnologia/Fábrica de Software","de 1.001 a 3.000","Retorno sobre investimento (ROI) não comprovado de IA Generativa.","2"
"2023","motivo_nao_uso_ia","Varejo","de 101 a 500","Alta direção da empresa não vê valor ou não vê esse tipo de iniciativa como prioridade.","2"
"2023","motivo_nao_uso_ia","Outra Opção","de 11 a 50","Falta de compreensão dos casos de uso.","2"
"2023","motivo_nao_uso_ia","Setor Alimentício","de 6 a 10","Falta de expertise das equipes técnicas ou falta de recursos internos.","2"
"2023","motivo_nao_uso_ia","Setor Automotivo","de 501 a 1.000","Alta direção da empresa não vê valor ou não vê esse tipo de iniciativa como prioridade.","2"
"2023","motivo_nao_uso_ia","Outra Opção","de 11 a 50","Preocupações com segurança e privacidade de dados.","2"
"2023","motivo_nao_uso_ia","Educação","de 501 a 1.000","Retorno sobre investimento (ROI) não comprovado de IA Generativa.","2"
"2023","motivo_nao_uso_ia","Finanças ou Bancos","de 11 a 50","Dados da empresa não estão prontos para uso de IA Generativa.","2"
"2023","motivo_nao_uso_ia","Finanças ou Bancos","de 11 a 50","Preocupações com propriedade intelectual (ou seja","2"
"2023","motivo_nao_uso_ia","Área da Saúde","de 51 a 100","Retorno sobre investimento (ROI) não comprovado de IA Generativa.","2"
"2023","motivo_nao_uso_ia","Setor Farmaceutico","Acima de 3.000","Preocupações com propriedade intelectual (ou seja","2"
"2023","motivo_nao_uso_ia","Área de Consultoria","de 101 a 500","Retorno sobre investimento (ROI) não comprovado de IA Generativa.","2"
"2023","motivo_nao_uso_ia","Educação","de 1 a 5","Falta de compreensão dos casos de uso.","2"
"2023","motivo_nao_uso_ia","Finanças ou Bancos","de 1.001 a 3.000","Falta de compreensão dos casos de uso.","2"
"2023","motivo_nao_uso_ia","Outra Opção","de 51 a 100","Baixa qualidade e/ou falta de confiabilidade das saídas (alucinação dos modelos).","2"
"2023","motivo_nao_uso_ia","Varejo","de 51 a 100","Falta de compreensão dos casos de uso.","2"
"2023","motivo_nao_uso_ia","Agronegócios","de 101 a 500","Falta de expertise das equipes técnicas ou falta de recursos internos.","2"
"2023","motivo_nao_uso_ia","Internet/Ecommerce","de 1.001 a 3.000","Baixa qualidade e/ou falta de confiabilidade das saídas (alucinação dos modelos).","2"
"2023","motivo_nao_uso_ia","Setor Público","de 501 a 1.000","Falta de compreensão dos casos de uso.","2"
"2023","motivo_nao_uso_ia","Setor de Energia","Acima de 3.000","Preocupações com segurança e privacidade de dados.","2"
"2023","motivo_nao_uso_ia","Área de Consultoria","de 51 a 100","Falta de expertise das equipes técnicas ou falta de recursos internos.","2"
"2023","motivo_nao_uso_ia","Tecnologia/Fábrica de Software","de 11 a 50","Alta direção da empresa não vê valor ou não vê esse tipo de iniciativa como prioridade.","2"
"2023","motivo_nao_uso_ia","Finanças ou Bancos","de 501 a 1.000","Alta direção da empresa não vê valor ou não vê esse tipo de iniciativa como prioridade.","2"
"2023","motivo_nao_uso_ia","Varejo","de 51 a 100","Falta de expertise das equipes técnicas ou falta de recursos internos.","2"
"2023","motivo_nao_uso_ia","Área de Consultoria","de 501 a 1.000","Falta de compreensão dos casos de uso.","2"
"2023","motivo_nao_uso_ia","Área da Saúde","de 101 a 500","Falta de compreensão dos casos de uso.","2"
"2023","motivo_nao_uso_ia","Área de Consultoria","de 501 a 1.000","Dados da empresa não estão prontos para uso de IA Generativa.","2"
"2023","motivo_nao_uso_ia","Varejo","de 101 a 500","Preocupações com propriedade intelectual (ou seja","2"
"2023","motivo_nao_uso_ia","Tecnologia/Fábrica de Software","de 6 a 10","Retorno sobre investimento (ROI) não comprovado de IA Generativa.","2"
"2023","motivo_nao_uso_ia","Educação","de 51 a 100","Preocupações com segurança e privacidade de dados.","2"
"2023","motivo_nao_uso_ia","Varejo","de 101 a 500","Falta de compreensão dos casos de uso.","2"
"2023","motivo_nao_uso_ia","Área de Consultoria","de 6 a 10","Falta de compreensão dos casos de uso.","2"
"2023","motivo_nao_uso_ia","Finanças ou Bancos","de 11 a 50","tipo de dados usados para treinar um modelo de terceiros).","2"
"2023","motivo_nao_uso_ia","Setor Farmaceutico","Acima de 3.000","Preocupações com segurança e privacidade de dados.","2"
"2023","motivo_nao_uso_ia","Varejo","Acima de 3.000","Alta direção da empresa não vê valor ou não vê esse tipo de iniciativa como prioridade.","2"
"2023","motivo_nao_uso_ia","Marketing","de 51 a 100","Baixa qualidade e/ou falta de confiabilidade das saídas (alucinação dos modelos).","2"
"2023","motivo_nao_uso_ia","Telecomunicação","Acima de 3.000","Falta de compreensão dos casos de uso.","2"
"2023","motivo_nao_uso_ia","Entretenimento ou Esportes","de 501 a 1.000","Preocupações com segurança e privacidade de dados.","2"
"2023","motivo_nao_uso_ia","Agronegócios","Acima de 3.000","Incerteza em relação a regulamentação ou questões regulatórias.","2"
"2023","motivo_nao_uso_ia","Educação","de 1.001 a 3.000","Dados da empresa não estão prontos para uso de IA Generativa.","2"
"2023","motivo_nao_uso_ia","Área de Consultoria","de 6 a 10","Preocupações com propriedade intelectual (ou seja","2"
"2023","motivo_nao_uso_ia","Área de Consultoria","de 11 a 50","Preocupações com segurança e privacidade de dados.","2"
"2023","motivo_nao_uso_ia","Tecnologia/Fábrica de Software","de 6 a 10","Baixa qualidade e/ou falta de confiabilidade das saídas (alucinação dos modelos).","2"
"2023","motivo_nao_uso_ia","Seguros ou Previdência","de 101 a 500","Falta de compreensão dos casos de uso.","2"
"2023","motivo_nao_uso_ia","Outra Opção","de 501 a 1.000","Retorno sobre investimento (ROI) não comprovado de IA Generativa.","2"
"2023","motivo_nao_uso_ia","Entretenimento ou Esportes","de 501 a 1.000","Incerteza em relação a regulamentação ou questões regulatórias.","2"
"2023","motivo_nao_uso_ia","Setor Alimentício","Acima de 3.000","Falta de compreensão dos casos de uso.","2"
"2023","motivo_nao_uso_ia","Outra Opção","Acima de 3.000","Baixa qualidade e/ou falta de confiabilidade das saídas (alucinação dos modelos).","2"
"2023","motivo_nao_uso_ia","Setor Alimentício","de 101 a 500","Retorno sobre investimento (ROI) não comprovado de IA Generativa.","2"
"2023","motivo_nao_uso_ia","Indústria","de 101 a 500","Dados da empresa não estão prontos para uso de IA Generativa.","2"
"2023","motivo_nao_uso_ia","Indústria","de 501 a 1.000","Falta de compreensão dos casos de uso.","2"
"2023","motivo_nao_uso_ia","Setor Público","de 1.001 a 3.000","Falta de compreensão dos casos de uso.","2"
"2023","motivo_nao_uso_ia","Telecomunicação","Acima de 3.000","Preocupações com segurança e privacidade de dados.","2"
"2023","motivo_nao_uso_ia","Setor Público","de 1.001 a 3.000","Preocupações com segurança e privacidade de dados.","2"
"2023","motivo_nao_uso_ia","Varejo","de 501 a 1.000","Falta de expertise das equipes técnicas ou falta de recursos internos.","2"
"2023","motivo_nao_uso_ia","Internet/Ecommerce","de 101 a 500","Retorno sobre investimento (ROI) não comprovado de IA Generativa.","2"
"2023","motivo_nao_uso_ia","Finanças ou Bancos","de 1.001 a 3.000","Alta direção da empresa não vê valor ou não vê esse tipo de iniciativa como prioridade.","2"
"2023","motivo_nao_uso_ia","Setor Imobiliário/ Construção Civil","Acima de 3.000","Falta de expertise das equipes técnicas ou falta de recursos internos.","2"
"2023","motivo_nao_uso_ia","Finanças ou Bancos","de 11 a 50","Falta de compreensão dos casos de uso.","2"
"2023","motivo_nao_uso_ia","Varejo","de 501 a 1.000","Preocupações com propriedade intelectual (ou seja","1"
"2023","motivo_nao_uso_ia","Tecnologia/Fábrica de Software","de 501 a 1.000","Nao sei opinar","1"
"2023","motivo_nao_uso_ia","Área da Saúde","de 101 a 500","Falta de tempo e mão de obra","1"
"2023","motivo_nao_uso_ia","Seguros ou Previdência","Acima de 3.000","Dados da empresa não estão prontos para uso de IA Generativa.","1"
"2023","motivo_nao_uso_ia","Área da Saúde","de 11 a 50","tipo de dados usados para treinar um modelo de terceiros).","1"
"2023","motivo_nao_uso_ia","Varejo","de 11 a 50","Preocupações com segurança e privacidade de dados.","1"
"2023","motivo_nao_uso_ia","Educação","de 6 a 10","Falta de expertise das equipes técnicas ou falta de recursos internos.","1"
"2023","motivo_nao_uso_ia","Indústria","de 1.001 a 3.000","Preocupações com propriedade intelectual (ou seja","1"
"2023","motivo_nao_uso_ia","Área de Consultoria","de 51 a 100","Incerteza em relação a regulamentação ou questões regulatórias.","1"
"2023","motivo_nao_uso_ia","Marketing","de 1 a 5","Alta direção da empresa não vê valor ou não vê esse tipo de iniciativa como prioridade.","1"
"2023","motivo_nao_uso_ia","Setor Alimentício","de 51 a 100","Preocupações com segurança e privacidade de dados.","1"
"2023","motivo_nao_uso_ia","Indústria","de 1.001 a 3.000","Dados da empresa não estão prontos para uso de IA Generativa.","1"
"2023","motivo_nao_uso_ia","Outra Opção","de 51 a 100","Dados da empresa não estão prontos para uso de IA Generativa.","1"
"2023","motivo_nao_uso_ia","Telecomunicação","Acima de 3.000","Incerteza em relação a regulamentação ou questões regulatórias.","1"
"2023","motivo_nao_uso_ia","Telecomunicação","de 501 a 1.000","Retorno sobre investimento (ROI) não comprovado de IA Generativa.","1"
"2023","motivo_nao_uso_ia","Outra Opção","de 1.001 a 3.000","Baixa qualidade e/ou falta de confiabilidade das saídas (alucinação dos modelos).","1"
"2023","motivo_nao_uso_ia","Educação","de 1 a 5","Alta direção da empresa não vê valor ou não vê esse tipo de iniciativa como prioridade.","1"
"2023","motivo_nao_uso_ia","Marketing","de 501 a 1.000","Falta de expertise das equipes técnicas ou falta de recursos internos.","1"
"2023","motivo_nao_uso_ia","Filantropia/ONG's","de 51 a 100","Incerteza em relação a regulamentação ou questões regulatórias.","1"
"2023","motivo_nao_uso_ia","Setor Público","de 6 a 10","Incerteza em relação a regulamentação ou questões regulatórias.","1"
"2023","motivo_nao_uso_ia","Setor Público","de 501 a 1.000","Baixa qualidade e/ou falta de confiabilidade das saídas (alucinação dos modelos).","1"
"2023","motivo_nao_uso_ia","Educação","de 101 a 500","Preocupações com segurança e privacidade de dados.","1"
"2023","motivo_nao_uso_ia","Telecomunicação","de 51 a 100","Falta de compreensão dos casos de uso.","1"
"2023","motivo_nao_uso_ia","Seguros ou Previdência","de 101 a 500","Dados da empresa não estão prontos para uso de IA Generativa.","1"
"2023","motivo_nao_uso_ia","Finanças ou Bancos","de 501 a 1.000","tipo de dados usados para treinar um modelo de terceiros).","1"
"2023","motivo_nao_uso_ia","Finanças ou Bancos","de 1.001 a 3.000","Preocupações com propriedade intelectual (ou seja","1"
"2023","motivo_nao_uso_ia","Seguros ou Previdência","de 51 a 100","Dados da empresa não estão prontos para uso de IA Generativa.","1"
"2023","motivo_nao_uso_ia","Tecnologia/Fábrica de Software","de 51 a 100","Alto custo de criar modelos próprios","1"
"2023","motivo_nao_uso_ia","Educação","de 101 a 500","Retorno sobre investimento (ROI) não comprovado de IA Generativa.","1"
"2023","motivo_nao_uso_ia","Internet/Ecommerce","de 101 a 500","Alta direção da empresa não vê valor ou não vê esse tipo de iniciativa como prioridade.","1"
"2023","motivo_nao_uso_ia","Educação","de 51 a 100","Retorno sobre investimento (ROI) não comprovado de IA Generativa.","1"
"2023","motivo_nao_uso_ia","Área de Consultoria","de 51 a 100","Retorno sobre investimento (ROI) não comprovado de IA Generativa.","1"
"2023","motivo_nao_uso_ia","Setor de Energia","de 501 a 1.000","Falta de compreensão dos casos de uso.","1"
"2023","motivo_nao_uso_ia","Setor Imobiliário/ Construção Civil","Acima de 3.000","Alta direção da empresa não vê valor ou não vê esse tipo de iniciativa como prioridade.","1"
"2023","motivo_nao_uso_ia","Tecnologia/Fábrica de Software","de 11 a 50","Não sei opinar","1"
"2023","motivo_nao_uso_ia","Indústria","de 51 a 100","Falta de compreensão dos casos de uso.","1"
"2023","motivo_nao_uso_ia","Setor Imobiliário/ Construção Civil","de 6 a 10","Baixa qualidade e/ou falta de confiabilidade das saídas (alucinação dos modelos).","1"
"2023","motivo_nao_uso_ia","Setor Alimentício","Acima de 3.000","Preocupações com propriedade intelectual (ou seja","1"
"2023","motivo_nao_uso_ia","Filantropia/ONG's","de 11 a 50","Falta de compreensão dos casos de uso.","1"
"2023","motivo_nao_uso_ia","Agronegócios","de 11 a 50","Falta de compreensão dos casos de uso.","1"
"2023","motivo_nao_uso_ia","Tecnologia/Fábrica de Software","de 11 a 50","Funding","1"
"2023","motivo_nao_uso_ia","Entretenimento ou Esportes","de 101 a 500","Preocupações com propriedade intelectual (ou seja","1"
"2023","motivo_nao_uso_ia","Internet/Ecommerce","de 501 a 1.000","Baixa qualidade e/ou falta de confiabilidade das saídas (alucinação dos modelos).","1"
"2023","motivo_nao_uso_ia","Internet/Ecommerce","Acima de 3.000","tipo de dados usados para treinar um modelo de terceiros).","1"
"2023","motivo_nao_uso_ia","Internet/Ecommerce","de 101 a 500","Baixa qualidade e/ou falta de confiabilidade das saídas (alucinação dos modelos).","1"
"2023","motivo_nao_uso_ia","Educação","de 1.001 a 3.000","Retorno sobre investimento (ROI) não comprovado de IA Generativa.","1"
"2023","motivo_nao_uso_ia","Educação","de 6 a 10","Preocupações com propriedade intelectual (ou seja","1"
"2023","motivo_nao_uso_ia","Área da Saúde","de 51 a 100","Falta de expertise das equipes técnicas ou falta de recursos internos.","1"
"2023","motivo_nao_uso_ia","Setor Imobiliário/ Construção Civil","de 11 a 50","Dados da empresa não estão prontos para uso de IA Generativa.","1"
"2023","motivo_nao_uso_ia","Tecnologia/Fábrica de Software","de 11 a 50","Tempo","1"
"2023","motivo_nao_uso_ia","Educação","de 501 a 1.000","tipo de dados usados para treinar um modelo de terceiros).","1"
"2023","motivo_nao_uso_ia","Telecomunicação","de 1.001 a 3.000","Falta de compreensão dos casos de uso.","1"
"2023","motivo_nao_uso_ia","Varejo","de 1.001 a 3.000","tipo de dados usados para treinar um modelo de terceiros).","1"
"2023","motivo_nao_uso_ia","Área de Consultoria","de 101 a 500","pois os principais ou são vendidos como serviço ou são computacionalmebte caros de executar","1"
"2023","motivo_nao_uso_ia","Setor Alimentício","de 101 a 500","Preocupações com segurança e privacidade de dados.","1"
"2023","motivo_nao_uso_ia","Tecnologia/Fábrica de Software","de 501 a 1.000","Incerteza em relação a regulamentação ou questões regulatórias.","1"
"2023","motivo_nao_uso_ia","Educação","de 501 a 1.000","Falta de expertise das equipes técnicas ou falta de recursos internos.","1"
"2023","motivo_nao_uso_ia","Marketing","de 11 a 50","Falta de expertise das equipes técnicas ou falta de recursos internos.","1"
"2023","motivo_nao_uso_ia","Setor Imobiliário/ Construção Civil","de 11 a 50","Preocupações com propriedade intelectual (ou seja","1"
"2023","motivo_nao_uso_ia","Setor Imobiliário/ Construção Civil","de 6 a 10","Dados da empresa não estão prontos para uso de IA Generativa.","1"
"2023","motivo_nao_uso_ia","Setor Automotivo","de 501 a 1.000","Falta de expertise das equipes técnicas ou falta de recursos internos.","1"
"2023","motivo_nao_uso_ia","Educação","de 51 a 100","tipo de dados usados para treinar um modelo de terceiros).","1"
"2023","motivo_nao_uso_ia","Área de Consultoria","de 51 a 100","Dados da empresa não estão prontos para uso de IA Generativa.","1"
"2023","motivo_nao_uso_ia","Área de Consultoria","de 501 a 1.000","Preocupações com segurança e privacidade de dados.","1"
"2023","motivo_nao_uso_ia","Outra Opção","de 101 a 500","Preocupações com propriedade intelectual (ou seja","1"
"2023","motivo_nao_uso_ia","Outra Opção","de 51 a 100","Não se aplicam aos principais desafios do momento.","1"
"2023","motivo_nao_uso_ia","Área de Consultoria","Acima de 3.000","Retorno sobre investimento (ROI) não comprovado de IA Generativa.","1"
"2023","motivo_nao_uso_ia","Varejo","de 51 a 100","Dados da empresa não estão prontos para uso de IA Generativa.","1"
"2023","motivo_nao_uso_ia","Área da Saúde","de 501 a 1.000","tipo de dados usados para treinar um modelo de terceiros).","1"
"2023","motivo_nao_uso_ia","Setor de Energia","de 501 a 1.000","Falta de expertise das equipes técnicas ou falta de recursos internos.","1"
"2023","motivo_nao_uso_ia","Indústria","de 501 a 1.000","Preocupações com segurança e privacidade de dados.","1"
"2023","motivo_nao_uso_ia","Tecnologia/Fábrica de Software","de 101 a 500","Empresa ainda precisa melhorar muitos outros aspectos para focar em IA Generativa.","1"
"2023","motivo_nao_uso_ia","Finanças ou Bancos","de 11 a 50","Preocupações com segurança e privacidade de dados.","1"
"2023","motivo_nao_uso_ia","Entretenimento ou Esportes","de 101 a 500","Preocupações com segurança e privacidade de dados.","1"
"2023","motivo_nao_uso_ia","Seguros ou Previdência","Acima de 3.000","Preocupações com segurança e privacidade de dados.","1"
"2023","motivo_nao_uso_ia","Área da Saúde","de 501 a 1.000","em momento por ser solucao inovadora","1"
"2023","motivo_nao_uso_ia","Setor Alimentício","de 51 a 100","Falta de compreensão dos casos de uso.","1"
"2023","motivo_nao_uso_ia","Setor Alimentício","Acima de 3.000","Alta direção da empresa não vê valor ou não vê esse tipo de iniciativa como prioridade.","1"
"2023","motivo_nao_uso_ia","Finanças ou Bancos","de 11 a 50","o fracasso é garantido.","1"
"2023","motivo_nao_uso_ia","Marketing","de 11 a 50","Dados da empresa não estão prontos para uso de IA Generativa.","1"
"2023","motivo_nao_uso_ia","Educação","de 11 a 50","Falta de expertise das equipes técnicas ou falta de recursos internos.","1"
"2023","motivo_nao_uso_ia","Tecnologia/Fábrica de Software","de 11 a 50","Foco em outras necessidades que estão indo muito bem.","1"
"2023","motivo_nao_uso_ia","Setor Alimentício","Acima de 3.000","Baixa qualidade e/ou falta de confiabilidade das saídas (alucinação dos modelos).","1"
"2023","motivo_nao_uso_ia","Área da Saúde","de 1 a 5","Baixa qualidade e/ou falta de confiabilidade das saídas (alucinação dos modelos).","1"
"2023","motivo_nao_uso_ia","Área de Consultoria","de 6 a 10","Incerteza em relação a regulamentação ou questões regulatórias.","1"
"2023","motivo_nao_uso_ia","Telecomunicação","de 11 a 50","Dados da empresa não estão prontos para uso de IA Generativa.","1"
"2023","motivo_nao_uso_ia","Indústria","de 1.001 a 3.000","Falta de compreensão dos casos de uso.","1"
"2023","motivo_nao_uso_ia","Internet/Ecommerce","de 1.001 a 3.000","Retorno sobre investimento (ROI) não comprovado de IA Generativa.","1"
"2023","motivo_nao_uso_ia","Educação","de 6 a 10","Incerteza em relação a regulamentação ou questões regulatórias.","1"
"2023","motivo_nao_uso_ia","Setor Alimentício","de 51 a 100","Falta de expertise das equipes técnicas ou falta de recursos internos.","1"
"2023","motivo_nao_uso_ia","Agronegócios","de 101 a 500","Alta direção da empresa não vê valor ou não vê esse tipo de iniciativa como prioridade.","1"
"2023","motivo_nao_uso_ia","Internet/Ecommerce","Acima de 3.000","Preocupações com propriedade intelectual (ou seja","1"
"2023","motivo_nao_uso_ia","Setor Público","de 1.001 a 3.000","Alta direção da empresa não vê valor ou não vê esse tipo de iniciativa como prioridade.","1"
"2023","motivo_nao_uso_ia","Outra Opção","Acima de 3.000","Nada impede.","1"
"2023","motivo_nao_uso_ia","Educação","de 6 a 10","tipo de dados usados para treinar um modelo de terceiros).","1"
"2023","motivo_nao_uso_ia","Educação","de 51 a 100","Preocupações com propriedade intelectual (ou seja","1"
"2023","motivo_nao_uso_ia","Agronegócios","Acima de 3.000","Baixa qualidade e/ou falta de confiabilidade das saídas (alucinação dos modelos).","1"
"2023","motivo_nao_uso_ia","Área da Saúde","de 51 a 100","Preocupações com segurança e privacidade de dados.","1"
"2023","motivo_nao_uso_ia","Setor Público","de 6 a 10","Falta de compreensão dos casos de uso.","1"
"2023","motivo_nao_uso_ia","Setor de Energia","de 101 a 500","Alta direção da empresa não vê valor ou não vê esse tipo de iniciativa como prioridade.","1"
"2023","motivo_nao_uso_ia","Tecnologia/Fábrica de Software","Acima de 3.000","Nenhuma","1"
"2023","motivo_nao_uso_ia","Área de Consultoria","de 1.001 a 3.000","Baixa qualidade e/ou falta de confiabilidade das saídas (alucinação dos modelos).","1"
"2023","motivo_nao_uso_ia","Marketing","Acima de 3.000","Avaliação dos resultados da aplicação de IA Generativa para fazer rollout para toda a empresa","1"
"2023","motivo_nao_uso_ia","Setor Público","de 6 a 10","Falta de expertise das equipes técnicas ou falta de recursos internos.","1"
"2023","motivo_nao_uso_ia","Entretenimento ou Esportes","de 51 a 100","Falta de compreensão dos casos de uso.","1"
"2023","motivo_nao_uso_ia","Área de Consultoria","de 51 a 100","tipo de dados usados para treinar um modelo de terceiros).","1"
"2023","motivo_nao_uso_ia","Internet/Ecommerce","de 501 a 1.000","Falta de compreensão dos casos de uso.","1"
"2023","motivo_nao_uso_ia","Varejo","de 51 a 100","Incerteza em relação a regulamentação ou questões regulatórias.","1"
"2023","motivo_nao_uso_ia","Setor Imobiliário/ Construção Civil","de 1.001 a 3.000","Dados da empresa não estão prontos para uso de IA Generativa.","1"
"2023","motivo_nao_uso_ia","Telecomunicação","de 501 a 1.000","Alta direção da empresa não vê valor ou não vê esse tipo de iniciativa como prioridade.","1"
"2023","motivo_nao_uso_ia","Outra Opção","de 11 a 50","Preocupações com propriedade intelectual (ou seja","1"
"2023","motivo_nao_uso_ia","Agronegócios","Acima de 3.000","Falta de expertise das equipes técnicas ou falta de recursos internos.","1"
"2023","motivo_nao_uso_ia","Indústria","de 51 a 100","Baixa qualidade e/ou falta de confiabilidade das saídas (alucinação dos modelos).","1"
"2023","motivo_nao_uso_ia","Setor Imobiliário/ Construção Civil","de 101 a 500","Falta de compreensão dos casos de uso.","1"
"2023","motivo_nao_uso_ia","Outra Opção","de 501 a 1.000","Dados da empresa não estão prontos para uso de IA Generativa.","1"
"2023","motivo_nao_uso_ia","Finanças ou Bancos","de 1 a 5","Preocupações com segurança e privacidade de dados.","1"
"2023","motivo_nao_uso_ia","Setor Imobiliário/ Construção Civil","de 101 a 500","Preocupações com segurança e privacidade de dados.","1"
"2023","motivo_nao_uso_ia","Área da Saúde","de 1.001 a 3.000","tipo de dados usados para treinar um modelo de terceiros).","1"
"2023","motivo_nao_uso_ia","Educação","de 51 a 100","Alta direção da empresa não vê valor ou não vê esse tipo de iniciativa como prioridade.","1"
"2023","motivo_nao_uso_ia","Tecnologia/Fábrica de Software","de 1.001 a 3.000","Alta direção da empresa não vê valor ou não vê esse tipo de iniciativa como prioridade.","1"
"2023","motivo_nao_uso_ia","Área da Saúde","de 11 a 50","Baixa qualidade e/ou falta de confiabilidade das saídas (alucinação dos modelos).","1"
"2023","motivo_nao_uso_ia","Setor de Energia","Acima de 3.000","Retorno sobre investimento (ROI) não comprovado de IA Generativa.","1"
"2023","motivo_nao_uso_ia","Internet/Ecommerce","de 1 a 5","Falta de compreensão dos casos de uso.","1"
"2023","motivo_nao_uso_ia","Finanças ou Bancos","de 1.001 a 3.000","Não sei opinar","1"
"2023","motivo_nao_uso_ia","Tecnologia/Fábrica de Software","de 11 a 50","Preocupações com propriedade intelectual (ou seja","1"
"2023","motivo_nao_uso_ia","Setor Farmaceutico","de 101 a 500","Dados da empresa não estão prontos para uso de IA Generativa.","1"
"2023","motivo_nao_uso_ia","Telecomunicação","de 11 a 50","Falta de expertise das equipes técnicas ou falta de recursos internos.","1"
"2023","motivo_nao_uso_ia","Setor Farmaceutico","Acima de 3.000","Alta direção da empresa não vê valor ou não vê esse tipo de iniciativa como prioridade.","1"
"2023","motivo_nao_uso_ia","Área de Consultoria","de 11 a 50","Preocupações com propriedade intelectual (ou seja","1"
"2023","motivo_nao_uso_ia","Setor Alimentício","Acima de 3.000","tipo de dados usados para treinar um modelo de terceiros).","1"
"2023","motivo_nao_uso_ia","Outra Opção","de 501 a 1.000","Preocupações com segurança e privacidade de dados.","1"
"2023","motivo_nao_uso_ia","Finanças ou Bancos","de 11 a 50","Isso é mais uma moda. Quando esquecemos da nossa aplicação e ficamos na moda","1"
"2023","motivo_nao_uso_ia","Marketing","de 101 a 500","tipo de dados usados para treinar um modelo de terceiros).","1"
"2023","motivo_nao_uso_ia","Agronegócios","de 6 a 10","Dados da empresa não estão prontos para uso de IA Generativa.","1"
"2023","motivo_nao_uso_ia","Educação","de 501 a 1.000","Preocupações com propriedade intelectual (ou seja","1"
"2023","motivo_nao_uso_ia","Internet/Ecommerce","Acima de 3.000","Retorno sobre investimento (ROI) não comprovado de IA Generativa.","1"
"2023","motivo_nao_uso_ia","Setor Imobiliário/ Construção Civil","de 1 a 5","Falta de expertise das equipes técnicas ou falta de recursos internos.","1"
"2023","motivo_nao_uso_ia","Educação","de 501 a 1.000","Alta direção da empresa não vê valor ou não vê esse tipo de iniciativa como prioridade.","1"
"2023","motivo_nao_uso_ia","Área da Saúde","de 1.001 a 3.000","Alta direção da empresa não vê valor ou não vê esse tipo de iniciativa como prioridade.","1"
"2023","motivo_nao_uso_ia","Indústria","Acima de 3.000","Ainda não é prioridade","1"
"2023","motivo_nao_uso_ia","Agronegócios","de 6 a 10","Falta de compreensão dos casos de uso.","1"
"2023","motivo_nao_uso_ia","Área de Consultoria","de 6 a 10","Para área de consultoria não vimos tanta facilidade no uso de algumas IAs","1"
"2023","motivo_nao_uso_ia","Indústria","de 101 a 500","Preocupações com segurança e privacidade de dados.","1"
"2023","motivo_nao_uso_ia","Setor Automotivo","de 51 a 100","Falta de compreensão dos casos de uso.","1"
"2023","motivo_nao_uso_ia","Setor Automotivo","Acima de 3.000","Preocupações com segurança e privacidade de dados.","1"
"2023","motivo_nao_uso_ia","Internet/Ecommerce","de 501 a 1.000","Retorno sobre investimento (ROI) não comprovado de IA Generativa.","1"
"2023","motivo_nao_uso_ia","Setor Alimentício","de 6 a 10","Incerteza em relação a regulamentação ou questões regulatórias.","1"
"2023","motivo_nao_uso_ia","Varejo","de 1.001 a 3.000","Preocupações com propriedade intelectual (ou seja","1"
"2023","motivo_nao_uso_ia","Setor Imobiliário/ Construção Civil","de 1 a 5","Baixa qualidade e/ou falta de confiabilidade das saídas (alucinação dos modelos).","1"
"2023","motivo_nao_uso_ia","Varejo","de 51 a 100","Alta direção da empresa não vê valor ou não vê esse tipo de iniciativa como prioridade.","1"
"2023","motivo_nao_uso_ia","Entretenimento ou Esportes","de 101 a 500","Falta de compreensão dos casos de uso.","1"
"2023","motivo_nao_uso_ia","Educação","Acima de 3.000","Baixa qualidade e/ou falta de confiabilidade das saídas (alucinação dos modelos).","1"
"2023","motivo_nao_uso_ia","Tecnologia/Fábrica de Software","de 11 a 50",".","1"
"2023","motivo_nao_uso_ia","Filantropia/ONG's","de 51 a 100","Preocupações com segurança e privacidade de dados.","1"
"2023","motivo_nao_uso_ia","Finanças ou Bancos","de 1 a 5","Dados da empresa não estão prontos para uso de IA Generativa.","1"
"2023","motivo_nao_uso_ia","Internet/Ecommerce","de 1.001 a 3.000","Alta direção da empresa não vê valor ou não vê esse tipo de iniciativa como prioridade.","1"
"2023","motivo_nao_uso_ia","Educação","de 501 a 1.000","Dados da empresa não estão prontos para uso de IA Generativa.","1"
"2023","motivo_nao_uso_ia","Outra Opção","de 1.001 a 3.000","Falta de expertise das equipes técnicas ou falta de recursos internos.","1"
"2023","motivo_nao_uso_ia","Educação","de 101 a 500","tipo de dados usados para treinar um modelo de terceiros).","1"
"2023","motivo_nao_uso_ia","Área da Saúde","de 51 a 100","Preocupações com propriedade intelectual (ou seja","1"
"2023","motivo_nao_uso_ia","Entretenimento ou Esportes","de 101 a 500","tipo de dados usados para treinar um modelo de terceiros).","1"
"2023","motivo_nao_uso_ia","Educação","de 11 a 50","Alta direção da empresa não vê valor ou não vê esse tipo de iniciativa como prioridade.","1"
"2023","motivo_nao_uso_ia","Tecnologia/Fábrica de Software","de 101 a 500","Não tem interesse","1"
"2023","motivo_nao_uso_ia","Varejo","Acima de 3.000","Contratação de mais pessoas focadas para aceleração do tema","1"
"2023","motivo_nao_uso_ia","Área de Consultoria","de 51 a 100","Não é o foco agora","1"
"2023","motivo_nao_uso_ia","Tecnologia/Fábrica de Software","Acima de 3.000","Alta direção da empresa não vê valor ou não vê esse tipo de iniciativa como prioridade.","1"
"2023","motivo_nao_uso_ia","Área de Consultoria","de 1 a 5","Alta direção da empresa não vê valor ou não vê esse tipo de iniciativa como prioridade.","1"
"2023","motivo_nao_uso_ia","Varejo","de 501 a 1.000","Alta direção da empresa não vê valor ou não vê esse tipo de iniciativa como prioridade.","1"
"2023","motivo_nao_uso_ia","Telecomunicação","Acima de 3.000","Dados da empresa não estão prontos para uso de IA Generativa.","1"
"2023","motivo_nao_uso_ia","Área da Saúde","de 1 a 5","Falta de expertise das equipes técnicas ou falta de recursos internos.","1"
"2023","motivo_nao_uso_ia","Indústria","de 1 a 5","Falta de expertise das equipes técnicas ou falta de recursos internos.","1"
"2023","motivo_nao_uso_ia","Marketing","de 101 a 500","Preocupações com propriedade intelectual (ou seja","1"
"2023","motivo_nao_uso_ia","Setor Alimentício","de 51 a 100","Dados da empresa não estão prontos para uso de IA Generativa.","1"
"2023","motivo_nao_uso_ia","Telecomunicação","Acima de 3.000","tipo de dados usados para treinar um modelo de terceiros).","1"
"2023","motivo_nao_uso_ia","Agronegócios","de 11 a 50","Preocupações com propriedade intelectual (ou seja","1"
"2023","motivo_nao_uso_ia","Indústria","de 51 a 100","Falta de expertise das equipes técnicas ou falta de recursos internos.","1"
"2023","motivo_nao_uso_ia","Marketing","de 1 a 5","Falta de expertise das equipes técnicas ou falta de recursos internos.","1"
"2023","motivo_nao_uso_ia","Tecnologia/Fábrica de Software","de 11 a 50","tipo de dados usados para treinar um modelo de terceiros).","1"
"2023","motivo_nao_uso_ia","Setor Automotivo","de 501 a 1.000","Dados da empresa não estão prontos para uso de IA Generativa.","1"
"2023","motivo_nao_uso_ia","Agronegócios","Acima de 3.000","Retorno sobre investimento (ROI) não comprovado de IA Generativa.","1"
"2023","motivo_nao_uso_ia","Área de Consultoria","de 1.001 a 3.000","Não há caso de uso interessante para nossos clientes","1"
"2023","motivo_nao_uso_ia","Setor Imobiliário/ Construção Civil","de 1.001 a 3.000","Alta direção da empresa não vê valor ou não vê esse tipo de iniciativa como prioridade.","1"
"2023","motivo_nao_uso_ia","Marketing","de 501 a 1.000","Falta de compreensão dos casos de uso.","1"
"2023","motivo_nao_uso_ia","Área de Consultoria","Acima de 3.000","tipo de dados usados para treinar um modelo de terceiros).","1"
"2023","motivo_nao_uso_ia","Internet/Ecommerce","de 501 a 1.000","Preocupações com segurança e privacidade de dados.","1"
"2023","motivo_nao_uso_ia","Varejo","Acima de 3.000","Não sei responder","1"
"2023","motivo_nao_uso_ia","Entretenimento ou Esportes","Acima de 3.000","Dados da empresa não estão prontos para uso de IA Generativa.","1"
"2023","motivo_nao_uso_ia","Setor Alimentício","de 6 a 10","Falta de compreensão dos casos de uso.","1"
"2023","motivo_nao_uso_ia","Marketing","de 1 a 5","Falta de compreensão dos casos de uso.","1"
"2023","motivo_nao_uso_ia","Educação","Acima de 3.000","Alta direção da empresa não vê valor ou não vê esse tipo de iniciativa como prioridade.","1"
"2023","motivo_nao_uso_ia","Varejo","Acima de 3.000","Estamos atuando e nao temos grandes empecilhos","1"
"2023","motivo_nao_uso_ia","Área de Consultoria","Acima de 3.000","Incerteza em relação a regulamentação ou questões regulatórias.","1"
"2023","motivo_nao_uso_ia","Tecnologia/Fábrica de Software","de 1 a 5","estamos focados nisso","1"
"2023","motivo_nao_uso_ia","Setor Imobiliário/ Construção Civil","Acima de 3.000","Retorno sobre investimento (ROI) não comprovado de IA Generativa.","1"
"2023","motivo_nao_uso_ia","Educação","de 101 a 500","Preocupações com propriedade intelectual (ou seja","1"
"2023","motivo_nao_uso_ia","Setor Imobiliário/ Construção Civil","de 11 a 50","tipo de dados usados para treinar um modelo de terceiros).","1"
"2023","motivo_nao_uso_ia","Varejo","de 1.001 a 3.000","Preocupações com segurança e privacidade de dados.","1"
"2023","motivo_nao_uso_ia","Marketing","de 11 a 50","Falta de compreensão dos casos de uso.","1"
"2023","motivo_nao_uso_ia","Setor Imobiliário/ Construção Civil","Acima de 3.000","Incerteza em relação a regulamentação ou questões regulatórias.","1"
"2023","motivo_nao_uso_ia","Marketing","de 501 a 1.000","Dados da empresa não estão prontos para uso de IA Generativa.","1"
"2023","motivo_nao_uso_ia","Internet/Ecommerce","de 101 a 500","Preocupações com segurança e privacidade de dados.","1"
"2023","motivo_nao_uso_ia","Setor de Energia","de 1 a 5","Falta de expertise das equipes técnicas ou falta de recursos internos.","1"
"2023","motivo_nao_uso_ia","Setor Público","de 1.001 a 3.000","Não sei informar.","1"
"2023","motivo_nao_uso_ia","Marketing","de 11 a 50","Alta direção da empresa não vê valor ou não vê esse tipo de iniciativa como prioridade.","1"
"2023","motivo_nao_uso_ia","Telecomunicação","de 51 a 100","Falta de expertise das equipes técnicas ou falta de recursos internos.","1"
"2023","motivo_nao_uso_ia","Telecomunicação","Acima de 3.000","Baixa qualidade e/ou falta de confiabilidade das saídas (alucinação dos modelos).","1"
"2023","motivo_nao_uso_ia","Entretenimento ou Esportes","de 101 a 500","Alta direção da empresa não vê valor ou não vê esse tipo de iniciativa como prioridade.","1"
"2023","motivo_nao_uso_ia","Área de Consultoria","de 6 a 10","Baixa qualidade e/ou falta de confiabilidade das saídas (alucinação dos modelos).","1"
"2023","motivo_nao_uso_ia","Educação","de 1.001 a 3.000","Falta de expertise das equipes técnicas ou falta de recursos internos.","1"
"2023","motivo_nao_uso_ia","Finanças ou Bancos","de 51 a 100","Preocupações com propriedade intelectual (ou seja","1"
"2023","motivo_nao_uso_ia","Seguros ou Previdência","de 501 a 1.000","Falta de expertise das equipes técnicas ou falta de recursos internos.","1"
"2023","motivo_nao_uso_ia","Finanças ou Bancos","de 1.001 a 3.000","tipo de dados usados para treinar um modelo de terceiros).","1"
"2023","motivo_nao_uso_ia","Indústria","de 1.001 a 3.000","Alta direção da empresa não vê valor ou não vê esse tipo de iniciativa como prioridade.","1"
"2023","motivo_nao_uso_ia","Internet/Ecommerce","Acima de 3.000","Incerteza em relação a regulamentação ou questões regulatórias.","1"
"2023","motivo_nao_uso_ia","Área de Consultoria","de 11 a 50","Não é uma prioridade","1"
"2023","motivo_nao_uso_ia","Setor Público","de 6 a 10","Dados da empresa não estão prontos para uso de IA Generativa.","1"
"2023","motivo_nao_uso_ia","Seguros ou Previdência","de 501 a 1.000","Preocupações com segurança e privacidade de dados.","1"
"2023","motivo_nao_uso_ia","Área de Consultoria","Acima de 3.000","Preocupações com propriedade intelectual (ou seja","1"
"2023","motivo_nao_uso_ia","Setor Automotivo","Acima de 3.000","Incerteza em relação a regulamentação ou questões regulatórias.","1"
"2023","motivo_nao_uso_ia","Outra Opção","de 1.001 a 3.000","Preocupações com segurança e privacidade de dados.","1"
"2023","motivo_nao_uso_ia","Área de Consultoria","de 101 a 500","Inviabilidade de executar modelos on premisse","1"
"2023","motivo_nao_uso_ia","Varejo","de 101 a 500","Falta de expertise das equipes técnicas ou falta de recursos internos.","1"
"2023","motivo_nao_uso_ia","Área de Consultoria","Acima de 3.000","Preocupações com segurança e privacidade de dados.","1"
"2023","motivo_nao_uso_ia","Indústria","Acima de 3.000","não sei opnar","1"
"2023","motivo_nao_uso_ia","Telecomunicação","de 51 a 100","Alta direção da empresa não vê valor ou não vê esse tipo de iniciativa como prioridade.","1"
"2023","motivo_nao_uso_ia","Educação","de 11 a 50","Não sei opinar sobre isso","1"
"2023","motivo_nao_uso_ia","Área de Consultoria","de 6 a 10","Dados da empresa não estão prontos para uso de IA Generativa.","1"
"2023","motivo_nao_uso_ia","Agronegócios","de 11 a 50","tipo de dados usados para treinar um modelo de terceiros).","1"
"2023","motivo_nao_uso_ia","Seguros ou Previdência","de 101 a 500","Preocupações com segurança e privacidade de dados.","1"
"2023","motivo_nao_uso_ia","Setor Imobiliário/ Construção Civil","de 51 a 100","Falta de expertise das equipes técnicas ou falta de recursos internos.","1"
"2023","motivo_nao_uso_ia","Outra Opção","de 11 a 50","Incerteza em relação a regulamentação ou questões regulatórias.","1"
"2023","motivo_nao_uso_ia","Setor Alimentício","de 101 a 500","Alta direção da empresa não vê valor ou não vê esse tipo de iniciativa como prioridade.","1"
"2023","motivo_nao_uso_ia","Finanças ou Bancos","de 501 a 1.000","Baixa qualidade e/ou falta de confiabilidade das saídas (alucinação dos modelos).","1"
"2023","motivo_nao_uso_ia","Outra Opção","de 1 a 5","tipo de dados usados para treinar um modelo de terceiros).","1"
"2023","motivo_nao_uso_ia","Internet/Ecommerce","Acima de 3.000","Alta direção da empresa não vê valor ou não vê esse tipo de iniciativa como prioridade.","1"
"2023","motivo_nao_uso_ia","Setor Público","de 101 a 500","Preocupações com propriedade intelectual (ou seja","1"
"2023","motivo_nao_uso_ia","Marketing","de 6 a 10","Dados da empresa não estão prontos para uso de IA Generativa.","1"
"2023","motivo_nao_uso_ia","Finanças ou Bancos","de 51 a 100","tipo de dados usados para treinar um modelo de terceiros).","1"
"2023","motivo_nao_uso_ia","Entretenimento ou Esportes","de 101 a 500","Dados da empresa não estão prontos para uso de IA Generativa.","1"
"2023","motivo_nao_uso_ia","Área de Consultoria","de 501 a 1.000","Falta de expertise das equipes técnicas ou falta de recursos internos.","1"
"2023","motivo_nao_uso_ia","Internet/Ecommerce","de 501 a 1.000","Recurso humano","1"
"2023","motivo_nao_uso_ia","Varejo","Acima de 3.000","Muitos temas em parelelo","1"
"2023","motivo_nao_uso_ia","Área de Consultoria","de 51 a 100","Baixa qualidade e/ou falta de confiabilidade das saídas (alucinação dos modelos).","1"
"2023","motivo_nao_uso_ia","Varejo","de 1.001 a 3.000","Baixa qualidade e/ou falta de confiabilidade das saídas (alucinação dos modelos).","1"
"2023","motivo_nao_uso_ia","Tecnologia/Fábrica de Software","de 6 a 10","Preocupações com segurança e privacidade de dados.","1"
"2023","motivo_nao_uso_ia","Área da Saúde","de 101 a 500","Falta de expertise das equipes técnicas ou falta de recursos internos.","1"
"2023","motivo_nao_uso_ia","Internet/Ecommerce","de 501 a 1.000","todos estão com muita coisa","1"
"2023","motivo_nao_uso_ia","Área da Saúde","de 501 a 1.000","Preocupações com propriedade intelectual (ou seja","1"
"2023","motivo_nao_uso_ia","Área da Saúde","de 101 a 500","Incerteza em relação a regulamentação ou questões regulatórias.","1"
"2023","motivo_nao_uso_ia","Filantropia/ONG's","de 51 a 100","Falta de expertise das equipes técnicas ou falta de recursos internos.","1"
"2023","motivo_nao_uso_ia","Filantropia/ONG's","de 101 a 500","Desempenho das APIs de LLMs","1"
"2023","motivo_nao_uso_ia","Setor de Energia","de 101 a 500","Falta de compreensão dos casos de uso.","1"
"2023","motivo_nao_uso_ia","Finanças ou Bancos","de 11 a 50","Não há","1"
"2023","motivo_nao_uso_ia","Setor Público","de 101 a 500","tipo de dados usados para treinar um modelo de terceiros).","1"
"2023","motivo_nao_uso_ia","Setor de Energia","de 101 a 500","Incerteza em relação a regulamentação ou questões regulatórias.","1"
"2023","motivo_nao_uso_ia","Entretenimento ou Esportes","Acima de 3.000","Falta de expertise das equipes técnicas ou falta de recursos internos.","1"
"2023","motivo_nao_uso_ia","Entretenimento ou Esportes","de 101 a 500","Baixa qualidade e/ou falta de confiabilidade das saídas (alucinação dos modelos).","1"
"2023","motivo_nao_uso_ia","Seguros ou Previdência","Acima de 3.000","Incerteza em relação a regulamentação ou questões regulatórias.","1"
"2023","motivo_nao_uso_ia","Varejo","de 101 a 500","Incerteza em relação a regulamentação ou questões regulatórias.","1"
"2023","motivo_nao_uso_ia","Setor Imobiliário/ Construção Civil","de 501 a 1.000","Dados da empresa não estão prontos para uso de IA Generativa.","1"
"2023","motivo_nao_uso_ia","Filantropia/ONG's","de 101 a 500","Incerteza em relação a regulamentação ou questões regulatórias.","1"
"2023","motivo_nao_uso_ia","Setor Público","de 1.001 a 3.000","Baixa qualidade e/ou falta de confiabilidade das saídas (alucinação dos modelos).","1"
"2023","motivo_nao_uso_ia","Finanças ou Bancos","de 11 a 50","Falta de expertise das equipes técnicas ou falta de recursos internos.","1"
"2023","motivo_nao_uso_ia","Educação","de 51 a 100","Dados da empresa não estão prontos para uso de IA Generativa.","1"
"2023","motivo_nao_uso_ia","Tecnologia/Fábrica de Software","de 6 a 10","Preocupações com propriedade intelectual (ou seja","1"
"2023","motivo_nao_uso_ia","Marketing","de 51 a 100","Falta de compreensão dos casos de uso.","1"
"2023","motivo_nao_uso_ia","Marketing","de 6 a 10","Incerteza em relação a regulamentação ou questões regulatórias.","1"
"2023","motivo_nao_uso_ia","Outra Opção","Acima de 3.000","Estudo de maturidadr das AI Generativas","1"
"2023","motivo_nao_uso_ia","Área da Saúde","de 1.001 a 3.000","Incerteza em relação a regulamentação ou questões regulatórias.","1"
"2023","motivo_nao_uso_ia","Outra Opção","de 11 a 50","tipo de dados usados para treinar um modelo de terceiros).","1"
"2023","motivo_nao_uso_ia","Área de Consultoria","de 11 a 50","existe muitos ganhos mais simples com dados antes de chegar em uma AI","1"
"2023","motivo_nao_uso_ia","Marketing","de 101 a 500","Preocupações com segurança e privacidade de dados.","1"
"2023","motivo_nao_uso_ia","Área da Saúde","de 501 a 1.000","Preocupações com segurança e privacidade de dados.","1"
"2023","motivo_nao_uso_ia","Área da Saúde","de 1.001 a 3.000","Preocupações com propriedade intelectual (ou seja","1"
"2023","motivo_nao_uso_ia","Telecomunicação","de 1.001 a 3.000","tipo de dados usados para treinar um modelo de terceiros).","1"
"2023","motivo_nao_uso_ia","Outra Opção","de 1 a 5","Dados da empresa não estão prontos para uso de IA Generativa.","1"
"2023","motivo_nao_uso_ia","Setor Alimentício","de 51 a 100","Baixa qualidade e/ou falta de confiabilidade das saídas (alucinação dos modelos).","1"
"2023","motivo_nao_uso_ia","Área da Saúde","de 51 a 100","tipo de dados usados para treinar um modelo de terceiros).","1"
"2023","motivo_nao_uso_ia","Setor Público","Acima de 3.000","Não sei opinar","1"
"2023","motivo_nao_uso_ia","Setor Imobiliário/ Construção Civil","de 1.001 a 3.000","Não temos essa área na empresa","1"
"2023","motivo_nao_uso_ia","Tecnologia/Fábrica de Software","de 101 a 500","Não há aplicabilidade na empresa","1"
"2023","motivo_nao_uso_ia","Tecnologia/Fábrica de Software","de 51 a 100","Baixa qualidade e/ou falta de confiabilidade das saídas (alucinação dos modelos).","1"
"2023","motivo_nao_uso_ia","Telecomunicação","de 1.001 a 3.000","Preocupações com segurança e privacidade de dados.","1"
"2023","motivo_nao_uso_ia","Setor Alimentício","de 101 a 500","Baixa qualidade e/ou falta de confiabilidade das saídas (alucinação dos modelos).","1"
"2023","motivo_nao_uso_ia","Área de Consultoria","de 501 a 1.000","Retorno sobre investimento (ROI) não comprovado de IA Generativa.","1"
"2023","motivo_nao_uso_ia","Outra Opção","de 1 a 5","Preocupações com propriedade intelectual (ou seja","1"
"2023","motivo_nao_uso_ia","Setor Imobiliário/ Construção Civil","Acima de 3.000","Dados da empresa não estão prontos para uso de IA Generativa.","1"
"2023","motivo_nao_uso_ia","Tecnologia/Fábrica de Software","de 501 a 1.000","Não sei opinar sobre o assunto","1"
"2023","motivo_nao_uso_ia","Varejo","de 1.001 a 3.000","Dados da empresa não estão prontos para uso de IA Generativa.","1"
"2023","motivo_nao_uso_ia","Outra Opção","de 101 a 500","Retorno sobre investimento (ROI) não comprovado de IA Generativa.","1"
"2023","motivo_nao_uso_ia","Educação","de 1.001 a 3.000","Incerteza em relação a regulamentação ou questões regulatórias.","1"
"2023","motivo_nao_uso_ia","Marketing","de 6 a 10","Falta de compreensão dos casos de uso.","1"
"2023","motivo_nao_uso_ia","Finanças ou Bancos","de 51 a 100","Incerteza em relação a regulamentação ou questões regulatórias.","1"
"2023","motivo_nao_uso_ia","Telecomunicação","Acima de 3.000","Preocupações com propriedade intelectual (ou seja","1"
"2023","motivo_nao_uso_ia","Setor de Energia","de 501 a 1.000","Dados da empresa não estão prontos para uso de IA Generativa.","1"
"2023","motivo_nao_uso_ia","Filantropia/ONG's","de 51 a 100","Dados da empresa não estão prontos para uso de IA Generativa.","1"
"2023","motivo_nao_uso_ia","Área da Saúde","Acima de 3.000","Alta direção da empresa não vê valor ou não vê esse tipo de iniciativa como prioridade.","1"
"2023","motivo_nao_uso_ia","Área de Consultoria","de 1 a 5","tipo de dados usados para treinar um modelo de terceiros).","1"
"2023","motivo_nao_uso_ia","Área da Saúde","de 101 a 500","Retorno sobre investimento (ROI) não comprovado de IA Generativa.","1"
"2023","motivo_nao_uso_ia","Área da Saúde","de 1.001 a 3.000","Preocupações com segurança e privacidade de dados.","1"
"2023","motivo_nao_uso_ia","Seguros ou Previdência","de 101 a 500","Incerteza em relação a regulamentação ou questões regulatórias.","1"
"2023","motivo_nao_uso_ia","Outra Opção","de 101 a 500","Preocupações com segurança e privacidade de dados.","1"
"2023","motivo_nao_uso_ia","Área da Saúde","de 1 a 5","Falta de compreensão dos casos de uso.","1"
"2023","motivo_nao_uso_ia","Setor de Energia","Acima de 3.000","tipo de dados usados para treinar um modelo de terceiros).","1"
"2023","motivo_nao_uso_ia","Outra Opção","de 1 a 5","Incerteza em relação a regulamentação ou questões regulatórias.","1"
"2023","motivo_nao_uso_ia","Tecnologia/Fábrica de Software","de 51 a 100","Alto custo de criação de modelos específicos (não podemos competir com os grandes players)","1"
"2023","motivo_nao_uso_ia","Área de Consultoria","de 51 a 100","Preocupações com propriedade intelectual (ou seja","1"
"2023","motivo_nao_uso_ia","Telecomunicação","de 1.001 a 3.000","Preocupações com propriedade intelectual (ou seja","1"
"2023","motivo_nao_uso_ia","Área de Consultoria","de 101 a 500","Incerteza em relação a regulamentação ou questões regulatórias.","1"
"2023","motivo_nao_uso_ia","Área da Saúde","de 501 a 1.000","não há projeção de ser usada.","1"
"2023","motivo_nao_uso_ia","Setor Imobiliário/ Construção Civil","de 1 a 5","Falta de compreensão dos casos de uso.","1"
"2023","motivo_nao_uso_ia","Telecomunicação","Acima de 3.000","situação financeira","1"
"2023","motivo_nao_uso_ia","Área de Consultoria","de 6 a 10","Preocupações com segurança e privacidade de dados.","1"
"2023","motivo_nao_uso_ia","Varejo","de 51 a 100","Retorno sobre investimento (ROI) não comprovado de IA Generativa.","1"
"2023","motivo_nao_uso_ia","Área de Consultoria","de 1.001 a 3.000","tipo de dados usados para treinar um modelo de terceiros).","1"
"2023","motivo_nao_uso_ia","Outra Opção","de 101 a 500","tipo de dados usados para treinar um modelo de terceiros).","1"
"2023","motivo_nao_uso_ia","Área da Saúde","de 501 a 1.000","Falta de compreensão dos casos de uso.","1"
"2023","motivo_nao_uso_ia","Área da Saúde","de 11 a 50","Preocupações com propriedade intelectual (ou seja","1"
"2023","motivo_nao_uso_ia","Entretenimento ou Esportes","de 6 a 10","Alta direção da empresa não vê valor ou não vê esse tipo de iniciativa como prioridade.","1"
"2023","motivo_nao_uso_ia","Marketing","de 501 a 1.000","Retorno sobre investimento (ROI) não comprovado de IA Generativa.","1"
"2023","motivo_nao_uso_ia","Setor Imobiliário/ Construção Civil","de 101 a 500","Falta de expertise das equipes técnicas ou falta de recursos internos.","1"
"2023","motivo_nao_uso_ia","Setor Público","de 1.001 a 3.000","Dados da empresa não estão prontos para uso de IA Generativa.","1"
"2023","motivo_nao_uso_ia","Marketing","de 501 a 1.000","Preocupações com segurança e privacidade de dados.","1"
"2023","motivo_nao_uso_ia","Seguros ou Previdência","de 101 a 500","NULL","1"
"2023","motivo_nao_uso_ia","Setor Imobiliário/ Construção Civil","de 6 a 10","Incerteza em relação a regulamentação ou questões regulatórias.","1"
"2023","motivo_nao_uso_ia","Seguros ou Previdência","de 101 a 500","Alta direção da empresa não vê valor ou não vê esse tipo de iniciativa como prioridade.","1"
"2023","motivo_nao_uso_ia","Varejo","de 101 a 500","Retorno sobre investimento (ROI) não comprovado de IA Generativa.","1"
"2023","motivo_nao_uso_ia","Área de Consultoria","de 11 a 50","tipo de dados usados para treinar um modelo de terceiros).","1"
"2023","motivo_nao_uso_ia","Varejo","de 11 a 50","Dados da empresa não estão prontos para uso de IA Generativa.","1"
"2023","motivo_nao_uso_ia","Indústria","de 1.001 a 3.000","tipo de dados usados para treinar um modelo de terceiros).","1"
"2023","motivo_nao_uso_ia","Finanças ou Bancos","de 501 a 1.000","Nem tudo se resolve com LLM","1"
"2023","motivo_nao_uso_ia","Marketing","de 101 a 500","Falta de expertise das equipes técnicas ou falta de recursos internos.","1"
"2023","motivo_nao_uso_ia","Setor Alimentício","de 1 a 5","Falta de compreensão dos casos de uso.","1"
"2023","motivo_nao_uso_ia","Área de Consultoria","de 1 a 5","Preocupações com propriedade intelectual (ou seja","1"
"2023","motivo_nao_uso_ia","Finanças ou Bancos","de 1.001 a 3.000","Retorno sobre investimento (ROI) não comprovado de IA Generativa.","1"
"2023","motivo_nao_uso_ia","Telecomunicação","de 501 a 1.000","Preocupações com propriedade intelectual (ou seja","1"
"2023","motivo_nao_uso_ia","Outra Opção","de 501 a 1.000","Não sei dizer","1"
"2023","motivo_nao_uso_ia","Agronegócios","de 51 a 100","Incerteza em relação a regulamentação ou questões regulatórias.","1"
"2023","motivo_nao_uso_ia","Outra Opção","de 1.001 a 3.000","Retorno sobre investimento (ROI) não comprovado de IA Generativa.","1"
"2023","motivo_nao_uso_ia","Setor de Energia","de 101 a 500","Dados da empresa não estão prontos para uso de IA Generativa.","1"
"2023","motivo_nao_uso_ia","Tecnologia/Fábrica de Software","de 101 a 500","Dificuldade de gerar dados e fazer fine tuning de modelos open source","1"
"2023","motivo_nao_uso_ia","Telecomunicação","de 501 a 1.000","tipo de dados usados para treinar um modelo de terceiros).","1"
"2023","motivo_nao_uso_ia","Finanças ou Bancos","de 501 a 1.000","Preocupações com propriedade intelectual (ou seja","1"
"2023","motivo_nao_uso_ia","Agronegócios","de 11 a 50","Baixa qualidade e/ou falta de confiabilidade das saídas (alucinação dos modelos).","1"
"2023","motivo_nao_uso_ia","Área de Consultoria","de 1.001 a 3.000","Retorno sobre investimento (ROI) não comprovado de IA Generativa.","1"
"2023","motivo_nao_uso_ia","Tecnologia/Fábrica de Software","de 101 a 500","Não sei dizer a respeito.","1"
"2023","motivo_nao_uso_ia","Tecnologia/Fábrica de Software","de 6 a 10","tipo de dados usados para treinar um modelo de terceiros).","1"
"2023","motivo_nao_uso_ia","Marketing","de 6 a 10","Falta de expertise das equipes técnicas ou falta de recursos internos.","1"
"2023","motivo_nao_uso_ia","Finanças ou Bancos","de 1.001 a 3.000","Baixa qualidade e/ou falta de confiabilidade das saídas (alucinação dos modelos).","1"
"2023","motivo_nao_uso_ia","Agronegócios","Acima de 3.000","Dados da empresa não estão prontos para uso de IA Generativa.","1"
"2023","motivo_nao_uso_ia","Internet/Ecommerce","de 501 a 1.000","Alta direção da empresa não vê valor ou não vê esse tipo de iniciativa como prioridade.","1"
"2023","motivo_nao_uso_ia","Internet/Ecommerce","de 501 a 1.000","Dados da empresa não estão prontos para uso de IA Generativa.","1"
"2023","motivo_nao_uso_ia","Setor Farmaceutico","de 101 a 500","Falta de expertise das equipes técnicas ou falta de recursos internos.","1"
"2023","motivo_nao_uso_ia","Setor Público","Acima de 3.000","Retorno sobre investimento (ROI) não comprovado de IA Generativa.","1"
"2023","motivo_nao_uso_ia","Varejo","Acima de 3.000","Não sei opinar sobre o assunto","1"
"2023","motivo_nao_uso_ia","Seguros ou Previdência","de 501 a 1.000","Incerteza em relação a regulamentação ou questões regulatórias.","1"
"2023","motivo_nao_uso_ia","Educação","Acima de 3.000","Incerteza em relação a regulamentação ou questões regulatórias.","1"
"2023","motivo_nao_uso_ia","Área da Saúde","de 501 a 1.000","Dados da empresa não estão prontos para uso de IA Generativa.","1"
"2023","motivo_nao_uso_ia","Tecnologia/Fábrica de Software","de 1 a 5","sem problemas em vista!","1"
"2023","motivo_nao_uso_ia","Varejo","de 501 a 1.000","tipo de dados usados para treinar um modelo de terceiros).","1"
"2023","motivo_nao_uso_ia","Educação","de 11 a 50","Dados da empresa não estão prontos para uso de IA Generativa.","1"
"2023","motivo_nao_uso_ia","Setor Imobiliário/ Construção Civil","de 51 a 100","Dados da empresa não estão prontos para uso de IA Generativa.","1"
"2023","motivo_nao_uso_ia","Marketing","de 51 a 100","Alta direção da empresa não vê valor ou não vê esse tipo de iniciativa como prioridade.","1"
"2023","motivo_nao_uso_ia","Indústria","de 101 a 500","Alta direção da empresa não vê valor ou não vê esse tipo de iniciativa como prioridade.","1"
"2023","motivo_nao_uso_ia","Setor de Energia","Acima de 3.000","Preocupações com propriedade intelectual (ou seja","1"
"2023","motivo_nao_uso_ia","Setor de Energia","de 101 a 500","Falta de expertise das equipes técnicas ou falta de recursos internos.","1"
"2023","motivo_nao_uso_ia","Marketing","de 11 a 50","Baixa qualidade e/ou falta de confiabilidade das saídas (alucinação dos modelos).","1"
"2023","motivo_nao_uso_ia","Tecnologia/Fábrica de Software","de 51 a 100","Incerteza em relação a regulamentação ou questões regulatórias.","1"
"2023","motivo_nao_uso_ia","Entretenimento ou Esportes","Acima de 3.000","Preocupações com segurança e privacidade de dados.","1"
"2023","motivo_nao_uso_ia","Área de Consultoria","de 1.001 a 3.000","Preocupações com propriedade intelectual (ou seja","1"
"2023","motivo_nao_uso_ia","Entretenimento ou Esportes","de 51 a 100","Falta de expertise das equipes técnicas ou falta de recursos internos.","1"
"2023","motivo_nao_uso_ia","Setor Automotivo","Acima de 3.000","Falta de expertise das equipes técnicas ou falta de recursos internos.","1"
"2023","motivo_nao_uso_ia","Finanças ou Bancos","Acima de 3.000","Capacitação técnica das pessoas","1"
"2023","motivo_nao_uso_ia","Entretenimento ou Esportes","de 51 a 100","Dados da empresa não estão prontos para uso de IA Generativa.","1"
"2023","motivo_nao_uso_ia","Telecomunicação","de 101 a 500","Dados da empresa não estão prontos para uso de IA Generativa.","1"
"2023","motivo_nao_uso_ia","Área de Consultoria","de 51 a 100","Baixa capacidade de entregar resultados no contexto da empresa","1"
"2023","motivo_nao_uso_ia","Setor Imobiliário/ Construção Civil","de 501 a 1.000","Falta de expertise das equipes técnicas ou falta de recursos internos.","1"
"2023","motivo_nao_uso_ia","Setor Alimentício","de 6 a 10","Dados da empresa não estão prontos para uso de IA Generativa.","1"
"2023","motivo_nao_uso_ia","Outra Opção","de 1 a 5","Falta de expertise das equipes técnicas ou falta de recursos internos.","1"
"2023","possui_data_lake","Finanças ou Bancos","Acima de 3.000","Sim","96"
"2023","possui_data_lake","Varejo","Acima de 3.000","Sim","72"
"2023","possui_data_lake","Tecnologia/Fábrica de Software","Acima de 3.000","Sim","47"
"2023","possui_data_lake","Área de Consultoria","Acima de 3.000","Sim","34"
"2023","possui_data_lake","Indústria","Acima de 3.000","Sim","31"
"2023","possui_data_lake","Tecnologia/Fábrica de Software","de 101 a 500","Sim","29"
"2023","possui_data_lake","Tecnologia/Fábrica de Software","de 501 a 1.000","Sim","26"
"2023","possui_data_lake","Área de Consultoria","de 101 a 500","Sim","24"
"2023","possui_data_lake","Finanças ou Bancos","de 1.001 a 3.000","Sim","23"
"2023","possui_data_lake","Tecnologia/Fábrica de Software","de 1.001 a 3.000","Sim","21"
"2023","possui_data_lake","Outra Opção","Acima de 3.000","Sim","20"
"2023","possui_data_lake","Finanças ou Bancos","de 101 a 500","Sim","18"
"2023","possui_data_lake","Finanças ou Bancos","de 501 a 1.000","Sim","17"
"2023","possui_data_lake","Tecnologia/Fábrica de Software","de 51 a 100","Sim","17"
"2023","possui_data_lake","Setor Alimentício","Acima de 3.000","Sim","14"
"2023","possui_data_lake","Outra Opção","de 501 a 1.000","Sim","13"
"2023","possui_data_lake","Tecnologia/Fábrica de Software","de 101 a 500","Não","12"
"2023","possui_data_lake","Telecomunicação","Acima de 3.000","Sim","11"
"2023","possui_data_lake","Área de Consultoria","de 501 a 1.000","Sim","11"
"2023","possui_data_lake","Setor de Energia","Acima de 3.000","Sim","11"
"2023","possui_data_lake","Outra Opção","de 101 a 500","Sim","11"
"2023","possui_data_lake","Tecnologia/Fábrica de Software","Acima de 3.000","Não","8"
"2023","possui_data_lake","Entretenimento ou Esportes","Acima de 3.000","Sim","7"
"2023","possui_data_lake","Finanças ou Bancos","de 11 a 50","Sim","7"
"2023","possui_data_lake","Indústria","Acima de 3.000","Não","7"
"2023","possui_data_lake","Setor Farmaceutico","Acima de 3.000","Sim","7"
"2023","possui_data_lake","Área de Consultoria","de 11 a 50","Sim","7"
"2023","possui_data_lake","Área de Consultoria","de 1.001 a 3.000","Sim","7"
"2023","possui_data_lake","Tecnologia/Fábrica de Software","de 11 a 50","Não","6"
"2023","possui_data_lake","Internet/Ecommerce","de 1.001 a 3.000","Sim","6"
"2023","possui_data_lake","Educação","de 1.001 a 3.000","Sim","6"
"2023","possui_data_lake","Tecnologia/Fábrica de Software","de 11 a 50","Sim","6"
"2023","possui_data_lake","Varejo","de 101 a 500","Sim","6"
"2023","possui_data_lake","Área da Saúde","de 101 a 500","Sim","6"
"2023","possui_data_lake","Outra Opção","de 1.001 a 3.000","Sim","5"
"2023","possui_data_lake","Finanças ou Bancos","de 51 a 100","Sim","5"
"2023","possui_data_lake","Educação","de 101 a 500","Sim","5"
"2023","possui_data_lake","Varejo","Acima de 3.000","Não","5"
"2023","possui_data_lake","Tecnologia/Fábrica de Software","de 51 a 100","Não","5"
"2023","possui_data_lake","Finanças ou Bancos","Acima de 3.000","Não","5"
"2023","possui_data_lake","Outra Opção","de 101 a 500","Não","5"
"2023","possui_data_lake","Área de Consultoria","de 101 a 500","Não","5"
"2023","possui_data_lake","Área de Consultoria","de 51 a 100","Sim","5"
"2023","possui_data_lake","Finanças ou Bancos","de 101 a 500","Não","5"
"2023","possui_data_lake","Internet/Ecommerce","Acima de 3.000","Sim","5"
"2023","possui_data_lake","Educação","de 501 a 1.000","Sim","5"
"2023","possui_data_lake","Área da Saúde","Acima de 3.000","Sim","4"
"2023","possui_data_lake","Educação","Acima de 3.000","Sim","4"
"2023","possui_data_lake","Setor Automotivo","Acima de 3.000","Sim","4"
"2023","possui_data_lake","Área da Saúde","de 1.001 a 3.000","Sim","4"
"2023","possui_data_lake","Setor Público","Acima de 3.000","Não","4"
"2023","possui_data_lake","Agronegócios","Acima de 3.000","Sim","4"
"2023","possui_data_lake","Marketing","de 101 a 500","Não","4"
"2023","possui_data_lake","Varejo","de 501 a 1.000","Sim","4"
"2023","possui_data_lake","Área de Consultoria","de 51 a 100","Não","4"
"2023","possui_data_lake","Indústria","de 501 a 1.000","Não","4"
"2023","possui_data_lake","Setor Imobiliário/ Construção Civil","de 101 a 500","Sim","3"
"2023","possui_data_lake","Marketing","de 11 a 50","Não","3"
"2023","possui_data_lake","Indústria","de 101 a 500","Não","3"
"2023","possui_data_lake","Entretenimento ou Esportes","de 501 a 1.000","Sim","3"
"2023","possui_data_lake","Finanças ou Bancos","de 501 a 1.000","Não","3"
"2023","possui_data_lake","Varejo","de 1.001 a 3.000","Não","3"
"2023","possui_data_lake","Seguros ou Previdência","Acima de 3.000","Sim","3"
"2023","possui_data_lake","Setor Público","de 501 a 1.000","Não","3"
"2023","possui_data_lake","Agronegócios","de 101 a 500","Não","3"
"2023","possui_data_lake","Setor Imobiliário/ Construção Civil","Acima de 3.000","Sim","3"
"2023","possui_data_lake","Área de Consultoria","Acima de 3.000","Não","3"
"2023","possui_data_lake","Marketing","de 11 a 50","Sim","3"
"2023","possui_data_lake","Outra Opção","Acima de 3.000","Não","3"
"2023","possui_data_lake","Seguros ou Previdência","de 101 a 500","Sim","3"
"2023","possui_data_lake","Entretenimento ou Esportes","de 101 a 500","Sim","3"
"2023","possui_data_lake","Entretenimento ou Esportes","de 51 a 100","Não","3"
"2023","possui_data_lake","Marketing","de 1.001 a 3.000","Sim","2"
"2023","possui_data_lake","Educação","de 11 a 50","Sim","2"
"2023","possui_data_lake","Área da Saúde","Acima de 3.000","Não","2"
"2023","possui_data_lake","Setor Público","de 101 a 500","Não","2"
"2023","possui_data_lake","Setor Público","Acima de 3.000","Sim","2"
"2023","possui_data_lake","Área de Consultoria","de 6 a 10","Não","2"
"2023","possui_data_lake","Filantropia/ONG's","de 101 a 500","Não","2"
"2023","possui_data_lake","Área de Consultoria","de 11 a 50","Não","2"
"2023","possui_data_lake","Marketing","de 101 a 500","Sim","2"
"2023","possui_data_lake","Indústria","de 1.001 a 3.000","Sim","2"
"2023","possui_data_lake","Varejo","de 1.001 a 3.000","Sim","2"
"2023","possui_data_lake","Área da Saúde","de 501 a 1.000","Sim","2"
"2023","possui_data_lake","Outra Opção","de 1.001 a 3.000","Não","2"
"2023","possui_data_lake","Educação","de 51 a 100","Não","2"
"2023","possui_data_lake","Seguros ou Previdência","de 1.001 a 3.000","Sim","2"
"2023","possui_data_lake","Agronegócios","de 1.001 a 3.000","Sim","2"
"2023","possui_data_lake","Marketing","de 501 a 1.000","Sim","2"
"2023","possui_data_lake","Filantropia/ONG's","de 11 a 50","Sim","2"
"2023","possui_data_lake","Marketing","de 51 a 100","Sim","2"
"2023","possui_data_lake","Seguros ou Previdência","de 51 a 100","Sim","2"
"2023","possui_data_lake","Setor de Energia","de 501 a 1.000","Sim","2"
"2023","possui_data_lake","Setor Público","de 501 a 1.000","Sim","2"
"2023","possui_data_lake","Internet/Ecommerce","de 501 a 1.000","Sim","2"
"2023","possui_data_lake","Internet/Ecommerce","de 101 a 500","Sim","1"
"2023","possui_data_lake","Indústria","de 6 a 10","Não","1"
"2023","possui_data_lake","Varejo","de 101 a 500","Não","1"
"2023","possui_data_lake","Setor Automotivo","Acima de 3.000","Não","1"
"2023","possui_data_lake","Outra Opção","de 51 a 100","Sim","1"
"2023","possui_data_lake","Área da Saúde","de 51 a 100","Sim","1"
"2023","possui_data_lake","Setor de Energia","de 1.001 a 3.000","Sim","1"
"2023","possui_data_lake","Finanças ou Bancos","de 1.001 a 3.000","Não","1"
"2023","possui_data_lake","Área de Consultoria","de 501 a 1.000","Não","1"
"2023","possui_data_lake","Agronegócios","de 51 a 100","Não","1"
"2023","possui_data_lake","Indústria","de 1.001 a 3.000","Não","1"
"2023","possui_data_lake","Outra Opção","de 1 a 5","Não","1"
"2023","possui_data_lake","Setor Imobiliário/ Construção Civil","Acima de 3.000","Não","1"
"2023","possui_data_lake","Área de Consultoria","de 6 a 10","Sim","1"
"2023","possui_data_lake","Telecomunicação","Acima de 3.000","Não","1"
"2023","possui_data_lake","Tecnologia/Fábrica de Software","de 1.001 a 3.000","Não","1"
"2023","possui_data_lake","Setor Alimentício","Acima de 3.000","Não","1"
"2023","possui_data_lake","Setor Farmaceutico","de 51 a 100","Sim","1"
"2023","possui_data_lake","Setor Imobiliário/ Construção Civil","de 501 a 1.000","Sim","1"
"2023","possui_data_lake","Setor Público","de 101 a 500","Sim","1"
"2023","possui_data_lake","Telecomunicação","de 1.001 a 3.000","Não","1"
"2023","possui_data_lake","Setor Público","de 11 a 50","Sim","1"
"2023","possui_data_lake","Setor Automotivo","de 101 a 500","Não","1"
"2023","possui_data_lake","Varejo","de 6 a 10","Não","1"
"2023","possui_data_lake","Varejo","de 51 a 100","Não","1"
"2023","possui_data_lake","Setor Imobiliário/ Construção Civil","de 11 a 50","Sim","1"
"2023","possui_data_lake","Setor Público","de 1.001 a 3.000","Não","1"
"2023","possui_data_lake","Área de Consultoria","de 1.001 a 3.000","Não","1"
"2023","possui_data_lake","Área da Saúde","de 11 a 50","Não","1"
"2023","possui_data_lake","Internet/Ecommerce","de 51 a 100","Sim","1"
"2023","possui_data_lake","Setor Alimentício","de 101 a 500","Sim","1"
"2023","possui_data_lake","Entretenimento ou Esportes","de 1.001 a 3.000","Sim","1"
"2023","possui_data_lake","Educação","de 1 a 5","Não","1"
"2023","possui_data_lake","Telecomunicação","de 501 a 1.000","Não","1"
"2023","possui_data_lake","Educação","de 11 a 50","Não","1"
"2023","possui_data_lake","Agronegócios","Acima de 3.000","Não","1"
"2023","possui_data_lake","Educação","de 1.001 a 3.000","Não","1"
"2023","possui_data_lake","Internet/Ecommerce","de 101 a 500","Não","1"
"2023","possui_data_lake","Área da Saúde","de 1.001 a 3.000","Não","1"
"2023","possui_data_lake","Setor Farmaceutico","de 1.001 a 3.000","Sim","1"
"2023","possui_data_lake","Educação","de 101 a 500","Não","1"
"2023","possui_data_lake","Tecnologia/Fábrica de Software","de 6 a 10","Não","1"
"2023","possui_data_lake","Indústria","de 501 a 1.000","Sim","1"
"2023","possui_data_lake","Internet/Ecommerce","de 6 a 10","Não","1"
"2023","possui_data_lake","Área de Consultoria","de 1 a 5","Sim","1"
"2023","possui_data_lake","Agronegócios","de 1.001 a 3.000","Não","1"
"2023","possui_data_lake","Finanças ou Bancos","de 51 a 100","Não","1"
"2023","possui_data_lake","Setor Automotivo","de 101 a 500","Sim","1"
"2023","possui_data_lake","Tecnologia/Fábrica de Software","de 1 a 5","Não","1"
"2023","possui_data_lake","Indústria","de 51 a 100","Não","1"
"2023","possui_data_lake","Setor Alimentício","de 501 a 1.000","Sim","1"
"2023","possui_data_lake","Tecnologia/Fábrica de Software","de 6 a 10","Sim","1"
"2023","possui_data_lake","Setor de Energia","de 11 a 50","Não","1"
"2023","possui_data_lake","Setor Alimentício","de 6 a 10","Sim","1"
"2023","possui_data_lake","Setor Imobiliário/ Construção Civil","de 51 a 100","Não","1"
"2023","possui_data_lake","Internet/Ecommerce","de 51 a 100","Não","1"
"2023","possui_data_lake","Seguros ou Previdência","de 1.001 a 3.000","Não","1"
"2023","possui_data_lake","Setor Imobiliário/ Construção Civil","de 1.001 a 3.000","Sim","1"
"2023","possui_data_lake","Seguros ou Previdência","de 501 a 1.000","Sim","1"
"2023","possui_data_lake","Agronegócios","de 101 a 500","Sim","1"
"2023","possui_data_lake","Telecomunicação","de 101 a 500","Não","1"
"2023","possui_data_lake","Setor Imobiliário/ Construção Civil","de 1.001 a 3.000","Não","1"
"2023","possui_data_lake","Área da Saúde","de 11 a 50","Sim","1"
"2023","possui_data_lake","Setor de Energia","de 11 a 50","Sim","1"
"2023","possui_data_lake","Setor Alimentício","de 1.001 a 3.000","Sim","1"
"2023","possui_data_lake","Agronegócios","de 501 a 1.000","Sim","1"
"2023","possui_data_lake","Setor Público","de 1.001 a 3.000","Sim","1"
"2023","possui_data_lake","Finanças ou Bancos","de 1 a 5","Sim","1"
"2023","possui_data_lake","Telecomunicação","de 51 a 100","Sim","1"
"2023","possui_data_lake","Finanças ou Bancos","de 11 a 50","Não","1"
"2023","possui_data_lake","Outra Opção","de 1 a 5","Sim","1"
"2023","possui_data_lake","Setor de Energia","de 101 a 500","Sim","1"
"2023","possui_data_lake","Tecnologia/Fábrica de Software","de 1 a 5","Sim","1"
"2023","possui_data_warehouse","Finanças ou Bancos","Acima de 3.000","Sim","89"
"2023","possui_data_warehouse","Varejo","Acima de 3.000","Sim","67"
"2023","possui_data_warehouse","Tecnologia/Fábrica de Software","Acima de 3.000","Sim","49"
"2023","possui_data_warehouse","Indústria","Acima de 3.000","Sim","38"
"2023","possui_data_warehouse","Tecnologia/Fábrica de Software","de 101 a 500","Sim","30"
"2023","possui_data_warehouse","Área de Consultoria","Acima de 3.000","Sim","29"
"2023","possui_data_warehouse","Área de Consultoria","de 101 a 500","Sim","24"
"2023","possui_data_warehouse","Finanças ou Bancos","de 101 a 500","Sim","21"
"2023","possui_data_warehouse","Finanças ou Bancos","de 1.001 a 3.000","Sim","20"
"2023","possui_data_warehouse","Tecnologia/Fábrica de Software","de 51 a 100","Sim","19"
"2023","possui_data_warehouse","Outra Opção","Acima de 3.000","Sim","19"
"2023","possui_data_warehouse","Tecnologia/Fábrica de Software","de 1.001 a 3.000","Sim","19"
"2023","possui_data_warehouse","Finanças ou Bancos","de 501 a 1.000","Sim","18"
"2023","possui_data_warehouse","Tecnologia/Fábrica de Software","de 501 a 1.000","Sim","17"
"2023","possui_data_warehouse","Setor Alimentício","Acima de 3.000","Sim","14"
"2023","possui_data_warehouse","Outra Opção","de 101 a 500","Sim","14"
"2023","possui_data_warehouse","Telecomunicação","Acima de 3.000","Sim","12"
"2023","possui_data_warehouse","Finanças ou Bancos","Acima de 3.000","Não","12"
"2023","possui_data_warehouse","Tecnologia/Fábrica de Software","de 101 a 500","Não","11"
"2023","possui_data_warehouse","Tecnologia/Fábrica de Software","de 11 a 50","Sim","10"
"2023","possui_data_warehouse","Varejo","Acima de 3.000","Não","10"
"2023","possui_data_warehouse","Área de Consultoria","de 501 a 1.000","Sim","9"
"2023","possui_data_warehouse","Setor de Energia","Acima de 3.000","Sim","9"
"2023","possui_data_warehouse","Tecnologia/Fábrica de Software","de 501 a 1.000","Não","9"
"2023","possui_data_warehouse","Outra Opção","de 501 a 1.000","Sim","8"
"2023","possui_data_warehouse","Outra Opção","de 1.001 a 3.000","Sim","7"
"2023","possui_data_warehouse","Setor Farmaceutico","Acima de 3.000","Sim","7"
"2023","possui_data_warehouse","Área de Consultoria","Acima de 3.000","Não","7"
"2023","possui_data_warehouse","Área de Consultoria","de 11 a 50","Sim","7"
"2023","possui_data_warehouse","Entretenimento ou Esportes","Acima de 3.000","Sim","6"
"2023","possui_data_warehouse","Tecnologia/Fábrica de Software","Acima de 3.000","Não","6"
"2023","possui_data_warehouse","Internet/Ecommerce","de 1.001 a 3.000","Sim","6"
"2023","possui_data_warehouse","Educação","de 101 a 500","Sim","6"
"2023","possui_data_warehouse","Varejo","de 101 a 500","Sim","6"
"2023","possui_data_warehouse","Marketing","de 101 a 500","Sim","6"
"2023","possui_data_warehouse","Finanças ou Bancos","de 51 a 100","Sim","6"
"2023","possui_data_warehouse","Área de Consultoria","de 1.001 a 3.000","Sim","6"
"2023","possui_data_warehouse","Finanças ou Bancos","de 11 a 50","Sim","5"
"2023","possui_data_warehouse","Área da Saúde","de 1.001 a 3.000","Sim","5"
"2023","possui_data_warehouse","Internet/Ecommerce","Acima de 3.000","Sim","5"
"2023","possui_data_warehouse","Marketing","de 11 a 50","Sim","5"
"2023","possui_data_warehouse","Área de Consultoria","de 51 a 100","Sim","5"
"2023","possui_data_warehouse","Área de Consultoria","de 101 a 500","Não","5"
"2023","possui_data_warehouse","Varejo","de 1.001 a 3.000","Sim","5"
"2023","possui_data_warehouse","Educação","de 1.001 a 3.000","Sim","5"
"2023","possui_data_warehouse","Outra Opção","de 501 a 1.000","Não","5"
"2023","possui_data_warehouse","Área da Saúde","de 101 a 500","Sim","5"
"2023","possui_data_warehouse","Agronegócios","Acima de 3.000","Sim","5"
"2023","possui_data_warehouse","Área de Consultoria","de 51 a 100","Não","4"
"2023","possui_data_warehouse","Setor Público","Acima de 3.000","Não","4"
"2023","possui_data_warehouse","Área da Saúde","Acima de 3.000","Sim","4"
"2023","possui_data_warehouse","Outra Opção","Acima de 3.000","Não","4"
"2023","possui_data_warehouse","Setor Público","de 501 a 1.000","Sim","4"
"2023","possui_data_warehouse","Educação","Acima de 3.000","Sim","4"
"2023","possui_data_warehouse","Setor Automotivo","Acima de 3.000","Sim","4"
"2023","possui_data_warehouse","Varejo","de 501 a 1.000","Sim","4"
"2023","possui_data_warehouse","Setor Imobiliário/ Construção Civil","Acima de 3.000","Sim","4"
"2023","possui_data_warehouse","Finanças ou Bancos","de 1.001 a 3.000","Não","4"
"2023","possui_data_warehouse","Área de Consultoria","de 501 a 1.000","Não","3"
"2023","possui_data_warehouse","Entretenimento ou Esportes","de 101 a 500","Sim","3"
"2023","possui_data_warehouse","Seguros ou Previdência","Acima de 3.000","Sim","3"
"2023","possui_data_warehouse","Educação","de 501 a 1.000","Sim","3"
"2023","possui_data_warehouse","Tecnologia/Fábrica de Software","de 51 a 100","Não","3"
"2023","possui_data_warehouse","Indústria","de 501 a 1.000","Sim","3"
"2023","possui_data_warehouse","Finanças ou Bancos","de 11 a 50","Não","3"
"2023","possui_data_warehouse","Seguros ou Previdência","de 101 a 500","Sim","3"
"2023","possui_data_warehouse","Tecnologia/Fábrica de Software","de 1.001 a 3.000","Não","3"
"2023","possui_data_warehouse","Setor Imobiliário/ Construção Civil","de 101 a 500","Sim","3"
"2023","possui_data_warehouse","Setor Público","de 101 a 500","Sim","3"
"2023","possui_data_warehouse","Entretenimento ou Esportes","de 501 a 1.000","Sim","3"
"2023","possui_data_warehouse","Indústria","de 1.001 a 3.000","Sim","2"
"2023","possui_data_warehouse","Educação","de 1.001 a 3.000","Não","2"
"2023","possui_data_warehouse","Área de Consultoria","de 1.001 a 3.000","Não","2"
"2023","possui_data_warehouse","Marketing","de 51 a 100","Sim","2"
"2023","possui_data_warehouse","Entretenimento ou Esportes","de 51 a 100","Não","2"
"2023","possui_data_warehouse","Área da Saúde","de 11 a 50","Não","2"
"2023","possui_data_warehouse","Finanças ou Bancos","de 501 a 1.000","Não","2"
"2023","possui_data_warehouse","Tecnologia/Fábrica de Software","de 6 a 10","Não","2"
"2023","possui_data_warehouse","Marketing","de 1.001 a 3.000","Sim","2"
"2023","possui_data_warehouse","Educação","de 11 a 50","Não","2"
"2023","possui_data_warehouse","Outra Opção","de 101 a 500","Não","2"
"2023","possui_data_warehouse","Marketing","de 501 a 1.000","Sim","2"
"2023","possui_data_warehouse","Área de Consultoria","de 11 a 50","Não","2"
"2023","possui_data_warehouse","Área da Saúde","Acima de 3.000","Não","2"
"2023","possui_data_warehouse","Agronegócios","de 101 a 500","Não","2"
"2023","possui_data_warehouse","Indústria","de 101 a 500","Sim","2"
"2023","possui_data_warehouse","Setor Público","Acima de 3.000","Sim","2"
"2023","possui_data_warehouse","Finanças ou Bancos","de 101 a 500","Não","2"
"2023","possui_data_warehouse","Área da Saúde","de 501 a 1.000","Sim","2"
"2023","possui_data_warehouse","Setor de Energia","de 501 a 1.000","Sim","2"
"2023","possui_data_warehouse","Área de Consultoria","de 6 a 10","Sim","2"
"2023","possui_data_warehouse","Seguros ou Previdência","de 51 a 100","Sim","2"
"2023","possui_data_warehouse","Filantropia/ONG's","de 11 a 50","Não","2"
"2023","possui_data_warehouse","Seguros ou Previdência","de 1.001 a 3.000","Sim","2"
"2023","possui_data_warehouse","Setor de Energia","de 11 a 50","Não","2"
"2023","possui_data_warehouse","Setor de Energia","Acima de 3.000","Não","2"
"2023","possui_data_warehouse","Internet/Ecommerce","de 501 a 1.000","Sim","2"
"2023","possui_data_warehouse","Internet/Ecommerce","de 51 a 100","Sim","2"
"2023","possui_data_warehouse","Internet/Ecommerce","de 101 a 500","Sim","2"
"2023","possui_data_warehouse","Tecnologia/Fábrica de Software","de 1 a 5","Não","2"
"2023","possui_data_warehouse","Agronegócios","de 1.001 a 3.000","Sim","2"
"2023","possui_data_warehouse","Agronegócios","de 101 a 500","Sim","2"
"2023","possui_data_warehouse","Educação","de 51 a 100","Sim","2"
"2023","possui_data_warehouse","Educação","de 501 a 1.000","Não","2"
"2023","possui_data_warehouse","Tecnologia/Fábrica de Software","de 11 a 50","Não","2"
"2023","possui_data_warehouse","Indústria","de 501 a 1.000","Não","2"
"2023","possui_data_warehouse","Setor Público","de 501 a 1.000","Não","1"
"2023","possui_data_warehouse","Telecomunicação","de 1.001 a 3.000","Sim","1"
"2023","possui_data_warehouse","Indústria","de 1.001 a 3.000","Não","1"
"2023","possui_data_warehouse","Filantropia/ONG's","de 101 a 500","Não","1"
"2023","possui_data_warehouse","Internet/Ecommerce","de 6 a 10","Sim","1"
"2023","possui_data_warehouse","Telecomunicação","de 51 a 100","Sim","1"
"2023","possui_data_warehouse","Indústria","de 101 a 500","Não","1"
"2023","possui_data_warehouse","Filantropia/ONG's","de 101 a 500","Sim","1"
"2023","possui_data_warehouse","Setor de Energia","de 101 a 500","Sim","1"
"2023","possui_data_warehouse","Setor Imobiliário/ Construção Civil","de 501 a 1.000","Sim","1"
"2023","possui_data_warehouse","Setor Alimentício","de 501 a 1.000","Sim","1"
"2023","possui_data_warehouse","Finanças ou Bancos","de 1 a 5","Sim","1"
"2023","possui_data_warehouse","Setor Farmaceutico","de 1.001 a 3.000","Sim","1"
"2023","possui_data_warehouse","Setor de Energia","de 1.001 a 3.000","Não","1"
"2023","possui_data_warehouse","Educação","de 1 a 5","Sim","1"
"2023","possui_data_warehouse","Agronegócios","de 1.001 a 3.000","Não","1"
"2023","possui_data_warehouse","Educação","de 11 a 50","Sim","1"
"2023","possui_data_warehouse","Outra Opção","de 1 a 5","Sim","1"
"2023","possui_data_warehouse","Telecomunicação","de 101 a 500","Sim","1"
"2023","possui_data_warehouse","Setor Público","de 1.001 a 3.000","Sim","1"
"2023","possui_data_warehouse","Seguros ou Previdência","de 1.001 a 3.000","Não","1"
"2023","possui_data_warehouse","Telecomunicação","de 501 a 1.000","Sim","1"
"2023","possui_data_warehouse","Seguros ou Previdência","de 501 a 1.000","Sim","1"
"2023","possui_data_warehouse","Área de Consultoria","de 1 a 5","Sim","1"
"2023","possui_data_warehouse","Setor Imobiliário/ Construção Civil","de 11 a 50","Não","1"
"2023","possui_data_warehouse","Varejo","de 51 a 100","Sim","1"
"2023","possui_data_warehouse","Setor Alimentício","de 6 a 10","Sim","1"
"2023","possui_data_warehouse","Área de Consultoria","de 6 a 10","Não","1"
"2023","possui_data_warehouse","Entretenimento ou Esportes","de 1.001 a 3.000","Não","1"
"2023","possui_data_warehouse","Setor Imobiliário/ Construção Civil","de 1.001 a 3.000","Sim","1"
"2023","possui_data_warehouse","Setor Alimentício","de 1.001 a 3.000","Sim","1"
"2023","possui_data_warehouse","Setor Imobiliário/ Construção Civil","de 1.001 a 3.000","Não","1"
"2023","possui_data_warehouse","Indústria","de 51 a 100","Sim","1"
"2023","possui_data_warehouse","Setor Público","de 11 a 50","Sim","1"
"2023","possui_data_warehouse","Setor Farmaceutico","de 51 a 100","Sim","1"
"2023","possui_data_warehouse","Varejo","de 101 a 500","Não","1"
"2023","possui_data_warehouse","Área da Saúde","de 101 a 500","Não","1"
"2023","possui_data_warehouse","Área da Saúde","de 51 a 100","Não","1"
"2023","possui_data_warehouse","Entretenimento ou Esportes","Acima de 3.000","Não","1"
"2023","possui_data_warehouse","Varejo","de 6 a 10","Não","1"
"2023","possui_data_warehouse","Setor Automotivo","de 101 a 500","Não","1"
"2023","possui_data_warehouse","Agronegócios","de 51 a 100","Não","1"
"2023","possui_data_warehouse","Agronegócios","de 501 a 1.000","Sim","1"
"2023","possui_data_warehouse","Marketing","de 11 a 50","Não","1"
"2023","possui_data_warehouse","Indústria","de 6 a 10","Sim","1"
"2023","possui_data_warehouse","Outra Opção","de 1 a 5","Não","1"
"2023","possui_data_warehouse","Setor Automotivo","de 101 a 500","Sim","1"
"2023","possui_data_warehouse","Setor Alimentício","de 101 a 500","Sim","1"
"2023","possui_data_warehouse","Setor Imobiliário/ Construção Civil","de 51 a 100","Não","1"
"2023","possui_data_warehouse","Entretenimento ou Esportes","de 51 a 100","Sim","1"
"2023","possui_data_warehouse","Setor Automotivo","Acima de 3.000","Não","1"
"2023","possui_data_warehouse","Outra Opção","de 51 a 100","Sim","1"
"2023","possui_data_warehouse","Setor Público","de 1.001 a 3.000","Não","1"
"2023","risco_turnover","Finanças ou Bancos","Acima de 3.000","Não estou buscando, mas me considero aberto a outras oportunidades","185"
"2023","risco_turnover","Finanças ou Bancos","Acima de 3.000","Não estou buscando e não pretendo mudar de emprego nos próximos 6 meses","174"
"2023","risco_turnover","Varejo","Acima de 3.000","Não estou buscando e não pretendo mudar de emprego nos próximos 6 meses","150"
"2023","risco_turnover","Finanças ou Bancos","Acima de 3.000","Estou em busca de oportunidades dentro ou fora do Brasil","111"
"2023","risco_turnover","Tecnologia/Fábrica de Software","Acima de 3.000","Não estou buscando, mas me considero aberto a outras oportunidades","81"
"2023","risco_turnover","Varejo","Acima de 3.000","Não estou buscando, mas me considero aberto a outras oportunidades","79"
"2023","risco_turnover","Indústria","Acima de 3.000","Não estou buscando e não pretendo mudar de emprego nos próximos 6 meses","78"
"2023","risco_turnover","Finanças ou Bancos","de 101 a 500","Não estou buscando, mas me considero aberto a outras oportunidades","70"
"2023","risco_turnover","Tecnologia/Fábrica de Software","de 101 a 500","Não estou buscando, mas me considero aberto a outras oportunidades","64"
"2023","risco_turnover","Indústria","Acima de 3.000","Não estou buscando, mas me considero aberto a outras oportunidades","63"
"2023","risco_turnover","Tecnologia/Fábrica de Software","Acima de 3.000","Não estou buscando e não pretendo mudar de emprego nos próximos 6 meses","56"
"2023","risco_turnover","Tecnologia/Fábrica de Software","Acima de 3.000","Estou em busca de oportunidades dentro ou fora do Brasil","51"
"2023","risco_turnover","Tecnologia/Fábrica de Software","de 101 a 500","Estou em busca de oportunidades dentro ou fora do Brasil","51"
"2023","risco_turnover","Outra Opção","Acima de 3.000","Não estou buscando, mas me considero aberto a outras oportunidades","50"
"2023","risco_turnover","Tecnologia/Fábrica de Software","de 1.001 a 3.000","Não estou buscando, mas me considero aberto a outras oportunidades","50"
"2023","risco_turnover","Finanças ou Bancos","Acima de 3.000","Estou em busca de oportunidades, mas apenas fora do Brasil","47"
"2023","risco_turnover","Indústria","Acima de 3.000","Estou em busca de oportunidades dentro ou fora do Brasil","42"
"2023","risco_turnover","Finanças ou Bancos","de 1.001 a 3.000","Não estou buscando, mas me considero aberto a outras oportunidades","41"
"2023","risco_turnover","Outra Opção","Acima de 3.000","Não estou buscando e não pretendo mudar de emprego nos próximos 6 meses","41"
"2023","risco_turnover","Tecnologia/Fábrica de Software","de 501 a 1.000","Não estou buscando, mas me considero aberto a outras oportunidades","41"
"2023","risco_turnover","Tecnologia/Fábrica de Software","de 101 a 500","Não estou buscando e não pretendo mudar de emprego nos próximos 6 meses","39"
"2023","risco_turnover","Tecnologia/Fábrica de Software","de 11 a 50","Não estou buscando, mas me considero aberto a outras oportunidades","38"
"2023","risco_turnover","Outra Opção","Acima de 3.000","Estou em busca de oportunidades dentro ou fora do Brasil","38"
"2023","risco_turnover","Setor Alimentício","Acima de 3.000","Não estou buscando, mas me considero aberto a outras oportunidades","37"
"2023","risco_turnover","Área de Consultoria","Acima de 3.000","Não estou buscando, mas me considero aberto a outras oportunidades","37"
"2023","risco_turnover","Finanças ou Bancos","de 501 a 1.000","Não estou buscando, mas me considero aberto a outras oportunidades","36"
"2023","risco_turnover","Varejo","Acima de 3.000","Estou em busca de oportunidades dentro ou fora do Brasil","35"
"2023","risco_turnover","Área de Consultoria","de 101 a 500","Não estou buscando, mas me considero aberto a outras oportunidades","35"
"2023","risco_turnover","Tecnologia/Fábrica de Software","de 51 a 100","Estou em busca de oportunidades dentro ou fora do Brasil","35"
"2023","risco_turnover","Finanças ou Bancos","de 101 a 500","Não estou buscando e não pretendo mudar de emprego nos próximos 6 meses","33"
"2023","risco_turnover","Finanças ou Bancos","de 1.001 a 3.000","Não estou buscando e não pretendo mudar de emprego nos próximos 6 meses","33"
"2023","risco_turnover","Tecnologia/Fábrica de Software","de 51 a 100","Não estou buscando, mas me considero aberto a outras oportunidades","32"
"2023","risco_turnover","Área da Saúde","Acima de 3.000","Não estou buscando, mas me considero aberto a outras oportunidades","32"
"2023","risco_turnover","Tecnologia/Fábrica de Software","de 101 a 500","Estou em busca de oportunidades, mas apenas fora do Brasil","30"
"2023","risco_turnover","Área da Saúde","Acima de 3.000","Estou em busca de oportunidades dentro ou fora do Brasil","29"
"2023","risco_turnover","Tecnologia/Fábrica de Software","de 11 a 50","Estou em busca de oportunidades dentro ou fora do Brasil","29"
"2023","risco_turnover","Setor Público","Acima de 3.000","Estou em busca de oportunidades dentro ou fora do Brasil","29"
"2023","risco_turnover","Setor Público","Acima de 3.000","Não estou buscando, mas me considero aberto a outras oportunidades","27"
"2023","risco_turnover","Finanças ou Bancos","de 101 a 500","Estou em busca de oportunidades dentro ou fora do Brasil","27"
"2023","risco_turnover","Área de Consultoria","Acima de 3.000","Estou em busca de oportunidades dentro ou fora do Brasil","26"
"2023","risco_turnover","Tecnologia/Fábrica de Software","de 1.001 a 3.000","Estou em busca de oportunidades dentro ou fora do Brasil","26"
"2023","risco_turnover","Telecomunicação","Acima de 3.000","Não estou buscando, mas me considero aberto a outras oportunidades","26"
"2023","risco_turnover","Educação","Acima de 3.000","Não estou buscando, mas me considero aberto a outras oportunidades","25"
"2023","risco_turnover","Área de Consultoria","Acima de 3.000","Não estou buscando e não pretendo mudar de emprego nos próximos 6 meses","24"
"2023","risco_turnover","Área de Consultoria","de 101 a 500","Estou em busca de oportunidades dentro ou fora do Brasil","24"
"2023","risco_turnover","Tecnologia/Fábrica de Software","de 501 a 1.000","Estou em busca de oportunidades dentro ou fora do Brasil","24"
"2023","risco_turnover","Setor de Energia","Acima de 3.000","Não estou buscando, mas me considero aberto a outras oportunidades","23"
"2023","risco_turnover","Educação","Acima de 3.000","Estou em busca de oportunidades dentro ou fora do Brasil","23"
"2023","risco_turnover","Internet/Ecommerce","Acima de 3.000","Não estou buscando, mas me considero aberto a outras oportunidades","23"
"2023","risco_turnover","Outra Opção","de 101 a 500","Estou em busca de oportunidades dentro ou fora do Brasil","23"
"2023","risco_turnover","Área de Consultoria","de 11 a 50","Não estou buscando, mas me considero aberto a outras oportunidades","22"
"2023","risco_turnover","Outra Opção","de 101 a 500","Não estou buscando, mas me considero aberto a outras oportunidades","22"
"2023","risco_turnover","Tecnologia/Fábrica de Software","de 51 a 100","Não estou buscando e não pretendo mudar de emprego nos próximos 6 meses","22"
"2023","risco_turnover","Setor de Energia","Acima de 3.000","Estou em busca de oportunidades dentro ou fora do Brasil","21"
"2023","risco_turnover","Finanças ou Bancos","de 1.001 a 3.000","Estou em busca de oportunidades dentro ou fora do Brasil","21"
"2023","risco_turnover","Tecnologia/Fábrica de Software","de 11 a 50","Não estou buscando e não pretendo mudar de emprego nos próximos 6 meses","21"
"2023","risco_turnover","Área da Saúde","de 101 a 500","Não estou buscando, mas me considero aberto a outras oportunidades","21"
"2023","risco_turnover","Indústria","Acima de 3.000","Estou em busca de oportunidades, mas apenas fora do Brasil","20"
"2023","risco_turnover","Tecnologia/Fábrica de Software","de 1.001 a 3.000","Não estou buscando e não pretendo mudar de emprego nos próximos 6 meses","20"
"2023","risco_turnover","Finanças ou Bancos","de 501 a 1.000","Estou em busca de oportunidades dentro ou fora do Brasil","19"
"2023","risco_turnover","Telecomunicação","Acima de 3.000","Estou em busca de oportunidades dentro ou fora do Brasil","19"
"2023","risco_turnover","Área da Saúde","Acima de 3.000","Não estou buscando e não pretendo mudar de emprego nos próximos 6 meses","19"
"2023","risco_turnover","Tecnologia/Fábrica de Software","de 11 a 50","Estou em busca de oportunidades, mas apenas fora do Brasil","18"
"2023","risco_turnover","Tecnologia/Fábrica de Software","de 1 a 5","Estou em busca de oportunidades dentro ou fora do Brasil","18"
"2023","risco_turnover","Finanças ou Bancos","de 501 a 1.000","Não estou buscando e não pretendo mudar de emprego nos próximos 6 meses","18"
"2023","risco_turnover","Varejo","Acima de 3.000","Estou em busca de oportunidades, mas apenas fora do Brasil","18"
"2023","risco_turnover","Setor Público","Acima de 3.000","Não estou buscando e não pretendo mudar de emprego nos próximos 6 meses","18"
"2023","risco_turnover","Educação","de 101 a 500","Estou em busca de oportunidades dentro ou fora do Brasil","17"
"2023","risco_turnover","Finanças ou Bancos","de 51 a 100","Não estou buscando, mas me considero aberto a outras oportunidades","17"
"2023","risco_turnover","Setor Alimentício","Acima de 3.000","Estou em busca de oportunidades dentro ou fora do Brasil","17"
"2023","risco_turnover","Área de Consultoria","de 101 a 500","Não estou buscando e não pretendo mudar de emprego nos próximos 6 meses","17"
"2023","risco_turnover","Varejo","de 1.001 a 3.000","Não estou buscando, mas me considero aberto a outras oportunidades","16"
"2023","risco_turnover","Varejo","de 101 a 500","Estou em busca de oportunidades dentro ou fora do Brasil","16"
"2023","risco_turnover","Tecnologia/Fábrica de Software","de 501 a 1.000","Não estou buscando e não pretendo mudar de emprego nos próximos 6 meses","16"
"2023","risco_turnover","Área de Consultoria","de 1.001 a 3.000","Não estou buscando, mas me considero aberto a outras oportunidades","16"
"2023","risco_turnover","Tecnologia/Fábrica de Software","de 1.001 a 3.000","Estou em busca de oportunidades, mas apenas fora do Brasil","16"
"2023","risco_turnover","Marketing","de 101 a 500","Estou em busca de oportunidades dentro ou fora do Brasil","16"
"2023","risco_turnover","Indústria","de 101 a 500","Estou em busca de oportunidades dentro ou fora do Brasil","15"
"2023","risco_turnover","Setor Público","de 1.001 a 3.000","Não estou buscando, mas me considero aberto a outras oportunidades","15"
"2023","risco_turnover","Tecnologia/Fábrica de Software","Acima de 3.000","Estou em busca de oportunidades, mas apenas fora do Brasil","15"
"2023","risco_turnover","Educação","de 1.001 a 3.000","Não estou buscando, mas me considero aberto a outras oportunidades","15"
"2023","risco_turnover","Área de Consultoria","de 501 a 1.000","Estou em busca de oportunidades dentro ou fora do Brasil","14"
"2023","risco_turnover","Internet/Ecommerce","Acima de 3.000","Não estou buscando e não pretendo mudar de emprego nos próximos 6 meses","14"
"2023","risco_turnover","Finanças ou Bancos","de 101 a 500","Estou em busca de oportunidades, mas apenas fora do Brasil","14"
"2023","risco_turnover","Setor Público","de 101 a 500","Não estou buscando, mas me considero aberto a outras oportunidades","14"
"2023","risco_turnover","Área de Consultoria","de 101 a 500","Estou em busca de oportunidades, mas apenas fora do Brasil","14"
"2023","risco_turnover","Finanças ou Bancos","de 11 a 50","Estou em busca de oportunidades dentro ou fora do Brasil","14"
"2023","risco_turnover","Finanças ou Bancos","de 51 a 100","Estou em busca de oportunidades dentro ou fora do Brasil","14"
"2023","risco_turnover","Seguros ou Previdência","Acima de 3.000","Não estou buscando, mas me considero aberto a outras oportunidades","14"
"2023","risco_turnover","Outra Opção","de 1.001 a 3.000","Não estou buscando, mas me considero aberto a outras oportunidades","13"
"2023","risco_turnover","Área de Consultoria","de 11 a 50","Estou em busca de oportunidades dentro ou fora do Brasil","13"
"2023","risco_turnover","Área de Consultoria","Acima de 3.000","Estou em busca de oportunidades, mas apenas fora do Brasil","13"
"2023","risco_turnover","Outra Opção","de 501 a 1.000","Não estou buscando, mas me considero aberto a outras oportunidades","13"
"2023","risco_turnover","Agronegócios","Acima de 3.000","Não estou buscando e não pretendo mudar de emprego nos próximos 6 meses","13"
"2023","risco_turnover","Outra Opção","de 501 a 1.000","Não estou buscando e não pretendo mudar de emprego nos próximos 6 meses","13"
"2023","risco_turnover","Setor Automotivo","Acima de 3.000","Não estou buscando e não pretendo mudar de emprego nos próximos 6 meses","13"
"2023","risco_turnover","Outra Opção","de 101 a 500","Não estou buscando e não pretendo mudar de emprego nos próximos 6 meses","13"
"2023","risco_turnover","Área de Consultoria","de 1 a 5","Não estou buscando, mas me considero aberto a outras oportunidades","12"
"2023","risco_turnover","Outra Opção","de 11 a 50","Estou em busca de oportunidades dentro ou fora do Brasil","12"
"2023","risco_turnover","Setor Alimentício","Acima de 3.000","Não estou buscando e não pretendo mudar de emprego nos próximos 6 meses","12"
"2023","risco_turnover","Internet/Ecommerce","Acima de 3.000","Estou em busca de oportunidades dentro ou fora do Brasil","12"
"2023","risco_turnover","Indústria","de 501 a 1.000","Estou em busca de oportunidades dentro ou fora do Brasil","12"
"2023","risco_turnover","Telecomunicação","Acima de 3.000","Não estou buscando e não pretendo mudar de emprego nos próximos 6 meses","12"
"2023","risco_turnover","Outra Opção","Acima de 3.000","Estou em busca de oportunidades, mas apenas fora do Brasil","12"
"2023","risco_turnover","Área de Consultoria","de 51 a 100","Não estou buscando, mas me considero aberto a outras oportunidades","12"
"2023","risco_turnover","Setor Automotivo","Acima de 3.000","Não estou buscando, mas me considero aberto a outras oportunidades","12"
"2023","risco_turnover","Área de Consultoria","de 1 a 5","Estou em busca de oportunidades dentro ou fora do Brasil","12"
"2023","risco_turnover","Educação","Acima de 3.000","Não estou buscando e não pretendo mudar de emprego nos próximos 6 meses","12"
"2023","risco_turnover","Tecnologia/Fábrica de Software","de 501 a 1.000","Estou em busca de oportunidades, mas apenas fora do Brasil","11"
"2023","risco_turnover","Outra Opção","de 51 a 100","Não estou buscando, mas me considero aberto a outras oportunidades","11"
"2023","risco_turnover","Indústria","de 501 a 1.000","Não estou buscando, mas me considero aberto a outras oportunidades","11"
"2023","risco_turnover","Tecnologia/Fábrica de Software","de 51 a 100","Estou em busca de oportunidades, mas apenas fora do Brasil","11"
"2023","risco_turnover","Finanças ou Bancos","de 11 a 50","Não estou buscando e não pretendo mudar de emprego nos próximos 6 meses","11"
"2023","risco_turnover","Varejo","de 1.001 a 3.000","Estou em busca de oportunidades dentro ou fora do Brasil","11"
"2023","risco_turnover","Área da Saúde","de 1.001 a 3.000","Não estou buscando, mas me considero aberto a outras oportunidades","11"
"2023","risco_turnover","Setor Farmaceutico","Acima de 3.000","Não estou buscando, mas me considero aberto a outras oportunidades","11"
"2023","risco_turnover","Agronegócios","Acima de 3.000","Não estou buscando, mas me considero aberto a outras oportunidades","11"
"2023","risco_turnover","Educação","de 101 a 500","Não estou buscando, mas me considero aberto a outras oportunidades","11"
"2023","risco_turnover","Agronegócios","de 101 a 500","Estou em busca de oportunidades dentro ou fora do Brasil","11"
"2023","risco_turnover","Finanças ou Bancos","de 11 a 50","Não estou buscando, mas me considero aberto a outras oportunidades","11"
"2023","risco_turnover","Marketing","de 101 a 500","Não estou buscando, mas me considero aberto a outras oportunidades","11"
"2023","risco_turnover","Setor Público","de 101 a 500","Estou em busca de oportunidades dentro ou fora do Brasil","10"
"2023","risco_turnover","Internet/Ecommerce","de 1.001 a 3.000","Não estou buscando e não pretendo mudar de emprego nos próximos 6 meses","10"
"2023","risco_turnover","Outra Opção","de 1.001 a 3.000","Estou em busca de oportunidades dentro ou fora do Brasil","10"
"2023","risco_turnover","Outra Opção","de 51 a 100","Estou em busca de oportunidades dentro ou fora do Brasil","10"
"2023","risco_turnover","Indústria","de 1.001 a 3.000","Não estou buscando, mas me considero aberto a outras oportunidades","10"
"2023","risco_turnover","Setor de Energia","Acima de 3.000","Não estou buscando e não pretendo mudar de emprego nos próximos 6 meses","10"
"2023","risco_turnover","Seguros ou Previdência","de 101 a 500","Não estou buscando, mas me considero aberto a outras oportunidades","10"
"2023","risco_turnover","Tecnologia/Fábrica de Software","de 1 a 5","Não estou buscando e não pretendo mudar de emprego nos próximos 6 meses","10"
"2023","risco_turnover","Área de Consultoria","de 501 a 1.000","Não estou buscando e não pretendo mudar de emprego nos próximos 6 meses","10"
"2023","risco_turnover","Telecomunicação","de 501 a 1.000","Estou em busca de oportunidades dentro ou fora do Brasil","10"
"2023","risco_turnover","Educação","de 11 a 50","Estou em busca de oportunidades dentro ou fora do Brasil","10"
"2023","risco_turnover","Área de Consultoria","de 6 a 10","Não estou buscando, mas me considero aberto a outras oportunidades","9"
"2023","risco_turnover","Marketing","de 11 a 50","Estou em busca de oportunidades dentro ou fora do Brasil","9"
"2023","risco_turnover","Indústria","de 1.001 a 3.000","Estou em busca de oportunidades dentro ou fora do Brasil","9"
"2023","risco_turnover","Área de Consultoria","de 1 a 5","Não estou buscando e não pretendo mudar de emprego nos próximos 6 meses","9"
"2023","risco_turnover","Área de Consultoria","de 11 a 50","Não estou buscando e não pretendo mudar de emprego nos próximos 6 meses","9"
"2023","risco_turnover","Internet/Ecommerce","de 1.001 a 3.000","Não estou buscando, mas me considero aberto a outras oportunidades","9"
"2023","risco_turnover","Tecnologia/Fábrica de Software","de 6 a 10","Não estou buscando e não pretendo mudar de emprego nos próximos 6 meses","9"
"2023","risco_turnover","Educação","de 51 a 100","Estou em busca de oportunidades dentro ou fora do Brasil","9"
"2023","risco_turnover","Marketing","de 11 a 50","Não estou buscando, mas me considero aberto a outras oportunidades","9"
"2023","risco_turnover","Área da Saúde","de 501 a 1.000","Não estou buscando e não pretendo mudar de emprego nos próximos 6 meses","9"
"2023","risco_turnover","Outra Opção","de 501 a 1.000","Estou em busca de oportunidades dentro ou fora do Brasil","9"
"2023","risco_turnover","Educação","de 501 a 1.000","Não estou buscando, mas me considero aberto a outras oportunidades","9"
"2023","risco_turnover","Área de Consultoria","de 501 a 1.000","Não estou buscando, mas me considero aberto a outras oportunidades","9"
"2023","risco_turnover","Setor Imobiliário/ Construção Civil","Acima de 3.000","Não estou buscando, mas me considero aberto a outras oportunidades","9"
"2023","risco_turnover","Setor Público","de 1.001 a 3.000","Estou em busca de oportunidades dentro ou fora do Brasil","8"
"2023","risco_turnover","Agronegócios","Acima de 3.000","Estou em busca de oportunidades dentro ou fora do Brasil","8"
"2023","risco_turnover","Indústria","de 1.001 a 3.000","Não estou buscando e não pretendo mudar de emprego nos próximos 6 meses","8"
"2023","risco_turnover","Marketing","de 51 a 100","Estou em busca de oportunidades dentro ou fora do Brasil","8"
"2023","risco_turnover","Marketing","de 501 a 1.000","Não estou buscando, mas me considero aberto a outras oportunidades","8"
"2023","risco_turnover","Entretenimento ou Esportes","de 101 a 500","Não estou buscando, mas me considero aberto a outras oportunidades","8"
"2023","risco_turnover","Telecomunicação","de 1.001 a 3.000","Não estou buscando, mas me considero aberto a outras oportunidades","8"
"2023","risco_turnover","Varejo","de 51 a 100","Estou em busca de oportunidades dentro ou fora do Brasil","8"
"2023","risco_turnover","Internet/Ecommerce","de 101 a 500","Estou em busca de oportunidades dentro ou fora do Brasil","7"
"2023","risco_turnover","Educação","de 501 a 1.000","Não estou buscando e não pretendo mudar de emprego nos próximos 6 meses","7"
"2023","risco_turnover","Área de Consultoria","de 11 a 50","Estou em busca de oportunidades, mas apenas fora do Brasil","7"
"2023","risco_turnover","Outra Opção","de 11 a 50","Não estou buscando, mas me considero aberto a outras oportunidades","7"
"2023","risco_turnover","Área da Saúde","de 11 a 50","Não estou buscando e não pretendo mudar de emprego nos próximos 6 meses","7"
"2023","risco_turnover","Setor Farmaceutico","Acima de 3.000","Não estou buscando e não pretendo mudar de emprego nos próximos 6 meses","7"
"2023","risco_turnover","Setor Automotivo","Acima de 3.000","Estou em busca de oportunidades dentro ou fora do Brasil","7"
"2023","risco_turnover","Área da Saúde","de 501 a 1.000","Estou em busca de oportunidades dentro ou fora do Brasil","7"
"2023","risco_turnover","Tecnologia/Fábrica de Software","de 1 a 5","Não estou buscando, mas me considero aberto a outras oportunidades","7"
"2023","risco_turnover","Área de Consultoria","de 1.001 a 3.000","Estou em busca de oportunidades dentro ou fora do Brasil","7"
"2023","risco_turnover","Setor Público","de 501 a 1.000","Não estou buscando, mas me considero aberto a outras oportunidades","7"
"2023","risco_turnover","Tecnologia/Fábrica de Software","de 6 a 10","Não estou buscando, mas me considero aberto a outras oportunidades","7"
"2023","risco_turnover","Varejo","de 11 a 50","Estou em busca de oportunidades dentro ou fora do Brasil","7"
"2023","risco_turnover","Varejo","de 101 a 500","Não estou buscando, mas me considero aberto a outras oportunidades","7"
"2023","risco_turnover","Seguros ou Previdência","Acima de 3.000","Estou em busca de oportunidades dentro ou fora do Brasil","7"
"2023","risco_turnover","Tecnologia/Fábrica de Software","de 6 a 10","Estou em busca de oportunidades dentro ou fora do Brasil","7"
"2023","risco_turnover","Área da Saúde","de 11 a 50","Não estou buscando, mas me considero aberto a outras oportunidades","7"
"2023","risco_turnover","Setor Alimentício","de 101 a 500","Não estou buscando, mas me considero aberto a outras oportunidades","7"
"2023","risco_turnover","Educação","de 51 a 100","Não estou buscando, mas me considero aberto a outras oportunidades","7"
"2023","risco_turnover","Outra Opção","de 1.001 a 3.000","Não estou buscando e não pretendo mudar de emprego nos próximos 6 meses","7"
"2023","risco_turnover","Telecomunicação","de 101 a 500","Estou em busca de oportunidades dentro ou fora do Brasil","7"
"2023","risco_turnover","Educação","de 1.001 a 3.000","Não estou buscando e não pretendo mudar de emprego nos próximos 6 meses","6"
"2023","risco_turnover","Setor Alimentício","Acima de 3.000","Estou em busca de oportunidades, mas apenas fora do Brasil","6"
"2023","risco_turnover","Entretenimento ou Esportes","Acima de 3.000","Não estou buscando, mas me considero aberto a outras oportunidades","6"
"2023","risco_turnover","Indústria","de 51 a 100","Estou em busca de oportunidades dentro ou fora do Brasil","6"
"2023","risco_turnover","Filantropia/ONG's","de 101 a 500","Não estou buscando, mas me considero aberto a outras oportunidades","6"
"2023","risco_turnover","Área da Saúde","de 101 a 500","Estou em busca de oportunidades dentro ou fora do Brasil","6"
"2023","risco_turnover","Outra Opção","de 101 a 500","Estou em busca de oportunidades, mas apenas fora do Brasil","6"
"2023","risco_turnover","Agronegócios","de 101 a 500","Não estou buscando e não pretendo mudar de emprego nos próximos 6 meses","6"
"2023","risco_turnover","Educação","de 101 a 500","Não estou buscando e não pretendo mudar de emprego nos próximos 6 meses","6"
"2023","risco_turnover","Internet/Ecommerce","de 101 a 500","Não estou buscando e não pretendo mudar de emprego nos próximos 6 meses","6"
"2023","risco_turnover","Marketing","de 101 a 500","Não estou buscando e não pretendo mudar de emprego nos próximos 6 meses","6"
"2023","risco_turnover","Internet/Ecommerce","de 1.001 a 3.000","Estou em busca de oportunidades dentro ou fora do Brasil","6"
"2023","risco_turnover","Indústria","de 101 a 500","Não estou buscando e não pretendo mudar de emprego nos próximos 6 meses","6"
"2023","risco_turnover","Finanças ou Bancos","de 501 a 1.000","Estou em busca de oportunidades, mas apenas fora do Brasil","6"
"2023","risco_turnover","Indústria","de 101 a 500","Não estou buscando, mas me considero aberto a outras oportunidades","6"
"2023","risco_turnover","Varejo","de 51 a 100","Não estou buscando, mas me considero aberto a outras oportunidades","6"
"2023","risco_turnover","Área de Consultoria","de 51 a 100","Não estou buscando e não pretendo mudar de emprego nos próximos 6 meses","6"
"2023","risco_turnover","Entretenimento ou Esportes","de 501 a 1.000","Não estou buscando e não pretendo mudar de emprego nos próximos 6 meses","6"
"2023","risco_turnover","Internet/Ecommerce","de 501 a 1.000","Não estou buscando, mas me considero aberto a outras oportunidades","6"
"2023","risco_turnover","Área da Saúde","Acima de 3.000","Estou em busca de oportunidades, mas apenas fora do Brasil","6"
"2023","risco_turnover","Seguros ou Previdência","Acima de 3.000","Não estou buscando e não pretendo mudar de emprego nos próximos 6 meses","6"
"2023","risco_turnover","Outra Opção","de 501 a 1.000","Estou em busca de oportunidades, mas apenas fora do Brasil","6"
"2023","risco_turnover","Marketing","de 11 a 50","Não estou buscando e não pretendo mudar de emprego nos próximos 6 meses","6"
"2023","risco_turnover","Educação","de 501 a 1.000","Estou em busca de oportunidades dentro ou fora do Brasil","5"
"2023","risco_turnover","Varejo","de 501 a 1.000","Estou em busca de oportunidades dentro ou fora do Brasil","5"
"2023","risco_turnover","Entretenimento ou Esportes","de 51 a 100","Não estou buscando, mas me considero aberto a outras oportunidades","5"
"2023","risco_turnover","Varejo","de 501 a 1.000","Não estou buscando e não pretendo mudar de emprego nos próximos 6 meses","5"
"2023","risco_turnover","Agronegócios","de 1.001 a 3.000","Estou em busca de oportunidades dentro ou fora do Brasil","5"
"2023","risco_turnover","Área de Consultoria","de 6 a 10","Estou em busca de oportunidades dentro ou fora do Brasil","5"
"2023","risco_turnover","Marketing","de 51 a 100","Não estou buscando, mas me considero aberto a outras oportunidades","5"
"2023","risco_turnover","Setor Público","de 501 a 1.000","Estou em busca de oportunidades dentro ou fora do Brasil","5"
"2023","risco_turnover","Entretenimento ou Esportes","Acima de 3.000","Não estou buscando e não pretendo mudar de emprego nos próximos 6 meses","5"
"2023","risco_turnover","Área da Saúde","de 11 a 50","Estou em busca de oportunidades dentro ou fora do Brasil","5"
"2023","risco_turnover","Área de Consultoria","de 51 a 100","Estou em busca de oportunidades dentro ou fora do Brasil","5"
"2023","risco_turnover","Setor de Energia","de 101 a 500","Estou em busca de oportunidades dentro ou fora do Brasil","5"
"2023","risco_turnover","Outra Opção","de 11 a 50","Estou em busca de oportunidades, mas apenas fora do Brasil","5"
"2023","risco_turnover","Área de Consultoria","de 51 a 100","Estou em busca de oportunidades, mas apenas fora do Brasil","5"
"2023","risco_turnover","Educação","de 101 a 500","Estou em busca de oportunidades, mas apenas fora do Brasil","5"
"2023","risco_turnover","Agronegócios","de 1.001 a 3.000","Não estou buscando, mas me considero aberto a outras oportunidades","5"
"2023","risco_turnover","Finanças ou Bancos","de 1.001 a 3.000","Estou em busca de oportunidades, mas apenas fora do Brasil","5"
"2023","risco_turnover","Setor Imobiliário/ Construção Civil","de 101 a 500","Não estou buscando, mas me considero aberto a outras oportunidades","5"
"2023","risco_turnover","Setor Automotivo","de 101 a 500","Não estou buscando, mas me considero aberto a outras oportunidades","5"
"2023","risco_turnover","Educação","de 501 a 1.000","Estou em busca de oportunidades, mas apenas fora do Brasil","5"
"2023","risco_turnover","Setor Público","de 101 a 500","Não estou buscando e não pretendo mudar de emprego nos próximos 6 meses","5"
"2023","risco_turnover","Educação","de 1 a 5","Não estou buscando, mas me considero aberto a outras oportunidades","5"
"2023","risco_turnover","Internet/Ecommerce","de 101 a 500","Não estou buscando, mas me considero aberto a outras oportunidades","5"
"2023","risco_turnover","Setor Imobiliário/ Construção Civil","Acima de 3.000","Estou em busca de oportunidades, mas apenas fora do Brasil","5"
"2023","risco_turnover","Área de Consultoria","de 501 a 1.000","Estou em busca de oportunidades, mas apenas fora do Brasil","5"
"2023","risco_turnover","Seguros ou Previdência","de 1.001 a 3.000","Não estou buscando, mas me considero aberto a outras oportunidades","5"
"2023","risco_turnover","Área da Saúde","de 1.001 a 3.000","Estou em busca de oportunidades dentro ou fora do Brasil","5"
"2023","risco_turnover","Indústria","de 11 a 50","Estou em busca de oportunidades dentro ou fora do Brasil","5"
"2023","risco_turnover","Outra Opção","de 1 a 5","Estou em busca de oportunidades dentro ou fora do Brasil","5"
"2023","risco_turnover","Indústria","de 501 a 1.000","Não estou buscando e não pretendo mudar de emprego nos próximos 6 meses","5"
"2023","risco_turnover","Setor Imobiliário/ Construção Civil","Acima de 3.000","Não estou buscando e não pretendo mudar de emprego nos próximos 6 meses","5"
"2023","risco_turnover","Seguros ou Previdência","de 101 a 500","Não estou buscando e não pretendo mudar de emprego nos próximos 6 meses","5"
"2023","risco_turnover","Educação","Acima de 3.000","Estou em busca de oportunidades, mas apenas fora do Brasil","4"
"2023","risco_turnover","Setor Imobiliário/ Construção Civil","de 1.001 a 3.000","Estou em busca de oportunidades dentro ou fora do Brasil","4"
"2023","risco_turnover","Área da Saúde","de 1.001 a 3.000","Não estou buscando e não pretendo mudar de emprego nos próximos 6 meses","4"
"2023","risco_turnover","Setor Alimentício","de 101 a 500","Não estou buscando e não pretendo mudar de emprego nos próximos 6 meses","4"
"2023","risco_turnover","Área da Saúde","de 51 a 100","Não estou buscando, mas me considero aberto a outras oportunidades","4"
"2023","risco_turnover","Telecomunicação","Acima de 3.000","Estou em busca de oportunidades, mas apenas fora do Brasil","4"
"2023","risco_turnover","Área de Consultoria","de 1.001 a 3.000","Não estou buscando e não pretendo mudar de emprego nos próximos 6 meses","4"
"2023","risco_turnover","Entretenimento ou Esportes","de 101 a 500","Estou em busca de oportunidades dentro ou fora do Brasil","4"
"2023","risco_turnover","Setor Público","de 101 a 500","Estou em busca de oportunidades, mas apenas fora do Brasil","4"
"2023","risco_turnover","Setor de Energia","de 501 a 1.000","Não estou buscando, mas me considero aberto a outras oportunidades","4"
"2023","risco_turnover","Agronegócios","de 101 a 500","Não estou buscando, mas me considero aberto a outras oportunidades","4"
"2023","risco_turnover","Filantropia/ONG's","de 101 a 500","Estou em busca de oportunidades dentro ou fora do Brasil","4"
"2023","risco_turnover","Filantropia/ONG's","de 11 a 50","Não estou buscando, mas me considero aberto a outras oportunidades","4"
"2023","risco_turnover","Setor Público","de 1.001 a 3.000","Não estou buscando e não pretendo mudar de emprego nos próximos 6 meses","4"
"2023","risco_turnover","Telecomunicação","de 1.001 a 3.000","Estou em busca de oportunidades dentro ou fora do Brasil","4"
"2023","risco_turnover","Varejo","de 1.001 a 3.000","Não estou buscando e não pretendo mudar de emprego nos próximos 6 meses","4"
"2023","risco_turnover","Telecomunicação","de 101 a 500","Não estou buscando, mas me considero aberto a outras oportunidades","4"
"2023","risco_turnover","Setor Público","de 501 a 1.000","Estou em busca de oportunidades, mas apenas fora do Brasil","4"
"2023","risco_turnover","Área da Saúde","de 51 a 100","Estou em busca de oportunidades dentro ou fora do Brasil","4"
"2023","risco_turnover","Setor Imobiliário/ Construção Civil","de 51 a 100","Estou em busca de oportunidades dentro ou fora do Brasil","4"
"2023","risco_turnover","Varejo","de 51 a 100","Não estou buscando e não pretendo mudar de emprego nos próximos 6 meses","4"
"2023","risco_turnover","Área da Saúde","de 101 a 500","Não estou buscando e não pretendo mudar de emprego nos próximos 6 meses","4"
"2023","risco_turnover","Agronegócios","Acima de 3.000","Estou em busca de oportunidades, mas apenas fora do Brasil","4"
"2023","risco_turnover","Finanças ou Bancos","de 11 a 50","Estou em busca de oportunidades, mas apenas fora do Brasil","4"
"2023","risco_turnover","Setor Imobiliário/ Construção Civil","de 501 a 1.000","Estou em busca de oportunidades dentro ou fora do Brasil","4"
"2023","risco_turnover","Agronegócios","de 11 a 50","Não estou buscando, mas me considero aberto a outras oportunidades","4"
"2023","risco_turnover","Varejo","de 501 a 1.000","Não estou buscando, mas me considero aberto a outras oportunidades","4"
"2023","risco_turnover","Outra Opção","de 1 a 5","Não estou buscando, mas me considero aberto a outras oportunidades","4"
"2023","risco_turnover","Marketing","de 1.001 a 3.000","Não estou buscando e não pretendo mudar de emprego nos próximos 6 meses","4"
"2023","risco_turnover","Internet/Ecommerce","de 1.001 a 3.000","Estou em busca de oportunidades, mas apenas fora do Brasil","3"
"2023","risco_turnover","Internet/Ecommerce","de 501 a 1.000","Não estou buscando e não pretendo mudar de emprego nos próximos 6 meses","3"
"2023","risco_turnover","Internet/Ecommerce","de 101 a 500","Estou em busca de oportunidades, mas apenas fora do Brasil","3"
"2023","risco_turnover","Educação","de 1.001 a 3.000","Estou em busca de oportunidades, mas apenas fora do Brasil","3"
"2023","risco_turnover","Setor Público","de 51 a 100","Não estou buscando e não pretendo mudar de emprego nos próximos 6 meses","3"
"2023","risco_turnover","Entretenimento ou Esportes","de 1.001 a 3.000","Não estou buscando, mas me considero aberto a outras oportunidades","3"
"2023","risco_turnover","Setor Público","de 501 a 1.000","Não estou buscando e não pretendo mudar de emprego nos próximos 6 meses","3"
"2023","risco_turnover","Entretenimento ou Esportes","de 101 a 500","Estou em busca de oportunidades, mas apenas fora do Brasil","3"
"2023","risco_turnover","Seguros ou Previdência","de 501 a 1.000","Estou em busca de oportunidades dentro ou fora do Brasil","3"
"2023","risco_turnover","Setor Imobiliário/ Construção Civil","de 1.001 a 3.000","Não estou buscando, mas me considero aberto a outras oportunidades","3"
"2023","risco_turnover","Área da Saúde","de 11 a 50","Estou em busca de oportunidades, mas apenas fora do Brasil","3"
"2023","risco_turnover","Marketing","de 11 a 50","Estou em busca de oportunidades, mas apenas fora do Brasil","3"
"2023","risco_turnover","Internet/Ecommerce","Acima de 3.000","Estou em busca de oportunidades, mas apenas fora do Brasil","3"
"2023","risco_turnover","Setor Imobiliário/ Construção Civil","de 51 a 100","Não estou buscando, mas me considero aberto a outras oportunidades","3"
"2023","risco_turnover","Telecomunicação","de 51 a 100","Não estou buscando e não pretendo mudar de emprego nos próximos 6 meses","3"
"2023","risco_turnover","Educação","de 51 a 100","Estou em busca de oportunidades, mas apenas fora do Brasil","3"
"2023","risco_turnover","Internet/Ecommerce","de 501 a 1.000","Estou em busca de oportunidades dentro ou fora do Brasil","3"
"2023","risco_turnover","Setor Farmaceutico","Acima de 3.000","Estou em busca de oportunidades dentro ou fora do Brasil","3"
"2023","risco_turnover","Seguros ou Previdência","de 51 a 100","Não estou buscando e não pretendo mudar de emprego nos próximos 6 meses","3"
"2023","risco_turnover","Varejo","de 101 a 500","Não estou buscando e não pretendo mudar de emprego nos próximos 6 meses","3"
"2023","risco_turnover","Marketing","de 501 a 1.000","Estou em busca de oportunidades, mas apenas fora do Brasil","3"
"2023","risco_turnover","Área da Saúde","de 51 a 100","Não estou buscando e não pretendo mudar de emprego nos próximos 6 meses","3"
"2023","risco_turnover","Setor Público","Acima de 3.000","Estou em busca de oportunidades, mas apenas fora do Brasil","3"
"2023","risco_turnover","Área de Consultoria","de 1.001 a 3.000","Estou em busca de oportunidades, mas apenas fora do Brasil","3"
"2023","risco_turnover","Educação","de 1.001 a 3.000","Estou em busca de oportunidades dentro ou fora do Brasil","3"
"2023","risco_turnover","Setor Imobiliário/ Construção Civil","de 11 a 50","Estou em busca de oportunidades dentro ou fora do Brasil","3"
"2023","risco_turnover","Varejo","de 1 a 5","Estou em busca de oportunidades dentro ou fora do Brasil","3"
"2023","risco_turnover","Marketing","de 501 a 1.000","Não estou buscando e não pretendo mudar de emprego nos próximos 6 meses","3"
"2023","risco_turnover","Marketing","de 501 a 1.000","Estou em busca de oportunidades dentro ou fora do Brasil","3"
"2023","risco_turnover","Setor Imobiliário/ Construção Civil","de 101 a 500","Estou em busca de oportunidades dentro ou fora do Brasil","3"
"2023","risco_turnover","Telecomunicação","de 501 a 1.000","Não estou buscando, mas me considero aberto a outras oportunidades","3"
"2023","risco_turnover","Setor Público","de 51 a 100","Não estou buscando, mas me considero aberto a outras oportunidades","3"
"2023","risco_turnover","Setor Público","de 6 a 10","Não estou buscando, mas me considero aberto a outras oportunidades","3"
"2023","risco_turnover","Setor Imobiliário/ Construção Civil","de 1.001 a 3.000","Não estou buscando e não pretendo mudar de emprego nos próximos 6 meses","3"
"2023","risco_turnover","Internet/Ecommerce","de 51 a 100","Não estou buscando, mas me considero aberto a outras oportunidades","3"
"2023","risco_turnover","Agronegócios","de 501 a 1.000","Não estou buscando, mas me considero aberto a outras oportunidades","3"
"2023","risco_turnover","Marketing","de 1.001 a 3.000","Estou em busca de oportunidades dentro ou fora do Brasil","3"
"2023","risco_turnover","Telecomunicação","de 501 a 1.000","Não estou buscando e não pretendo mudar de emprego nos próximos 6 meses","3"
"2023","risco_turnover","Educação","de 6 a 10","Estou em busca de oportunidades dentro ou fora do Brasil","3"
"2023","risco_turnover","Varejo","de 101 a 500","Estou em busca de oportunidades, mas apenas fora do Brasil","3"
"2023","risco_turnover","Finanças ou Bancos","de 1 a 5","Não estou buscando, mas me considero aberto a outras oportunidades","3"
"2023","risco_turnover","Internet/Ecommerce","de 6 a 10","Estou em busca de oportunidades dentro ou fora do Brasil","3"
"2023","risco_turnover","Agronegócios","de 51 a 100","Não estou buscando, mas me considero aberto a outras oportunidades","3"
"2023","risco_turnover","Setor Alimentício","de 101 a 500","Estou em busca de oportunidades dentro ou fora do Brasil","3"
"2023","risco_turnover","Indústria","de 6 a 10","Estou em busca de oportunidades dentro ou fora do Brasil","3"
"2023","risco_turnover","Finanças ou Bancos","de 6 a 10","Estou em busca de oportunidades dentro ou fora do Brasil","3"
"2023","risco_turnover","Seguros ou Previdência","de 101 a 500","Estou em busca de oportunidades dentro ou fora do Brasil","3"
"2023","risco_turnover","Setor de Energia","de 1.001 a 3.000","Estou em busca de oportunidades dentro ou fora do Brasil","3"
"2023","risco_turnover","Setor Público","de 51 a 100","Estou em busca de oportunidades dentro ou fora do Brasil","3"
"2023","risco_turnover","Área da Saúde","de 501 a 1.000","Não estou buscando, mas me considero aberto a outras oportunidades","3"
"2023","risco_turnover","Finanças ou Bancos","de 51 a 100","Não estou buscando e não pretendo mudar de emprego nos próximos 6 meses","3"
"2023","risco_turnover","Setor de Energia","de 101 a 500","Não estou buscando, mas me considero aberto a outras oportunidades","3"
"2023","risco_turnover","Setor Imobiliário/ Construção Civil","Acima de 3.000","Estou em busca de oportunidades dentro ou fora do Brasil","3"
"2023","risco_turnover","Área de Consultoria","de 1 a 5","Estou em busca de oportunidades, mas apenas fora do Brasil","3"
"2023","risco_turnover","Outra Opção","de 11 a 50","Não estou buscando e não pretendo mudar de emprego nos próximos 6 meses","3"
"2023","risco_turnover","Setor Alimentício","de 1.001 a 3.000","Estou em busca de oportunidades dentro ou fora do Brasil","3"
"2023","risco_turnover","Outra Opção","de 51 a 100","Não estou buscando e não pretendo mudar de emprego nos próximos 6 meses","3"
"2023","risco_turnover","Telecomunicação","de 51 a 100","Estou em busca de oportunidades dentro ou fora do Brasil","3"
"2023","risco_turnover","Indústria","de 51 a 100","Não estou buscando, mas me considero aberto a outras oportunidades","3"
"2023","risco_turnover","Educação","de 11 a 50","Não estou buscando e não pretendo mudar de emprego nos próximos 6 meses","3"
"2023","risco_turnover","Setor Imobiliário/ Construção Civil","de 1 a 5","Estou em busca de oportunidades dentro ou fora do Brasil","3"
"2023","risco_turnover","Filantropia/ONG's","de 11 a 50","Estou em busca de oportunidades dentro ou fora do Brasil","3"
"2023","risco_turnover","Outra Opção","de 1.001 a 3.000","Estou em busca de oportunidades, mas apenas fora do Brasil","2"
"2023","risco_turnover","Educação","de 1 a 5","Estou em busca de oportunidades, mas apenas fora do Brasil","2"
"2023","risco_turnover","Setor Automotivo","de 51 a 100","Estou em busca de oportunidades dentro ou fora do Brasil","2"
"2023","risco_turnover","Setor Automotivo","de 501 a 1.000","Não estou buscando e não pretendo mudar de emprego nos próximos 6 meses","2"
"2023","risco_turnover","Indústria","de 1.001 a 3.000","Estou em busca de oportunidades, mas apenas fora do Brasil","2"
"2023","risco_turnover","Área da Saúde","de 51 a 100","Estou em busca de oportunidades, mas apenas fora do Brasil","2"
"2023","risco_turnover","Educação","de 1 a 5","Estou em busca de oportunidades dentro ou fora do Brasil","2"
"2023","risco_turnover","Agronegócios","de 11 a 50","Estou em busca de oportunidades dentro ou fora do Brasil","2"
"2023","risco_turnover","Setor de Energia","Acima de 3.000","Estou em busca de oportunidades, mas apenas fora do Brasil","2"
"2023","risco_turnover","Entretenimento ou Esportes","de 51 a 100","Não estou buscando e não pretendo mudar de emprego nos próximos 6 meses","2"
"2023","risco_turnover","Setor Alimentício","de 11 a 50","Estou em busca de oportunidades dentro ou fora do Brasil","2"
"2023","risco_turnover","Setor Farmaceutico","de 1.001 a 3.000","Não estou buscando, mas me considero aberto a outras oportunidades","2"
"2023","risco_turnover","Setor Público","de 11 a 50","Não estou buscando, mas me considero aberto a outras oportunidades","2"
"2023","risco_turnover","Setor Alimentício","de 6 a 10","Não estou buscando, mas me considero aberto a outras oportunidades","2"
"2023","risco_turnover","Filantropia/ONG's","de 6 a 10","Estou em busca de oportunidades dentro ou fora do Brasil","2"
"2023","risco_turnover","Indústria","de 1 a 5","Estou em busca de oportunidades dentro ou fora do Brasil","2"
"2023","risco_turnover","Outra Opção","de 6 a 10","Estou em busca de oportunidades dentro ou fora do Brasil","2"
"2023","risco_turnover","Área da Saúde","de 1.001 a 3.000","Estou em busca de oportunidades, mas apenas fora do Brasil","2"
"2023","risco_turnover","Telecomunicação","de 11 a 50","Estou em busca de oportunidades, mas apenas fora do Brasil","2"
"2023","risco_turnover","Agronegócios","de 501 a 1.000","Estou em busca de oportunidades dentro ou fora do Brasil","2"
"2023","risco_turnover","Entretenimento ou Esportes","Acima de 3.000","Estou em busca de oportunidades dentro ou fora do Brasil","2"
"2023","risco_turnover","Varejo","de 1.001 a 3.000","Estou em busca de oportunidades, mas apenas fora do Brasil","2"
"2023","risco_turnover","Setor Automotivo","de 501 a 1.000","Não estou buscando, mas me considero aberto a outras oportunidades","2"
"2023","risco_turnover","Varejo","de 11 a 50","Não estou buscando, mas me considero aberto a outras oportunidades","2"
"2023","risco_turnover","Setor Alimentício","de 6 a 10","Estou em busca de oportunidades dentro ou fora do Brasil","2"
"2023","risco_turnover","Tecnologia/Fábrica de Software","de 6 a 10","Estou em busca de oportunidades, mas apenas fora do Brasil","2"
"2023","risco_turnover","Filantropia/ONG's","de 101 a 500","Não estou buscando e não pretendo mudar de emprego nos próximos 6 meses","2"
"2023","risco_turnover","Educação","de 11 a 50","Estou em busca de oportunidades, mas apenas fora do Brasil","2"
"2023","risco_turnover","Setor Automotivo","de 51 a 100","Não estou buscando, mas me considero aberto a outras oportunidades","2"
"2023","risco_turnover","Área de Consultoria","de 6 a 10","Não estou buscando e não pretendo mudar de emprego nos próximos 6 meses","2"
"2023","risco_turnover","Indústria","de 51 a 100","Estou em busca de oportunidades, mas apenas fora do Brasil","2"
"2023","risco_turnover","Seguros ou Previdência","de 1.001 a 3.000","Não estou buscando e não pretendo mudar de emprego nos próximos 6 meses","2"
"2023","risco_turnover","Setor de Energia","de 11 a 50","Estou em busca de oportunidades dentro ou fora do Brasil","2"
"2023","risco_turnover","Marketing","de 1 a 5","Estou em busca de oportunidades dentro ou fora do Brasil","2"
"2023","risco_turnover","Área da Saúde","de 101 a 500","Estou em busca de oportunidades, mas apenas fora do Brasil","2"
"2023","risco_turnover","Telecomunicação","de 1.001 a 3.000","Não estou buscando e não pretendo mudar de emprego nos próximos 6 meses","2"
"2023","risco_turnover","Educação","de 11 a 50","Não estou buscando, mas me considero aberto a outras oportunidades","2"
"2023","risco_turnover","Indústria","de 11 a 50","Não estou buscando, mas me considero aberto a outras oportunidades","2"
"2023","risco_turnover","Educação","de 6 a 10","Não estou buscando, mas me considero aberto a outras oportunidades","2"
"2023","risco_turnover","Seguros ou Previdência","Acima de 3.000","Estou em busca de oportunidades, mas apenas fora do Brasil","2"
"2023","risco_turnover","Agronegócios","de 6 a 10","Estou em busca de oportunidades dentro ou fora do Brasil","2"
"2023","risco_turnover","Setor de Energia","de 1.001 a 3.000","Estou em busca de oportunidades, mas apenas fora do Brasil","2"
"2023","risco_turnover","Setor Alimentício","de 501 a 1.000","Estou em busca de oportunidades dentro ou fora do Brasil","2"
"2023","risco_turnover","Outra Opção","de 1 a 5","Estou em busca de oportunidades, mas apenas fora do Brasil","2"
"2023","risco_turnover","Entretenimento ou Esportes","de 51 a 100","Estou em busca de oportunidades dentro ou fora do Brasil","2"
"2023","risco_turnover","Setor Imobiliário/ Construção Civil","de 1.001 a 3.000","Estou em busca de oportunidades, mas apenas fora do Brasil","2"
"2023","risco_turnover","Setor Alimentício","de 501 a 1.000","Não estou buscando, mas me considero aberto a outras oportunidades","2"
"2023","risco_turnover","Agronegócios","de 1.001 a 3.000","Não estou buscando e não pretendo mudar de emprego nos próximos 6 meses","2"
"2023","risco_turnover","Setor Alimentício","de 101 a 500","Estou em busca de oportunidades, mas apenas fora do Brasil","2"
"2023","risco_turnover","Entretenimento ou Esportes","de 1 a 5","Estou em busca de oportunidades dentro ou fora do Brasil","2"
"2023","risco_turnover","Marketing","de 1.001 a 3.000","Não estou buscando, mas me considero aberto a outras oportunidades","2"
"2023","risco_turnover","Internet/Ecommerce","de 51 a 100","Estou em busca de oportunidades dentro ou fora do Brasil","2"
"2023","risco_turnover","Marketing","de 6 a 10","Estou em busca de oportunidades dentro ou fora do Brasil","2"
"2023","risco_turnover","Seguros ou Previdência","de 501 a 1.000","Não estou buscando, mas me considero aberto a outras oportunidades","2"
"2023","risco_turnover","Área da Saúde","de 6 a 10","Estou em busca de oportunidades, mas apenas fora do Brasil","2"
"2023","risco_turnover","Entretenimento ou Esportes","de 11 a 50","Não estou buscando, mas me considero aberto a outras oportunidades","2"
"2023","risco_turnover","Setor Alimentício","de 1.001 a 3.000","Não estou buscando, mas me considero aberto a outras oportunidades","2"
"2023","risco_turnover","Setor Público","de 11 a 50","Não estou buscando e não pretendo mudar de emprego nos próximos 6 meses","2"
"2023","risco_turnover","Setor Alimentício","de 1.001 a 3.000","Não estou buscando e não pretendo mudar de emprego nos próximos 6 meses","2"
"2023","risco_turnover","Setor Automotivo","de 101 a 500","Não estou buscando e não pretendo mudar de emprego nos próximos 6 meses","2"
"2023","risco_turnover","Marketing","de 51 a 100","Não estou buscando e não pretendo mudar de emprego nos próximos 6 meses","2"
"2023","risco_turnover","Setor Alimentício","de 1 a 5","Estou em busca de oportunidades dentro ou fora do Brasil","2"
"2023","risco_turnover","Educação","de 51 a 100","Não estou buscando e não pretendo mudar de emprego nos próximos 6 meses","2"
"2023","risco_turnover","Agronegócios","de 51 a 100","Estou em busca de oportunidades dentro ou fora do Brasil","2"
"2023","risco_turnover","Marketing","de 101 a 500","Estou em busca de oportunidades, mas apenas fora do Brasil","2"
"2023","risco_turnover","Seguros ou Previdência","de 1.001 a 3.000","Estou em busca de oportunidades, mas apenas fora do Brasil","2"
"2023","risco_turnover","Internet/Ecommerce","de 1 a 5","Estou em busca de oportunidades dentro ou fora do Brasil","2"
"2023","risco_turnover","Marketing","Acima de 3.000","Estou em busca de oportunidades dentro ou fora do Brasil","2"
"2023","risco_turnover","Telecomunicação","de 1 a 5","Estou em busca de oportunidades dentro ou fora do Brasil","2"
"2023","risco_turnover","Entretenimento ou Esportes","de 11 a 50","Estou em busca de oportunidades dentro ou fora do Brasil","2"
"2023","risco_turnover","Finanças ou Bancos","de 51 a 100","Estou em busca de oportunidades, mas apenas fora do Brasil","2"
"2023","risco_turnover","Filantropia/ONG's","de 51 a 100","Estou em busca de oportunidades dentro ou fora do Brasil","1"
"2023","risco_turnover","Setor Público","de 1.001 a 3.000","Estou em busca de oportunidades, mas apenas fora do Brasil","1"
"2023","risco_turnover","Telecomunicação","de 11 a 50","Não estou buscando, mas me considero aberto a outras oportunidades","1"
"2023","risco_turnover","Setor de Energia","de 6 a 10","Estou em busca de oportunidades dentro ou fora do Brasil","1"
"2023","risco_turnover","Área da Saúde","de 6 a 10","Estou em busca de oportunidades dentro ou fora do Brasil","1"
"2023","risco_turnover","Varejo","de 6 a 10","Não estou buscando e não pretendo mudar de emprego nos próximos 6 meses","1"
"2023","risco_turnover","Setor Automotivo","de 101 a 500","Estou em busca de oportunidades dentro ou fora do Brasil","1"
"2023","risco_turnover","Setor Automotivo","de 1.001 a 3.000","Não estou buscando, mas me considero aberto a outras oportunidades","1"
"2023","risco_turnover","Setor de Energia","de 501 a 1.000","Não estou buscando e não pretendo mudar de emprego nos próximos 6 meses","1"
"2023","risco_turnover","Seguros ou Previdência","de 11 a 50","Estou em busca de oportunidades dentro ou fora do Brasil","1"
"2023","risco_turnover","Área da Saúde","de 1 a 5","Estou em busca de oportunidades dentro ou fora do Brasil","1"
"2023","risco_turnover","Internet/Ecommerce","de 11 a 50","Estou em busca de oportunidades, mas apenas fora do Brasil","1"
"2023","risco_turnover","Marketing","de 51 a 100","Estou em busca de oportunidades, mas apenas fora do Brasil","1"
"2023","risco_turnover","Entretenimento ou Esportes","de 6 a 10","Não estou buscando e não pretendo mudar de emprego nos próximos 6 meses","1"
"2023","risco_turnover","Internet/Ecommerce","de 11 a 50","Não estou buscando e não pretendo mudar de emprego nos próximos 6 meses","1"
"2023","risco_turnover","Setor Imobiliário/ Construção Civil","de 11 a 50","Não estou buscando, mas me considero aberto a outras oportunidades","1"
"2023","risco_turnover","Marketing","Acima de 3.000","Estou em busca de oportunidades, mas apenas fora do Brasil","1"
"2023","risco_turnover","Setor Público","de 1 a 5","Estou em busca de oportunidades dentro ou fora do Brasil","1"
"2023","risco_turnover","Educação","de 6 a 10","Não estou buscando e não pretendo mudar de emprego nos próximos 6 meses","1"
"2023","risco_turnover","Setor Farmaceutico","de 101 a 500","Não estou buscando e não pretendo mudar de emprego nos próximos 6 meses","1"
"2023","risco_turnover","Indústria","de 6 a 10","Não estou buscando e não pretendo mudar de emprego nos próximos 6 meses","1"
"2023","risco_turnover","Internet/Ecommerce","de 11 a 50","Estou em busca de oportunidades dentro ou fora do Brasil","1"
"2023","risco_turnover","Setor Alimentício","de 51 a 100","Não estou buscando, mas me considero aberto a outras oportunidades","1"
"2023","risco_turnover","Seguros ou Previdência","de 51 a 100","Não estou buscando, mas me considero aberto a outras oportunidades","1"
"2023","risco_turnover","Setor Farmaceutico","de 101 a 500","Estou em busca de oportunidades dentro ou fora do Brasil","1"
"2023","risco_turnover","Setor Farmaceutico","de 101 a 500","Não estou buscando, mas me considero aberto a outras oportunidades","1"
"2023","risco_turnover","Filantropia/ONG's","de 51 a 100","Não estou buscando, mas me considero aberto a outras oportunidades","1"
"2023","risco_turnover","Filantropia/ONG's","Acima de 3.000","Não estou buscando e não pretendo mudar de emprego nos próximos 6 meses","1"
"2023","risco_turnover","Entretenimento ou Esportes","de 101 a 500","Não estou buscando e não pretendo mudar de emprego nos próximos 6 meses","1"
"2023","risco_turnover","Setor de Energia","de 101 a 500","Estou em busca de oportunidades, mas apenas fora do Brasil","1"
"2023","risco_turnover","Filantropia/ONG's","de 501 a 1.000","Estou em busca de oportunidades dentro ou fora do Brasil","1"
"2023","risco_turnover","Setor Automotivo","de 6 a 10","Estou em busca de oportunidades dentro ou fora do Brasil","1"
"2023","risco_turnover","Finanças ou Bancos","de 1 a 5","Não estou buscando e não pretendo mudar de emprego nos próximos 6 meses","1"
"2023","risco_turnover","Área da Saúde","de 1 a 5","Estou em busca de oportunidades, mas apenas fora do Brasil","1"
"2023","risco_turnover","Entretenimento ou Esportes","de 6 a 10","Estou em busca de oportunidades, mas apenas fora do Brasil","1"
"2023","risco_turnover","Finanças ou Bancos","de 1 a 5","Estou em busca de oportunidades, mas apenas fora do Brasil","1"
"2023","risco_turnover","Filantropia/ONG's","Acima de 3.000","Estou em busca de oportunidades dentro ou fora do Brasil","1"
"2023","risco_turnover","Finanças ou Bancos","de 6 a 10","Não estou buscando, mas me considero aberto a outras oportunidades","1"
"2023","risco_turnover","Marketing","de 6 a 10","Não estou buscando, mas me considero aberto a outras oportunidades","1"
"2023","risco_turnover","Finanças ou Bancos","de 6 a 10","Estou em busca de oportunidades, mas apenas fora do Brasil","1"
"2023","risco_turnover","Entretenimento ou Esportes","de 501 a 1.000","Não estou buscando, mas me considero aberto a outras oportunidades","1"
"2023","risco_turnover","Varejo","de 51 a 100","Estou em busca de oportunidades, mas apenas fora do Brasil","1"
"2023","risco_turnover","Setor Imobiliário/ Construção Civil","de 1 a 5","Não estou buscando, mas me considero aberto a outras oportunidades","1"
"2023","risco_turnover","Filantropia/ONG's","de 51 a 100","Estou em busca de oportunidades, mas apenas fora do Brasil","1"
"2023","risco_turnover","Marketing","de 1 a 5","Não estou buscando, mas me considero aberto a outras oportunidades","1"
"2023","risco_turnover","Internet/Ecommerce","de 11 a 50","Não estou buscando, mas me considero aberto a outras oportunidades","1"
"2023","risco_turnover","Setor Imobiliário/ Construção Civil","de 501 a 1.000","Não estou buscando, mas me considero aberto a outras oportunidades","1"
"2023","risco_turnover","Setor de Energia","de 501 a 1.000","Estou em busca de oportunidades, mas apenas fora do Brasil","1"
"2023","risco_turnover","Entretenimento ou Esportes","de 501 a 1.000","Estou em busca de oportunidades dentro ou fora do Brasil","1"
"2023","risco_turnover","Setor de Energia","de 51 a 100","Não estou buscando, mas me considero aberto a outras oportunidades","1"
"2023","risco_turnover","Telecomunicação","de 11 a 50","Estou em busca de oportunidades dentro ou fora do Brasil","1"
"2023","risco_turnover","Seguros ou Previdência","de 501 a 1.000","Não estou buscando e não pretendo mudar de emprego nos próximos 6 meses","1"
"2023","risco_turnover","Setor Farmaceutico","de 1.001 a 3.000","Estou em busca de oportunidades dentro ou fora do Brasil","1"
"2023","risco_turnover","Marketing","Acima de 3.000","Não estou buscando e não pretendo mudar de emprego nos próximos 6 meses","1"
"2023","risco_turnover","Filantropia/ONG's","de 1.001 a 3.000","Não estou buscando e não pretendo mudar de emprego nos próximos 6 meses","1"
"2023","risco_turnover","Internet/Ecommerce","de 501 a 1.000","Estou em busca de oportunidades, mas apenas fora do Brasil","1"
"2023","risco_turnover","Indústria","de 1 a 5","Não estou buscando, mas me considero aberto a outras oportunidades","1"
"2023","risco_turnover","Varejo","de 1 a 5","Estou em busca de oportunidades, mas apenas fora do Brasil","1"
"2023","risco_turnover","Agronegócios","de 501 a 1.000","Estou em busca de oportunidades, mas apenas fora do Brasil","1"
"2023","risco_turnover","Área da Saúde","de 501 a 1.000","Estou em busca de oportunidades, mas apenas fora do Brasil","1"
"2023","risco_turnover","Marketing","Acima de 3.000","Não estou buscando, mas me considero aberto a outras oportunidades","1"
"2023","risco_turnover","Entretenimento ou Esportes","Acima de 3.000","Estou em busca de oportunidades, mas apenas fora do Brasil","1"
"2023","risco_turnover","Outra Opção","de 6 a 10","Estou em busca de oportunidades, mas apenas fora do Brasil","1"
"2023","risco_turnover","Entretenimento ou Esportes","de 11 a 50","Não estou buscando e não pretendo mudar de emprego nos próximos 6 meses","1"
"2023","risco_turnover","Varejo","de 6 a 10","Estou em busca de oportunidades dentro ou fora do Brasil","1"
"2023","risco_turnover","Setor de Energia","de 1.001 a 3.000","Não estou buscando, mas me considero aberto a outras oportunidades","1"
"2023","risco_turnover","Agronegócios","de 501 a 1.000","Não estou buscando e não pretendo mudar de emprego nos próximos 6 meses","1"
"2023","risco_turnover","Setor Farmaceutico","Acima de 3.000","Estou em busca de oportunidades, mas apenas fora do Brasil","1"
"2023","risco_turnover","Setor Farmaceutico","de 51 a 100","Estou em busca de oportunidades, mas apenas fora do Brasil","1"
"2023","risco_turnover","Telecomunicação","de 1.001 a 3.000","Estou em busca de oportunidades, mas apenas fora do Brasil","1"
"2023","risco_turnover","Finanças ou Bancos","de 1 a 5","Estou em busca de oportunidades dentro ou fora do Brasil","1"
"2023","risco_turnover","Setor Alimentício","de 51 a 100","Estou em busca de oportunidades dentro ou fora do Brasil","1"
"2023","risco_turnover","Agronegócios","de 101 a 500","Estou em busca de oportunidades, mas apenas fora do Brasil","1"
"2023","risco_turnover","Seguros ou Previdência","de 1.001 a 3.000","Estou em busca de oportunidades dentro ou fora do Brasil","1"
"2023","risco_turnover","Outra Opção","de 1 a 5","Não estou buscando e não pretendo mudar de emprego nos próximos 6 meses","1"
"2023","risco_turnover","Setor Automotivo","de 101 a 500","Estou em busca de oportunidades, mas apenas fora do Brasil","1"
"2023","risco_turnover","Agronegócios","de 11 a 50","Estou em busca de oportunidades, mas apenas fora do Brasil","1"
"2023","risco_turnover","Internet/Ecommerce","de 51 a 100","Estou em busca de oportunidades, mas apenas fora do Brasil","1"
"2023","risco_turnover","Indústria","de 11 a 50","Estou em busca de oportunidades, mas apenas fora do Brasil","1"
"2023","risco_turnover","Setor Imobiliário/ Construção Civil","de 6 a 10","Estou em busca de oportunidades dentro ou fora do Brasil","1"
"2023","risco_turnover","Agronegócios","de 6 a 10","Não estou buscando, mas me considero aberto a outras oportunidades","1"
"2023","risco_turnover","Setor de Energia","de 11 a 50","Não estou buscando, mas me considero aberto a outras oportunidades","1"
"2023","risco_turnover","Setor Automotivo","de 501 a 1.000","Estou em busca de oportunidades dentro ou fora do Brasil","1"
"2023","risco_turnover","Setor Imobiliário/ Construção Civil","de 51 a 100","Não estou buscando e não pretendo mudar de emprego nos próximos 6 meses","1"
"2023","risco_turnover","Setor de Energia","de 1 a 5","Estou em busca de oportunidades, mas apenas fora do Brasil","1"
"2023","risco_turnover","Setor Imobiliário/ Construção Civil","de 6 a 10","Não estou buscando, mas me considero aberto a outras oportunidades","1"
"2023","risco_turnover","Setor de Energia","de 501 a 1.000","Estou em busca de oportunidades dentro ou fora do Brasil","1"
"2023","risco_turnover","Setor Imobiliário/ Construção Civil","de 6 a 10","Não estou buscando e não pretendo mudar de emprego nos próximos 6 meses","1"
"2023","risco_turnover","Setor Automotivo","Acima de 3.000","Estou em busca de oportunidades, mas apenas fora do Brasil","1"
"2024","desafio_gestor","Varejo","Acima de 3.000","Gerenciar a expectativa das áreas de negócio em relação as entregas das equipes de dados.","39"
"2024","desafio_gestor","Finanças ou Bancos","Acima de 3.000","Gerenciar a expectativa das áreas de negócio em relação as entregas das equipes de dados.","36"
"2024","desafio_gestor","Finanças ou Bancos","Acima de 3.000","Conseguir gerar valor para as áreas de negócios através de estudos e experimentos.","32"
"2024","desafio_gestor","Finanças ou Bancos","Acima de 3.000","Organizar as informações e garantir a qualidade e confiabilidade.","31"
"2024","desafio_gestor","Tecnologia/Fábrica de Software","Acima de 3.000","Gerenciar a expectativa das áreas de negócio em relação as entregas das equipes de dados.","30"
"2024","desafio_gestor","Finanças ou Bancos","Acima de 3.000","Garantir retorno do investimento (ROI) em projetos de dados.","30"
"2024","desafio_gestor","Finanças ou Bancos","Acima de 3.000","Dividir o tempo entre entregas técnicas e gestão de pessoas.","27"
"2024","desafio_gestor","Finanças ou Bancos","Acima de 3.000","Conseguir levar inovação para a empresa através dos dados.","26"
"2024","desafio_gestor","Varejo","Acima de 3.000","Garantir retorno do investimento (ROI) em projetos de dados.","23"
"2024","desafio_gestor","Varejo","Acima de 3.000","Dividir o tempo entre entregas técnicas e gestão de pessoas.","23"
"2024","desafio_gestor","Tecnologia/Fábrica de Software","Acima de 3.000","Organizar as informações e garantir a qualidade e confiabilidade.","22"
"2024","desafio_gestor","Varejo","Acima de 3.000","Gestão de projetos envolvendo áreas multidisciplinares da empresa.","21"
"2024","desafio_gestor","Tecnologia/Fábrica de Software","Acima de 3.000","Conseguir gerar valor para as áreas de negócios através de estudos e experimentos.","20"
"2024","desafio_gestor","Indústria","Acima de 3.000","Organizar as informações e garantir a qualidade e confiabilidade.","20"
"2024","desafio_gestor","Varejo","Acima de 3.000","Conseguir gerar valor para as áreas de negócios através de estudos e experimentos.","20"
"2024","desafio_gestor","Indústria","Acima de 3.000","Garantir retorno do investimento (ROI) em projetos de dados.","19"
"2024","desafio_gestor","Finanças ou Bancos","Acima de 3.000","Garantir a manutenção dos projetos e modelos em produção","18"
"2024","desafio_gestor","Finanças ou Bancos","Acima de 3.000","Gestão de projetos envolvendo áreas multidisciplinares da empresa.","18"
"2024","desafio_gestor","Varejo","Acima de 3.000","Organizar as informações e garantir a qualidade e confiabilidade.","18"
"2024","desafio_gestor","Finanças ou Bancos","Acima de 3.000","em meio ao crescimento da empresa.","18"
"2024","desafio_gestor","Indústria","Acima de 3.000","Gerenciar a expectativa das áreas de negócio em relação as entregas das equipes de dados.","17"
"2024","desafio_gestor","Indústria","Acima de 3.000","Dividir o tempo entre entregas técnicas e gestão de pessoas.","17"
"2024","desafio_gestor","Varejo","Acima de 3.000","Convencer a empresa a aumentar os investimentos na área de dados.","17"
"2024","desafio_gestor","Varejo","Acima de 3.000","Garantir a manutenção dos projetos e modelos em produção","16"
"2024","desafio_gestor","Varejo","Acima de 3.000","em meio ao crescimento da empresa.","16"
"2024","desafio_gestor","Varejo","Acima de 3.000","Conseguir levar inovação para a empresa através dos dados.","15"
"2024","desafio_gestor","Tecnologia/Fábrica de Software","Acima de 3.000","Dividir o tempo entre entregas técnicas e gestão de pessoas.","15"
"2024","desafio_gestor","Indústria","Acima de 3.000","Conseguir gerar valor para as áreas de negócios através de estudos e experimentos.","14"
"2024","desafio_gestor","Finanças ou Bancos","Acima de 3.000","Contratar novos talentos.","14"
"2024","desafio_gestor","Finanças ou Bancos","Acima de 3.000","Convencer a empresa a aumentar os investimentos na área de dados.","13"
"2024","desafio_gestor","Varejo","Acima de 3.000","Reter talentos.","13"
"2024","desafio_gestor","Tecnologia/Fábrica de Software","Acima de 3.000","Garantir a manutenção dos projetos e modelos em produção","13"
"2024","desafio_gestor","Tecnologia/Fábrica de Software","Acima de 3.000","em meio ao crescimento da empresa.","13"
"2024","desafio_gestor","Tecnologia/Fábrica de Software","Acima de 3.000","Conseguir levar inovação para a empresa através dos dados.","12"
"2024","desafio_gestor","Internet/Ecommerce","Acima de 3.000","Gerenciar a expectativa das áreas de negócio em relação as entregas das equipes de dados.","12"
"2024","desafio_gestor","Tecnologia/Fábrica de Software","Acima de 3.000","Garantir retorno do investimento (ROI) em projetos de dados.","12"
"2024","desafio_gestor","Tecnologia/Fábrica de Software","de 101 a 500","Dividir o tempo entre entregas técnicas e gestão de pessoas.","12"
"2024","desafio_gestor","Varejo","Acima de 3.000","Contratar novos talentos.","12"
"2024","desafio_gestor","Outra Opção","Acima de 3.000","Gerenciar a expectativa das áreas de negócio em relação as entregas das equipes de dados.","12"
"2024","desafio_gestor","Tecnologia/Fábrica de Software","de 101 a 500","Conseguir gerar valor para as áreas de negócios através de estudos e experimentos.","12"
"2024","desafio_gestor","Tecnologia/Fábrica de Software","de 1.001 a 3.000","Garantir retorno do investimento (ROI) em projetos de dados.","12"
"2024","desafio_gestor","Varejo","Acima de 3.000","Gestão de equipes no ambiente remoto.","12"
"2024","desafio_gestor","Tecnologia/Fábrica de Software","de 101 a 500","Gerenciar a expectativa das áreas de negócio em relação as entregas das equipes de dados.","12"
"2024","desafio_gestor","Finanças ou Bancos","Acima de 3.000","Reter talentos.","12"
"2024","desafio_gestor","Internet/Ecommerce","Acima de 3.000","Gestão de projetos envolvendo áreas multidisciplinares da empresa.","11"
"2024","desafio_gestor","Finanças ou Bancos","de 501 a 1.000","Dividir o tempo entre entregas técnicas e gestão de pessoas.","11"
"2024","desafio_gestor","Tecnologia/Fábrica de Software","de 1.001 a 3.000","Conseguir gerar valor para as áreas de negócios através de estudos e experimentos.","11"
"2024","desafio_gestor","Finanças ou Bancos","de 501 a 1.000","Gerenciar a expectativa das áreas de negócio em relação as entregas das equipes de dados.","11"
"2024","desafio_gestor","Internet/Ecommerce","Acima de 3.000","Organizar as informações e garantir a qualidade e confiabilidade.","11"
"2024","desafio_gestor","Finanças ou Bancos","de 1.001 a 3.000","Gerenciar a expectativa das áreas de negócio em relação as entregas das equipes de dados.","11"
"2024","desafio_gestor","Outra Opção","Acima de 3.000","Garantir retorno do investimento (ROI) em projetos de dados.","11"
"2024","desafio_gestor","Área da Saúde","Acima de 3.000","Gerenciar a expectativa das áreas de negócio em relação as entregas das equipes de dados.","11"
"2024","desafio_gestor","Tecnologia/Fábrica de Software","de 1 a 5","Dividir o tempo entre entregas técnicas e gestão de pessoas.","10"
"2024","desafio_gestor","Tecnologia/Fábrica de Software","de 1.001 a 3.000","Organizar as informações e garantir a qualidade e confiabilidade.","10"
"2024","desafio_gestor","Indústria","Acima de 3.000","Conseguir levar inovação para a empresa através dos dados.","10"
"2024","desafio_gestor","Tecnologia/Fábrica de Software","de 51 a 100","Dividir o tempo entre entregas técnicas e gestão de pessoas.","10"
"2024","desafio_gestor","Finanças ou Bancos","Acima de 3.000","Gestão de equipes no ambiente remoto.","9"
"2024","desafio_gestor","Marketing","de 101 a 500","Dividir o tempo entre entregas técnicas e gestão de pessoas.","9"
"2024","desafio_gestor","Tecnologia/Fábrica de Software","Acima de 3.000","Gestão de projetos envolvendo áreas multidisciplinares da empresa.","9"
"2024","desafio_gestor","Tecnologia/Fábrica de Software","de 1 a 5","Garantir retorno do investimento (ROI) em projetos de dados.","9"
"2024","desafio_gestor","Indústria","Acima de 3.000","Reter talentos.","9"
"2024","desafio_gestor","Área de Consultoria","Acima de 3.000","Dividir o tempo entre entregas técnicas e gestão de pessoas.","9"
"2024","desafio_gestor","Tecnologia/Fábrica de Software","de 51 a 100","Garantir retorno do investimento (ROI) em projetos de dados.","9"
"2024","desafio_gestor","Tecnologia/Fábrica de Software","de 51 a 100","Gerenciar a expectativa das áreas de negócio em relação as entregas das equipes de dados.","9"
"2024","desafio_gestor","Outra Opção","Acima de 3.000","Gestão de projetos envolvendo áreas multidisciplinares da empresa.","9"
"2024","desafio_gestor","Tecnologia/Fábrica de Software","de 1.001 a 3.000","Convencer a empresa a aumentar os investimentos na área de dados.","9"
"2024","desafio_gestor","Tecnologia/Fábrica de Software","de 101 a 500","Contratar novos talentos.","9"
"2024","desafio_gestor","Outra Opção","de 101 a 500","Gerenciar a expectativa das áreas de negócio em relação as entregas das equipes de dados.","9"
"2024","desafio_gestor","Tecnologia/Fábrica de Software","Acima de 3.000","Contratar novos talentos.","9"
"2024","desafio_gestor","Finanças ou Bancos","de 1.001 a 3.000","Organizar as informações e garantir a qualidade e confiabilidade.","9"
"2024","desafio_gestor","Finanças ou Bancos","de 101 a 500","Gerenciar a expectativa das áreas de negócio em relação as entregas das equipes de dados.","8"
"2024","desafio_gestor","Finanças ou Bancos","de 101 a 500","Convencer a empresa a aumentar os investimentos na área de dados.","8"
"2024","desafio_gestor","Outra Opção","de 1.001 a 3.000","Dividir o tempo entre entregas técnicas e gestão de pessoas.","8"
"2024","desafio_gestor","Tecnologia/Fábrica de Software","de 101 a 500","Conseguir levar inovação para a empresa através dos dados.","8"
"2024","desafio_gestor","Setor Público","Acima de 3.000","Dividir o tempo entre entregas técnicas e gestão de pessoas.","8"
"2024","desafio_gestor","Indústria","Acima de 3.000","Gestão de projetos envolvendo áreas multidisciplinares da empresa.","8"
"2024","desafio_gestor","Finanças ou Bancos","de 101 a 500","Conseguir gerar valor para as áreas de negócios através de estudos e experimentos.","8"
"2024","desafio_gestor","Tecnologia/Fábrica de Software","de 1.001 a 3.000","Dividir o tempo entre entregas técnicas e gestão de pessoas.","8"
"2024","desafio_gestor","Tecnologia/Fábrica de Software","de 101 a 500","Garantir retorno do investimento (ROI) em projetos de dados.","8"
"2024","desafio_gestor","Finanças ou Bancos","de 1.001 a 3.000","Dividir o tempo entre entregas técnicas e gestão de pessoas.","8"
"2024","desafio_gestor","Internet/Ecommerce","Acima de 3.000","Reter talentos.","8"
"2024","desafio_gestor","Área da Saúde","Acima de 3.000","Garantir retorno do investimento (ROI) em projetos de dados.","8"
"2024","desafio_gestor","Tecnologia/Fábrica de Software","de 1 a 5","Conseguir gerar valor para as áreas de negócios através de estudos e experimentos.","8"
"2024","desafio_gestor","Setor Alimentício","Acima de 3.000","Conseguir gerar valor para as áreas de negócios através de estudos e experimentos.","7"
"2024","desafio_gestor","Tecnologia/Fábrica de Software","de 11 a 50","Garantir retorno do investimento (ROI) em projetos de dados.","7"
"2024","desafio_gestor","Tecnologia/Fábrica de Software","de 1.001 a 3.000","Gerenciar a expectativa das áreas de negócio em relação as entregas das equipes de dados.","7"
"2024","desafio_gestor","Indústria","Acima de 3.000","Convencer a empresa a aumentar os investimentos na área de dados.","7"
"2024","desafio_gestor","Internet/Ecommerce","Acima de 3.000","Garantir retorno do investimento (ROI) em projetos de dados.","7"
"2024","desafio_gestor","Internet/Ecommerce","Acima de 3.000","Conseguir gerar valor para as áreas de negócios através de estudos e experimentos.","7"
"2024","desafio_gestor","Tecnologia/Fábrica de Software","de 11 a 50","Reter talentos.","7"
"2024","desafio_gestor","Educação","Acima de 3.000","Organizar as informações e garantir a qualidade e confiabilidade.","7"
"2024","desafio_gestor","Finanças ou Bancos","de 101 a 500","Dividir o tempo entre entregas técnicas e gestão de pessoas.","7"
"2024","desafio_gestor","Tecnologia/Fábrica de Software","de 1.001 a 3.000","Reter talentos.","7"
"2024","desafio_gestor","Tecnologia/Fábrica de Software","de 11 a 50","Dividir o tempo entre entregas técnicas e gestão de pessoas.","7"
"2024","desafio_gestor","Finanças ou Bancos","Acima de 3.000","Desenvolver e manter modelos Machine Learning em produção.","7"
"2024","desafio_gestor","Tecnologia/Fábrica de Software","de 101 a 500","Gestão de equipes no ambiente remoto.","7"
"2024","desafio_gestor","Internet/Ecommerce","Acima de 3.000","Dividir o tempo entre entregas técnicas e gestão de pessoas.","7"
"2024","desafio_gestor","Indústria","Acima de 3.000","Gestão de equipes no ambiente remoto.","6"
"2024","desafio_gestor","Área de Consultoria","de 11 a 50","Conseguir levar inovação para a empresa através dos dados.","6"
"2024","desafio_gestor","Marketing","de 101 a 500","Organizar as informações e garantir a qualidade e confiabilidade.","6"
"2024","desafio_gestor","Setor Alimentício","Acima de 3.000","Garantir a manutenção dos projetos e modelos em produção","6"
"2024","desafio_gestor","Tecnologia/Fábrica de Software","de 51 a 100","Organizar as informações e garantir a qualidade e confiabilidade.","6"
"2024","desafio_gestor","Outra Opção","Acima de 3.000","Conseguir gerar valor para as áreas de negócios através de estudos e experimentos.","6"
"2024","desafio_gestor","Tecnologia/Fábrica de Software","de 1.001 a 3.000","Conseguir levar inovação para a empresa através dos dados.","6"
"2024","desafio_gestor","Tecnologia/Fábrica de Software","de 11 a 50","Gerenciar a expectativa das áreas de negócio em relação as entregas das equipes de dados.","6"
"2024","desafio_gestor","Outra Opção","Acima de 3.000","em meio ao crescimento da empresa.","6"
"2024","desafio_gestor","Setor Alimentício","Acima de 3.000","Gerenciar a expectativa das áreas de negócio em relação as entregas das equipes de dados.","6"
"2024","desafio_gestor","Outra Opção","de 101 a 500","Conseguir gerar valor para as áreas de negócios através de estudos e experimentos.","6"
"2024","desafio_gestor","Educação","Acima de 3.000","Reter talentos.","6"
"2024","desafio_gestor","Finanças ou Bancos","de 1.001 a 3.000","Gestão de projetos envolvendo áreas multidisciplinares da empresa.","6"
"2024","desafio_gestor","Internet/Ecommerce","Acima de 3.000","Conseguir levar inovação para a empresa através dos dados.","6"
"2024","desafio_gestor","Finanças ou Bancos","de 101 a 500","Conseguir levar inovação para a empresa através dos dados.","6"
"2024","desafio_gestor","Tecnologia/Fábrica de Software","de 51 a 100","Gestão de equipes no ambiente remoto.","6"
"2024","desafio_gestor","Outra Opção","Acima de 3.000","Conseguir levar inovação para a empresa através dos dados.","6"
"2024","desafio_gestor","Tecnologia/Fábrica de Software","Acima de 3.000","Convencer a empresa a aumentar os investimentos na área de dados.","6"
"2024","desafio_gestor","Outra Opção","Acima de 3.000","Garantir a manutenção dos projetos e modelos em produção","6"
"2024","desafio_gestor","Educação","Acima de 3.000","Dividir o tempo entre entregas técnicas e gestão de pessoas.","6"
"2024","desafio_gestor","Tecnologia/Fábrica de Software","de 501 a 1.000","Gestão de projetos envolvendo áreas multidisciplinares da empresa.","6"
"2024","desafio_gestor","Setor Alimentício","Acima de 3.000","Dividir o tempo entre entregas técnicas e gestão de pessoas.","6"
"2024","desafio_gestor","Finanças ou Bancos","de 501 a 1.000","Gestão de projetos envolvendo áreas multidisciplinares da empresa.","6"
"2024","desafio_gestor","Tecnologia/Fábrica de Software","de 101 a 500","Gestão de projetos envolvendo áreas multidisciplinares da empresa.","6"
"2024","desafio_gestor","Tecnologia/Fábrica de Software","de 1 a 5","Gestão de projetos envolvendo áreas multidisciplinares da empresa.","6"
"2024","desafio_gestor","Tecnologia/Fábrica de Software","de 101 a 500","Organizar as informações e garantir a qualidade e confiabilidade.","6"
"2024","desafio_gestor","Setor Público","Acima de 3.000","Conseguir levar inovação para a empresa através dos dados.","6"
"2024","desafio_gestor","Setor Alimentício","Acima de 3.000","em meio ao crescimento da empresa.","6"
"2024","desafio_gestor","Setor Alimentício","Acima de 3.000","Garantir retorno do investimento (ROI) em projetos de dados.","6"
"2024","desafio_gestor","Tecnologia/Fábrica de Software","de 101 a 500","Reter talentos.","6"
"2024","desafio_gestor","Setor de Energia","Acima de 3.000","Gerenciar a expectativa das áreas de negócio em relação as entregas das equipes de dados.","5"
"2024","desafio_gestor","Finanças ou Bancos","de 501 a 1.000","em meio ao crescimento da empresa.","5"
"2024","desafio_gestor","Área da Saúde","de 1.001 a 3.000","Convencer a empresa a aumentar os investimentos na área de dados.","5"
"2024","desafio_gestor","Varejo","de 1.001 a 3.000","Dividir o tempo entre entregas técnicas e gestão de pessoas.","5"
"2024","desafio_gestor","Área de Consultoria","Acima de 3.000","Garantir retorno do investimento (ROI) em projetos de dados.","5"
"2024","desafio_gestor","Tecnologia/Fábrica de Software","Acima de 3.000","Reter talentos.","5"
"2024","desafio_gestor","Indústria","de 101 a 500","Conseguir gerar valor para as áreas de negócios através de estudos e experimentos.","5"
"2024","desafio_gestor","Internet/Ecommerce","Acima de 3.000","Garantir a manutenção dos projetos e modelos em produção","5"
"2024","desafio_gestor","Tecnologia/Fábrica de Software","de 11 a 50","Contratar novos talentos.","5"
"2024","desafio_gestor","Tecnologia/Fábrica de Software","de 51 a 100","Conseguir levar inovação para a empresa através dos dados.","5"
"2024","desafio_gestor","Tecnologia/Fábrica de Software","de 501 a 1.000","Gerenciar a expectativa das áreas de negócio em relação as entregas das equipes de dados.","5"
"2024","desafio_gestor","Marketing","de 101 a 500","Convencer a empresa a aumentar os investimentos na área de dados.","5"
"2024","desafio_gestor","Área de Consultoria","de 51 a 100","Gerenciar a expectativa das áreas de negócio em relação as entregas das equipes de dados.","5"
"2024","desafio_gestor","Internet/Ecommerce","Acima de 3.000","em meio ao crescimento da empresa.","5"
"2024","desafio_gestor","Finanças ou Bancos","de 101 a 500","Organizar as informações e garantir a qualidade e confiabilidade.","5"
"2024","desafio_gestor","Setor Alimentício","Acima de 3.000","Gestão de projetos envolvendo áreas multidisciplinares da empresa.","5"
"2024","desafio_gestor","Setor Imobiliário/ Construção Civil","Acima de 3.000","Conseguir gerar valor para as áreas de negócios através de estudos e experimentos.","5"
"2024","desafio_gestor","Setor Imobiliário/ Construção Civil","Acima de 3.000","Gerenciar a expectativa das áreas de negócio em relação as entregas das equipes de dados.","5"
"2024","desafio_gestor","Marketing","de 101 a 500","Reter talentos.","5"
"2024","desafio_gestor","Outra Opção","Acima de 3.000","Dividir o tempo entre entregas técnicas e gestão de pessoas.","5"
"2024","desafio_gestor","Agronegócios","Acima de 3.000","Garantir retorno do investimento (ROI) em projetos de dados.","5"
"2024","desafio_gestor","Outra Opção","Acima de 3.000","Organizar as informações e garantir a qualidade e confiabilidade.","5"
"2024","desafio_gestor","Tecnologia/Fábrica de Software","de 1 a 5","Contratar novos talentos.","5"
"2024","desafio_gestor","Área da Saúde","Acima de 3.000","Organizar as informações e garantir a qualidade e confiabilidade.","5"
"2024","desafio_gestor","Finanças ou Bancos","de 501 a 1.000","Garantir retorno do investimento (ROI) em projetos de dados.","5"
"2024","desafio_gestor","Internet/Ecommerce","Acima de 3.000","Contratar novos talentos.","5"
"2024","desafio_gestor","Área de Consultoria","de 101 a 500","Dividir o tempo entre entregas técnicas e gestão de pessoas.","5"
"2024","desafio_gestor","Tecnologia/Fábrica de Software","de 1 a 5","Gestão de equipes no ambiente remoto.","5"
"2024","desafio_gestor","Marketing","de 101 a 500","Gerenciar a expectativa das áreas de negócio em relação as entregas das equipes de dados.","5"
"2024","desafio_gestor","Educação","de 101 a 500","Gerenciar a expectativa das áreas de negócio em relação as entregas das equipes de dados.","5"
"2024","desafio_gestor","Educação","Acima de 3.000","Contratar novos talentos.","5"
"2024","desafio_gestor","Área da Saúde","Acima de 3.000","Reter talentos.","5"
"2024","desafio_gestor","Tecnologia/Fábrica de Software","de 101 a 500","em meio ao crescimento da empresa.","5"
"2024","desafio_gestor","Tecnologia/Fábrica de Software","de 501 a 1.000","Reter talentos.","5"
"2024","desafio_gestor","Tecnologia/Fábrica de Software","de 101 a 500","Garantir a manutenção dos projetos e modelos em produção","5"
"2024","desafio_gestor","Outra Opção","Acima de 3.000","Convencer a empresa a aumentar os investimentos na área de dados.","5"
"2024","desafio_gestor","Finanças ou Bancos","de 501 a 1.000","Garantir a manutenção dos projetos e modelos em produção","5"
"2024","desafio_gestor","Indústria","de 101 a 500","Convencer a empresa a aumentar os investimentos na área de dados.","5"
"2024","desafio_gestor","Finanças ou Bancos","de 101 a 500","Garantir retorno do investimento (ROI) em projetos de dados.","5"
"2024","desafio_gestor","Área de Consultoria","Acima de 3.000","Convencer a empresa a aumentar os investimentos na área de dados.","5"
"2024","desafio_gestor","Tecnologia/Fábrica de Software","de 11 a 50","Garantir a manutenção dos projetos e modelos em produção","4"
"2024","desafio_gestor","Varejo","de 1.001 a 3.000","Conseguir levar inovação para a empresa através dos dados.","4"
"2024","desafio_gestor","Área de Consultoria","Acima de 3.000","Conseguir gerar valor para as áreas de negócios através de estudos e experimentos.","4"
"2024","desafio_gestor","Tecnologia/Fábrica de Software","de 501 a 1.000","Contratar novos talentos.","4"
"2024","desafio_gestor","Área da Saúde","Acima de 3.000","Conseguir levar inovação para a empresa através dos dados.","4"
"2024","desafio_gestor","Área de Consultoria","de 51 a 100","Gestão de projetos envolvendo áreas multidisciplinares da empresa.","4"
"2024","desafio_gestor","Marketing","de 101 a 500","em meio ao crescimento da empresa.","4"
"2024","desafio_gestor","Finanças ou Bancos","de 501 a 1.000","Conseguir levar inovação para a empresa através dos dados.","4"
"2024","desafio_gestor","Área da Saúde","de 1.001 a 3.000","Reter talentos.","4"
"2024","desafio_gestor","Educação","Acima de 3.000","Convencer a empresa a aumentar os investimentos na área de dados.","4"
"2024","desafio_gestor","Finanças ou Bancos","de 101 a 500","Garantir a manutenção dos projetos e modelos em produção","4"
"2024","desafio_gestor","Tecnologia/Fábrica de Software","de 51 a 100","Conseguir gerar valor para as áreas de negócios através de estudos e experimentos.","4"
"2024","desafio_gestor","Marketing","de 101 a 500","Contratar novos talentos.","4"
"2024","desafio_gestor","Marketing","de 101 a 500","Garantir a manutenção dos projetos e modelos em produção","4"
"2024","desafio_gestor","Tecnologia/Fábrica de Software","de 51 a 100","Contratar novos talentos.","4"
"2024","desafio_gestor","Varejo","de 101 a 500","Convencer a empresa a aumentar os investimentos na área de dados.","4"
"2024","desafio_gestor","Tecnologia/Fábrica de Software","de 51 a 100","Garantir a manutenção dos projetos e modelos em produção","4"
"2024","desafio_gestor","Setor Alimentício","Acima de 3.000","Contratar novos talentos.","4"
"2024","desafio_gestor","Tecnologia/Fábrica de Software","de 51 a 100","em meio ao crescimento da empresa.","4"
"2024","desafio_gestor","Área de Consultoria","de 501 a 1.000","Gestão de projetos envolvendo áreas multidisciplinares da empresa.","4"
"2024","desafio_gestor","Tecnologia/Fábrica de Software","de 1.001 a 3.000","Gestão de equipes no ambiente remoto.","4"
"2024","desafio_gestor","Finanças ou Bancos","de 101 a 500","em meio ao crescimento da empresa.","4"
"2024","desafio_gestor","Telecomunicação","Acima de 3.000","Gerenciar a expectativa das áreas de negócio em relação as entregas das equipes de dados.","4"
"2024","desafio_gestor","Indústria","Acima de 3.000","Garantir a manutenção dos projetos e modelos em produção","4"
"2024","desafio_gestor","Indústria","de 501 a 1.000","Gerenciar a expectativa das áreas de negócio em relação as entregas das equipes de dados.","4"
"2024","desafio_gestor","Outra Opção","Acima de 3.000","Reter talentos.","4"
"2024","desafio_gestor","Área de Consultoria","de 11 a 50","Gerenciar a expectativa das áreas de negócio em relação as entregas das equipes de dados.","4"
"2024","desafio_gestor","Setor Alimentício","Acima de 3.000","Organizar as informações e garantir a qualidade e confiabilidade.","4"
"2024","desafio_gestor","Tecnologia/Fábrica de Software","de 1 a 5","Gerenciar a expectativa das áreas de negócio em relação as entregas das equipes de dados.","4"
"2024","desafio_gestor","Finanças ou Bancos","de 501 a 1.000","Organizar as informações e garantir a qualidade e confiabilidade.","4"
"2024","desafio_gestor","Indústria","Acima de 3.000","em meio ao crescimento da empresa.","4"
"2024","desafio_gestor","Tecnologia/Fábrica de Software","de 1.001 a 3.000","Conseguir processar e armazenar um alto volume de dados.","4"
"2024","desafio_gestor","Área da Saúde","de 101 a 500","Conseguir levar inovação para a empresa através dos dados.","4"
"2024","desafio_gestor","Área da Saúde","Acima de 3.000","Gestão de projetos envolvendo áreas multidisciplinares da empresa.","4"
"2024","desafio_gestor","Outra Opção","de 101 a 500","Contratar novos talentos.","4"
"2024","desafio_gestor","Tecnologia/Fábrica de Software","Acima de 3.000","Gestão de equipes no ambiente remoto.","4"
"2024","desafio_gestor","Área de Consultoria","Acima de 3.000","Gestão de projetos envolvendo áreas multidisciplinares da empresa.","4"
"2024","desafio_gestor","Finanças ou Bancos","Acima de 3.000","Conseguir processar e armazenar um alto volume de dados.","4"
"2024","desafio_gestor","Tecnologia/Fábrica de Software","Acima de 3.000","Conseguir processar e armazenar um alto volume de dados.","4"
"2024","desafio_gestor","Indústria","de 101 a 500","Organizar as informações e garantir a qualidade e confiabilidade.","4"
"2024","desafio_gestor","Área de Consultoria","de 51 a 100","Conseguir levar inovação para a empresa através dos dados.","4"
"2024","desafio_gestor","Varejo","de 1.001 a 3.000","Convencer a empresa a aumentar os investimentos na área de dados.","4"
"2024","desafio_gestor","Área de Consultoria","de 11 a 50","Dividir o tempo entre entregas técnicas e gestão de pessoas.","4"
"2024","desafio_gestor","Marketing","de 101 a 500","Gestão de equipes no ambiente remoto.","4"
"2024","desafio_gestor","Telecomunicação","Acima de 3.000","Conseguir levar inovação para a empresa através dos dados.","4"
"2024","desafio_gestor","Tecnologia/Fábrica de Software","de 11 a 50","Convencer a empresa a aumentar os investimentos na área de dados.","4"
"2024","desafio_gestor","Telecomunicação","Acima de 3.000","Dividir o tempo entre entregas técnicas e gestão de pessoas.","4"
"2024","desafio_gestor","Área de Consultoria","de 101 a 500","Contratar novos talentos.","4"
"2024","desafio_gestor","Marketing","de 51 a 100","Gestão de equipes no ambiente remoto.","4"
"2024","desafio_gestor","Tecnologia/Fábrica de Software","de 11 a 50","em meio ao crescimento da empresa.","4"
"2024","desafio_gestor","Outra Opção","de 1.001 a 3.000","Organizar as informações e garantir a qualidade e confiabilidade.","4"
"2024","desafio_gestor","Indústria","Acima de 3.000","Desenvolver e manter modelos Machine Learning em produção.","4"
"2024","desafio_gestor","Finanças ou Bancos","de 501 a 1.000","Conseguir gerar valor para as áreas de negócios através de estudos e experimentos.","4"
"2024","desafio_gestor","Finanças ou Bancos","de 101 a 500","Gestão de projetos envolvendo áreas multidisciplinares da empresa.","4"
"2024","desafio_gestor","Indústria","de 501 a 1.000","Dividir o tempo entre entregas técnicas e gestão de pessoas.","4"
"2024","desafio_gestor","Tecnologia/Fábrica de Software","de 1 a 5","Convencer a empresa a aumentar os investimentos na área de dados.","4"
"2024","desafio_gestor","Educação","de 1.001 a 3.000","Organizar as informações e garantir a qualidade e confiabilidade.","4"
"2024","desafio_gestor","Outra Opção","de 101 a 500","Dividir o tempo entre entregas técnicas e gestão de pessoas.","3"
"2024","desafio_gestor","Tecnologia/Fábrica de Software","de 1.001 a 3.000","em meio ao crescimento da empresa.","3"
"2024","desafio_gestor","Área da Saúde","de 501 a 1.000","Gerenciar a expectativa das áreas de negócio em relação as entregas das equipes de dados.","3"
"2024","desafio_gestor","Educação","de 101 a 500","Dividir o tempo entre entregas técnicas e gestão de pessoas.","3"
"2024","desafio_gestor","Finanças ou Bancos","de 501 a 1.000","Desenvolver e manter modelos Machine Learning em produção.","3"
"2024","desafio_gestor","Marketing","de 1 a 5","Gestão de projetos envolvendo áreas multidisciplinares da empresa.","3"
"2024","desafio_gestor","Agronegócios","Acima de 3.000","Conseguir gerar valor para as áreas de negócios através de estudos e experimentos.","3"
"2024","desafio_gestor","Indústria","Acima de 3.000","Conseguir processar e armazenar um alto volume de dados.","3"
"2024","desafio_gestor","Área de Consultoria","de 1 a 5","Garantir retorno do investimento (ROI) em projetos de dados.","3"
"2024","desafio_gestor","Indústria","de 11 a 50","Garantir a manutenção dos projetos e modelos em produção","3"
"2024","desafio_gestor","Outra Opção","Acima de 3.000","Conseguir processar e armazenar um alto volume de dados.","3"
"2024","desafio_gestor","Agronegócios","Acima de 3.000","Gestão de projetos envolvendo áreas multidisciplinares da empresa.","3"
"2024","desafio_gestor","Finanças ou Bancos","de 1.001 a 3.000","Conseguir gerar valor para as áreas de negócios através de estudos e experimentos.","3"
"2024","desafio_gestor","Marketing","de 1 a 5","Garantir retorno do investimento (ROI) em projetos de dados.","3"
"2024","desafio_gestor","Tecnologia/Fábrica de Software","Acima de 3.000","Desenvolver e manter modelos Machine Learning em produção.","3"
"2024","desafio_gestor","Setor Público","Acima de 3.000","Organizar as informações e garantir a qualidade e confiabilidade.","3"
"2024","desafio_gestor","Tecnologia/Fábrica de Software","de 1 a 5","Garantir a manutenção dos projetos e modelos em produção","3"
"2024","desafio_gestor","Marketing","de 101 a 500","Conseguir levar inovação para a empresa através dos dados.","3"
"2024","desafio_gestor","Tecnologia/Fábrica de Software","de 501 a 1.000","Conseguir levar inovação para a empresa através dos dados.","3"
"2024","desafio_gestor","Internet/Ecommerce","de 1.001 a 3.000","Dividir o tempo entre entregas técnicas e gestão de pessoas.","3"
"2024","desafio_gestor","Área de Consultoria","de 6 a 10","Contratar novos talentos.","3"
"2024","desafio_gestor","Indústria","de 11 a 50","em meio ao crescimento da empresa.","3"
"2024","desafio_gestor","Outra Opção","de 1.001 a 3.000","Conseguir levar inovação para a empresa através dos dados.","3"
"2024","desafio_gestor","Educação","de 51 a 100","Organizar as informações e garantir a qualidade e confiabilidade.","3"
"2024","desafio_gestor","Indústria","de 101 a 500","Conseguir levar inovação para a empresa através dos dados.","3"
"2024","desafio_gestor","Indústria","de 101 a 500","Dividir o tempo entre entregas técnicas e gestão de pessoas.","3"
"2024","desafio_gestor","Outra Opção","Acima de 3.000","Contratar novos talentos.","3"
"2024","desafio_gestor","Outra Opção","de 51 a 100","Conseguir gerar valor para as áreas de negócios através de estudos e experimentos.","3"
"2024","desafio_gestor","Finanças ou Bancos","de 101 a 500","Conseguir processar e armazenar um alto volume de dados.","3"
"2024","desafio_gestor","Área de Consultoria","Acima de 3.000","Organizar as informações e garantir a qualidade e confiabilidade.","3"
"2024","desafio_gestor","Tecnologia/Fábrica de Software","de 11 a 50","Gestão de projetos envolvendo áreas multidisciplinares da empresa.","3"
"2024","desafio_gestor","Tecnologia/Fábrica de Software","de 51 a 100","Reter talentos.","3"
"2024","desafio_gestor","Educação","de 101 a 500","Organizar as informações e garantir a qualidade e confiabilidade.","3"
"2024","desafio_gestor","Setor Automotivo","Acima de 3.000","Conseguir gerar valor para as áreas de negócios através de estudos e experimentos.","3"
"2024","desafio_gestor","Tecnologia/Fábrica de Software","de 1.001 a 3.000","Gestão de projetos envolvendo áreas multidisciplinares da empresa.","3"
"2024","desafio_gestor","Setor Público","de 101 a 500","Conseguir levar inovação para a empresa através dos dados.","3"
"2024","desafio_gestor","Área da Saúde","Acima de 3.000","Conseguir processar e armazenar um alto volume de dados.","3"
"2024","desafio_gestor","Indústria","de 1.001 a 3.000","Conseguir gerar valor para as áreas de negócios através de estudos e experimentos.","3"
"2024","desafio_gestor","Setor Alimentício","Acima de 3.000","Convencer a empresa a aumentar os investimentos na área de dados.","3"
"2024","desafio_gestor","Tecnologia/Fábrica de Software","de 6 a 10","Conseguir gerar valor para as áreas de negócios através de estudos e experimentos.","3"
"2024","desafio_gestor","Outra Opção","de 6 a 10","Convencer a empresa a aumentar os investimentos na área de dados.","3"
"2024","desafio_gestor","Área da Saúde","Acima de 3.000","Conseguir gerar valor para as áreas de negócios através de estudos e experimentos.","3"
"2024","desafio_gestor","Outra Opção","de 101 a 500","Organizar as informações e garantir a qualidade e confiabilidade.","3"
"2024","desafio_gestor","Tecnologia/Fábrica de Software","de 1 a 5","em meio ao crescimento da empresa.","3"
"2024","desafio_gestor","Educação","de 1.001 a 3.000","Contratar novos talentos.","3"
"2024","desafio_gestor","Internet/Ecommerce","de 1.001 a 3.000","Conseguir levar inovação para a empresa através dos dados.","3"
"2024","desafio_gestor","Setor Público","de 101 a 500","Gestão de projetos envolvendo áreas multidisciplinares da empresa.","3"
"2024","desafio_gestor","Setor Público","de 501 a 1.000","Conseguir gerar valor para as áreas de negócios através de estudos e experimentos.","3"
"2024","desafio_gestor","Tecnologia/Fábrica de Software","de 501 a 1.000","Dividir o tempo entre entregas técnicas e gestão de pessoas.","3"
"2024","desafio_gestor","Tecnologia/Fábrica de Software","de 501 a 1.000","Gestão de equipes no ambiente remoto.","3"
"2024","desafio_gestor","Agronegócios","Acima de 3.000","Reter talentos.","3"
"2024","desafio_gestor","Finanças ou Bancos","de 101 a 500","Gestão de equipes no ambiente remoto.","3"
"2024","desafio_gestor","Setor Alimentício","Acima de 3.000","Conseguir levar inovação para a empresa através dos dados.","3"
"2024","desafio_gestor","Educação","de 101 a 500","Contratar novos talentos.","3"
"2024","desafio_gestor","Finanças ou Bancos","de 501 a 1.000","Contratar novos talentos.","3"
"2024","desafio_gestor","Tecnologia/Fábrica de Software","de 51 a 100","Convencer a empresa a aumentar os investimentos na área de dados.","3"
"2024","desafio_gestor","Outra Opção","de 501 a 1.000","Organizar as informações e garantir a qualidade e confiabilidade.","3"
"2024","desafio_gestor","Finanças ou Bancos","de 11 a 50","Convencer a empresa a aumentar os investimentos na área de dados.","3"
"2024","desafio_gestor","Outra Opção","de 101 a 500","Gestão de projetos envolvendo áreas multidisciplinares da empresa.","3"
"2024","desafio_gestor","Outra Opção","de 101 a 500","Reter talentos.","3"
"2024","desafio_gestor","Indústria","Acima de 3.000","Contratar novos talentos.","3"
"2024","desafio_gestor","Finanças ou Bancos","de 11 a 50","Conseguir gerar valor para as áreas de negócios através de estudos e experimentos.","3"
"2024","desafio_gestor","Área de Consultoria","Acima de 3.000","Gerenciar a expectativa das áreas de negócio em relação as entregas das equipes de dados.","3"
"2024","desafio_gestor","Educação","de 1.001 a 3.000","Conseguir levar inovação para a empresa através dos dados.","3"
"2024","desafio_gestor","Outra Opção","Acima de 3.000","Desenvolver e manter modelos Machine Learning em produção.","3"
"2024","desafio_gestor","Agronegócios","Acima de 3.000","Convencer a empresa a aumentar os investimentos na área de dados.","3"
"2024","desafio_gestor","Finanças ou Bancos","de 11 a 50","Gestão de projetos envolvendo áreas multidisciplinares da empresa.","3"
"2024","desafio_gestor","Finanças ou Bancos","de 11 a 50","Dividir o tempo entre entregas técnicas e gestão de pessoas.","3"
"2024","desafio_gestor","Educação","de 101 a 500","Gestão de projetos envolvendo áreas multidisciplinares da empresa.","3"
"2024","desafio_gestor","Outra Opção","de 51 a 100","Gerenciar a expectativa das áreas de negócio em relação as entregas das equipes de dados.","3"
"2024","desafio_gestor","Educação","Acima de 3.000","Conseguir levar inovação para a empresa através dos dados.","3"
"2024","desafio_gestor","Área de Consultoria","Acima de 3.000","Contratar novos talentos.","3"
"2024","desafio_gestor","Área da Saúde","Acima de 3.000","Dividir o tempo entre entregas técnicas e gestão de pessoas.","3"
"2024","desafio_gestor","Finanças ou Bancos","de 501 a 1.000","Reter talentos.","3"
"2024","desafio_gestor","Tecnologia/Fábrica de Software","de 501 a 1.000","Convencer a empresa a aumentar os investimentos na área de dados.","3"
"2024","desafio_gestor","Tecnologia/Fábrica de Software","de 11 a 50","Conseguir levar inovação para a empresa através dos dados.","3"
"2024","desafio_gestor","Setor Alimentício","de 101 a 500","Conseguir gerar valor para as áreas de negócios através de estudos e experimentos.","3"
"2024","desafio_gestor","Telecomunicação","Acima de 3.000","Contratar novos talentos.","3"
"2024","desafio_gestor","Setor Público","Acima de 3.000","Convencer a empresa a aumentar os investimentos na área de dados.","3"
"2024","desafio_gestor","Telecomunicação","Acima de 3.000","Garantir retorno do investimento (ROI) em projetos de dados.","3"
"2024","desafio_gestor","Educação","de 501 a 1.000","Gerenciar a expectativa das áreas de negócio em relação as entregas das equipes de dados.","3"
"2024","desafio_gestor","Tecnologia/Fábrica de Software","de 6 a 10","Reter talentos.","3"
"2024","desafio_gestor","Educação","de 101 a 500","Conseguir levar inovação para a empresa através dos dados.","3"
"2024","desafio_gestor","Área de Consultoria","de 1 a 5","Conseguir levar inovação para a empresa através dos dados.","3"
"2024","desafio_gestor","Tecnologia/Fábrica de Software","de 1 a 5","Reter talentos.","3"
"2024","desafio_gestor","Área de Consultoria","de 51 a 100","Garantir retorno do investimento (ROI) em projetos de dados.","3"
"2024","desafio_gestor","Varejo","de 1.001 a 3.000","Garantir retorno do investimento (ROI) em projetos de dados.","3"
"2024","desafio_gestor","Finanças ou Bancos","de 1.001 a 3.000","Convencer a empresa a aumentar os investimentos na área de dados.","3"
"2024","desafio_gestor","Finanças ou Bancos","de 1.001 a 3.000","Garantir retorno do investimento (ROI) em projetos de dados.","3"
"2024","desafio_gestor","Tecnologia/Fábrica de Software","de 6 a 10","Organizar as informações e garantir a qualidade e confiabilidade.","3"
"2024","desafio_gestor","Indústria","de 501 a 1.000","Gestão de projetos envolvendo áreas multidisciplinares da empresa.","3"
"2024","desafio_gestor","Setor Automotivo","Acima de 3.000","Garantir retorno do investimento (ROI) em projetos de dados.","3"
"2024","desafio_gestor","Tecnologia/Fábrica de Software","de 6 a 10","Garantir retorno do investimento (ROI) em projetos de dados.","3"
"2024","desafio_gestor","Indústria","de 501 a 1.000","Organizar as informações e garantir a qualidade e confiabilidade.","3"
"2024","desafio_gestor","Setor Público","Acima de 3.000","Conseguir gerar valor para as áreas de negócios através de estudos e experimentos.","3"
"2024","desafio_gestor","Outra Opção","de 101 a 500","Conseguir levar inovação para a empresa através dos dados.","3"
"2024","desafio_gestor","Área de Consultoria","de 11 a 50","Conseguir gerar valor para as áreas de negócios através de estudos e experimentos.","3"
"2024","desafio_gestor","Outra Opção","de 11 a 50","Garantir retorno do investimento (ROI) em projetos de dados.","3"
"2024","desafio_gestor","Área de Consultoria","de 51 a 100","Dividir o tempo entre entregas técnicas e gestão de pessoas.","3"
"2024","desafio_gestor","Setor Alimentício","de 101 a 500","Gerenciar a expectativa das áreas de negócio em relação as entregas das equipes de dados.","3"
"2024","desafio_gestor","Marketing","de 101 a 500","Gestão de projetos envolvendo áreas multidisciplinares da empresa.","3"
"2024","desafio_gestor","Agronegócios","Acima de 3.000","Conseguir levar inovação para a empresa através dos dados.","3"
"2024","desafio_gestor","Setor Imobiliário/ Construção Civil","Acima de 3.000","Conseguir levar inovação para a empresa através dos dados.","3"
"2024","desafio_gestor","Área de Consultoria","de 51 a 100","Conseguir gerar valor para as áreas de negócios através de estudos e experimentos.","3"
"2024","desafio_gestor","Tecnologia/Fábrica de Software","de 1.001 a 3.000","Garantir a manutenção dos projetos e modelos em produção","3"
"2024","desafio_gestor","Telecomunicação","de 501 a 1.000","Gerenciar a expectativa das áreas de negócio em relação as entregas das equipes de dados.","2"
"2024","desafio_gestor","Varejo","de 101 a 500","Dividir o tempo entre entregas técnicas e gestão de pessoas.","2"
"2024","desafio_gestor","Educação","Acima de 3.000","Conseguir gerar valor para as áreas de negócios através de estudos e experimentos.","2"
"2024","desafio_gestor","Setor Alimentício","Acima de 3.000","Desenvolver e manter modelos Machine Learning em produção.","2"
"2024","desafio_gestor","Educação","de 101 a 500","Convencer a empresa a aumentar os investimentos na área de dados.","2"
"2024","desafio_gestor","Marketing","de 1 a 5","Organizar as informações e garantir a qualidade e confiabilidade.","2"
"2024","desafio_gestor","Marketing","de 11 a 50","Garantir retorno do investimento (ROI) em projetos de dados.","2"
"2024","desafio_gestor","Telecomunicação","Acima de 3.000","Conseguir processar e armazenar um alto volume de dados.","2"
"2024","desafio_gestor","Setor de Energia","de 1.001 a 3.000","Convencer a empresa a aumentar os investimentos na área de dados.","2"
"2024","desafio_gestor","Educação","de 11 a 50","Organizar as informações e garantir a qualidade e confiabilidade.","2"
"2024","desafio_gestor","Área de Consultoria","de 501 a 1.000","Dividir o tempo entre entregas técnicas e gestão de pessoas.","2"
"2024","desafio_gestor","Educação","de 51 a 100","Conseguir levar inovação para a empresa através dos dados.","2"
"2024","desafio_gestor","Entretenimento ou Esportes","Acima de 3.000","Gerenciar a expectativa das áreas de negócio em relação as entregas das equipes de dados.","2"
"2024","desafio_gestor","Área da Saúde","de 101 a 500","em meio ao crescimento da empresa.","2"
"2024","desafio_gestor","Setor Alimentício","de 51 a 100","Conseguir gerar valor para as áreas de negócios através de estudos e experimentos.","2"
"2024","desafio_gestor","Finanças ou Bancos","de 1.001 a 3.000","Reter talentos.","2"
"2024","desafio_gestor","Educação","de 501 a 1.000","Conseguir gerar valor para as áreas de negócios através de estudos e experimentos.","2"
"2024","desafio_gestor","Área de Consultoria","de 101 a 500","Conseguir levar inovação para a empresa através dos dados.","2"
"2024","desafio_gestor","Tecnologia/Fábrica de Software","de 501 a 1.000","Garantir retorno do investimento (ROI) em projetos de dados.","2"
"2024","desafio_gestor","Tecnologia/Fábrica de Software","de 6 a 10","Desenvolver e manter modelos Machine Learning em produção.","2"
"2024","desafio_gestor","Área de Consultoria","de 1 a 5","Gestão de projetos envolvendo áreas multidisciplinares da empresa.","2"
"2024","desafio_gestor","Setor Automotivo","de 1.001 a 3.000","em meio ao crescimento da empresa.","2"
"2024","desafio_gestor","Marketing","de 1 a 5","Conseguir gerar valor para as áreas de negócios através de estudos e experimentos.","2"
"2024","desafio_gestor","Varejo","de 1.001 a 3.000","Conseguir gerar valor para as áreas de negócios através de estudos e experimentos.","2"
"2024","desafio_gestor","Finanças ou Bancos","de 1.001 a 3.000","em meio ao crescimento da empresa.","2"
"2024","desafio_gestor","Tecnologia/Fábrica de Software","de 11 a 50","Organizar as informações e garantir a qualidade e confiabilidade.","2"
"2024","desafio_gestor","Área de Consultoria","de 1.001 a 3.000","Organizar as informações e garantir a qualidade e confiabilidade.","2"
"2024","desafio_gestor","Entretenimento ou Esportes","Acima de 3.000","Reter talentos.","2"
"2024","desafio_gestor","Telecomunicação","Acima de 3.000","Convencer a empresa a aumentar os investimentos na área de dados.","2"
"2024","desafio_gestor","Setor Imobiliário/ Construção Civil","de 51 a 100","Organizar as informações e garantir a qualidade e confiabilidade.","2"
"2024","desafio_gestor","Finanças ou Bancos","de 11 a 50","Contratar novos talentos.","2"
"2024","desafio_gestor","Outra Opção","de 51 a 100","Contratar novos talentos.","2"
"2024","desafio_gestor","Área da Saúde","de 501 a 1.000","Garantir retorno do investimento (ROI) em projetos de dados.","2"
"2024","desafio_gestor","Entretenimento ou Esportes","Acima de 3.000","Convencer a empresa a aumentar os investimentos na área de dados.","2"
"2024","desafio_gestor","Área de Consultoria","de 11 a 50","em meio ao crescimento da empresa.","2"
"2024","desafio_gestor","Finanças ou Bancos","de 501 a 1.000","Gestão de equipes no ambiente remoto.","2"
"2024","desafio_gestor","Finanças ou Bancos","de 1.001 a 3.000","Contratar novos talentos.","2"
"2024","desafio_gestor","Finanças ou Bancos","de 11 a 50","Reter talentos.","2"
"2024","desafio_gestor","Setor Público","de 501 a 1.000","Gestão de equipes no ambiente remoto.","2"
"2024","desafio_gestor","Outra Opção","de 501 a 1.000","Garantir retorno do investimento (ROI) em projetos de dados.","2"
"2024","desafio_gestor","Área da Saúde","Acima de 3.000","Convencer a empresa a aumentar os investimentos na área de dados.","2"
"2024","desafio_gestor","Indústria","de 51 a 100","Convencer a empresa a aumentar os investimentos na área de dados.","2"
"2024","desafio_gestor","Setor Público","Acima de 3.000","Garantir a manutenção dos projetos e modelos em produção","2"
"2024","desafio_gestor","Seguros ou Previdência","de 101 a 500","Organizar as informações e garantir a qualidade e confiabilidade.","2"
"2024","desafio_gestor","Filantropia/ONG's","de 11 a 50","Dividir o tempo entre entregas técnicas e gestão de pessoas.","2"
"2024","desafio_gestor","Outra Opção","de 1.001 a 3.000","Gestão de projetos envolvendo áreas multidisciplinares da empresa.","2"
"2024","desafio_gestor","Internet/Ecommerce","de 101 a 500","Conseguir levar inovação para a empresa através dos dados.","2"
"2024","desafio_gestor","Finanças ou Bancos","de 11 a 50","Organizar as informações e garantir a qualidade e confiabilidade.","2"
"2024","desafio_gestor","Finanças ou Bancos","de 51 a 100","Garantir a manutenção dos projetos e modelos em produção","2"
"2024","desafio_gestor","Setor Automotivo","Acima de 3.000","Gestão de projetos envolvendo áreas multidisciplinares da empresa.","2"
"2024","desafio_gestor","Área da Saúde","de 501 a 1.000","Conseguir gerar valor para as áreas de negócios através de estudos e experimentos.","2"
"2024","desafio_gestor","Marketing","de 51 a 100","Gestão de projetos envolvendo áreas multidisciplinares da empresa.","2"
"2024","desafio_gestor","Setor Público","de 101 a 500","Conseguir processar e armazenar um alto volume de dados.","2"
"2024","desafio_gestor","Área de Consultoria","de 1 a 5","Conseguir gerar valor para as áreas de negócios através de estudos e experimentos.","2"
"2024","desafio_gestor","Área da Saúde","de 501 a 1.000","Gestão de projetos envolvendo áreas multidisciplinares da empresa.","2"
"2024","desafio_gestor","Outra Opção","de 101 a 500","Garantir retorno do investimento (ROI) em projetos de dados.","2"
"2024","desafio_gestor","Finanças ou Bancos","de 11 a 50","em meio ao crescimento da empresa.","2"
"2024","desafio_gestor","Área de Consultoria","de 11 a 50","Contratar novos talentos.","2"
"2024","desafio_gestor","Outra Opção","de 1.001 a 3.000","Gerenciar a expectativa das áreas de negócio em relação as entregas das equipes de dados.","2"
"2024","desafio_gestor","Setor Imobiliário/ Construção Civil","Acima de 3.000","Garantir retorno do investimento (ROI) em projetos de dados.","2"
"2024","desafio_gestor","Educação","de 51 a 100","Contratar novos talentos.","2"
"2024","desafio_gestor","Varejo","de 1 a 5","Conseguir levar inovação para a empresa através dos dados.","2"
"2024","desafio_gestor","Outra Opção","de 11 a 50","Organizar as informações e garantir a qualidade e confiabilidade.","2"
"2024","desafio_gestor","Indústria","de 51 a 100","Reter talentos.","2"
"2024","desafio_gestor","Marketing","de 11 a 50","Contratar novos talentos.","2"
"2024","desafio_gestor","Área de Consultoria","de 101 a 500","Gerenciar a expectativa das áreas de negócio em relação as entregas das equipes de dados.","2"
"2024","desafio_gestor","Área da Saúde","Acima de 3.000","Desenvolver e manter modelos Machine Learning em produção.","2"
"2024","desafio_gestor","Setor de Energia","Acima de 3.000","Gestão de projetos envolvendo áreas multidisciplinares da empresa.","2"
"2024","desafio_gestor","Setor Automotivo","de 1.001 a 3.000","Garantir a manutenção dos projetos e modelos em produção","2"
"2024","desafio_gestor","Setor Público","Acima de 3.000","em meio ao crescimento da empresa.","2"
"2024","desafio_gestor","Agronegócios","Acima de 3.000","Organizar as informações e garantir a qualidade e confiabilidade.","2"
"2024","desafio_gestor","Área de Consultoria","de 101 a 500","Garantir retorno do investimento (ROI) em projetos de dados.","2"
"2024","desafio_gestor","Seguros ou Previdência","de 11 a 50","Dividir o tempo entre entregas técnicas e gestão de pessoas.","2"
"2024","desafio_gestor","Marketing","Acima de 3.000","Dividir o tempo entre entregas técnicas e gestão de pessoas.","2"
"2024","desafio_gestor","Área de Consultoria","de 11 a 50","Organizar as informações e garantir a qualidade e confiabilidade.","2"
"2024","desafio_gestor","Setor Automotivo","Acima de 3.000","Dividir o tempo entre entregas técnicas e gestão de pessoas.","2"
"2024","desafio_gestor","Marketing","de 11 a 50","Conseguir gerar valor para as áreas de negócios através de estudos e experimentos.","2"
"2024","desafio_gestor","Setor Imobiliário/ Construção Civil","de 101 a 500","Contratar novos talentos.","2"
"2024","desafio_gestor","Outra Opção","de 11 a 50","Conseguir levar inovação para a empresa através dos dados.","2"
"2024","desafio_gestor","Área de Consultoria","de 1 a 5","Convencer a empresa a aumentar os investimentos na área de dados.","2"
"2024","desafio_gestor","Área da Saúde","de 101 a 500","Organizar as informações e garantir a qualidade e confiabilidade.","2"
"2024","desafio_gestor","Tecnologia/Fábrica de Software","de 6 a 10","Gerenciar a expectativa das áreas de negócio em relação as entregas das equipes de dados.","2"
"2024","desafio_gestor","Área de Consultoria","de 101 a 500","Reter talentos.","2"
"2024","desafio_gestor","Educação","de 101 a 500","Garantir a manutenção dos projetos e modelos em produção","2"
"2024","desafio_gestor","Educação","de 501 a 1.000","Gestão de projetos envolvendo áreas multidisciplinares da empresa.","2"
"2024","desafio_gestor","Setor Público","de 101 a 500","Convencer a empresa a aumentar os investimentos na área de dados.","2"
"2024","desafio_gestor","Área de Consultoria","de 51 a 100","Contratar novos talentos.","2"
"2024","desafio_gestor","Outra Opção","de 1.001 a 3.000","Conseguir processar e armazenar um alto volume de dados.","2"
"2024","desafio_gestor","Área de Consultoria","de 1 a 5","Dividir o tempo entre entregas técnicas e gestão de pessoas.","2"
"2024","desafio_gestor","Finanças ou Bancos","de 1.001 a 3.000","Garantir a manutenção dos projetos e modelos em produção","2"
"2024","desafio_gestor","Internet/Ecommerce","de 1.001 a 3.000","Reter talentos.","2"
"2024","desafio_gestor","Setor Imobiliário/ Construção Civil","Acima de 3.000","Reter talentos.","2"
"2024","desafio_gestor","Agronegócios","de 11 a 50","Convencer a empresa a aumentar os investimentos na área de dados.","2"
"2024","desafio_gestor","Setor Alimentício","de 51 a 100","Conseguir levar inovação para a empresa através dos dados.","2"
"2024","desafio_gestor","Internet/Ecommerce","de 1.001 a 3.000","Gestão de projetos envolvendo áreas multidisciplinares da empresa.","2"
"2024","desafio_gestor","Área da Saúde","de 11 a 50","Dividir o tempo entre entregas técnicas e gestão de pessoas.","2"
"2024","desafio_gestor","Internet/Ecommerce","de 101 a 500","Organizar as informações e garantir a qualidade e confiabilidade.","2"
"2024","desafio_gestor","Outra Opção","de 11 a 50","Convencer a empresa a aumentar os investimentos na área de dados.","2"
"2024","desafio_gestor","Marketing","de 1.001 a 3.000","Conseguir gerar valor para as áreas de negócios através de estudos e experimentos.","2"
"2024","desafio_gestor","Setor Imobiliário/ Construção Civil","de 1.001 a 3.000","Conseguir gerar valor para as áreas de negócios através de estudos e experimentos.","2"
"2024","desafio_gestor","Internet/Ecommerce","de 11 a 50","Dividir o tempo entre entregas técnicas e gestão de pessoas.","2"
"2024","desafio_gestor","Área de Consultoria","de 501 a 1.000","Garantir retorno do investimento (ROI) em projetos de dados.","2"
"2024","desafio_gestor","Outra Opção","de 501 a 1.000","em meio ao crescimento da empresa.","2"
"2024","desafio_gestor","Área da Saúde","de 101 a 500","Garantir retorno do investimento (ROI) em projetos de dados.","2"
"2024","desafio_gestor","Seguros ou Previdência","Acima de 3.000","Gestão de projetos envolvendo áreas multidisciplinares da empresa.","2"
"2024","desafio_gestor","Área de Consultoria","de 1.001 a 3.000","Dividir o tempo entre entregas técnicas e gestão de pessoas.","2"
"2024","desafio_gestor","Internet/Ecommerce","de 101 a 500","Gestão de projetos envolvendo áreas multidisciplinares da empresa.","2"
"2024","desafio_gestor","Seguros ou Previdência","Acima de 3.000","Dividir o tempo entre entregas técnicas e gestão de pessoas.","2"
"2024","desafio_gestor","Tecnologia/Fábrica de Software","de 51 a 100","Gestão de projetos envolvendo áreas multidisciplinares da empresa.","2"
"2024","desafio_gestor","Área da Saúde","de 501 a 1.000","Conseguir processar e armazenar um alto volume de dados.","2"
"2024","desafio_gestor","Educação","Acima de 3.000","Gestão de projetos envolvendo áreas multidisciplinares da empresa.","2"
"2024","desafio_gestor","Área da Saúde","Acima de 3.000","em meio ao crescimento da empresa.","2"
"2024","desafio_gestor","Educação","de 501 a 1.000","Convencer a empresa a aumentar os investimentos na área de dados.","2"
"2024","desafio_gestor","Indústria","de 1 a 5","Organizar as informações e garantir a qualidade e confiabilidade.","2"
"2024","desafio_gestor","Internet/Ecommerce","de 1 a 5","Convencer a empresa a aumentar os investimentos na área de dados.","2"
"2024","desafio_gestor","Educação","Acima de 3.000","Garantir retorno do investimento (ROI) em projetos de dados.","2"
"2024","desafio_gestor","Marketing","Acima de 3.000","Gerenciar a expectativa das áreas de negócio em relação as entregas das equipes de dados.","2"
"2024","desafio_gestor","Educação","de 1.001 a 3.000","Conseguir gerar valor para as áreas de negócios através de estudos e experimentos.","2"
"2024","desafio_gestor","Finanças ou Bancos","de 6 a 10","Gerenciar a expectativa das áreas de negócio em relação as entregas das equipes de dados.","2"
"2024","desafio_gestor","Indústria","de 51 a 100","Contratar novos talentos.","2"
"2024","desafio_gestor","Outra Opção","de 501 a 1.000","Conseguir gerar valor para as áreas de negócios através de estudos e experimentos.","2"
"2024","desafio_gestor","Área de Consultoria","Acima de 3.000","Conseguir levar inovação para a empresa através dos dados.","2"
"2024","desafio_gestor","Outra Opção","de 1.001 a 3.000","Convencer a empresa a aumentar os investimentos na área de dados.","2"
"2024","desafio_gestor","Setor Imobiliário/ Construção Civil","de 51 a 100","Convencer a empresa a aumentar os investimentos na área de dados.","2"
"2024","desafio_gestor","Varejo","de 1.001 a 3.000","Contratar novos talentos.","2"
"2024","desafio_gestor","Varejo","Acima de 3.000","Conseguir processar e armazenar um alto volume de dados.","2"
"2024","desafio_gestor","Agronegócios","de 101 a 500","Organizar as informações e garantir a qualidade e confiabilidade.","2"
"2024","desafio_gestor","Setor Público","Acima de 3.000","Gestão de projetos envolvendo áreas multidisciplinares da empresa.","2"
"2024","desafio_gestor","Varejo","Acima de 3.000","Desenvolver e manter modelos Machine Learning em produção.","2"
"2024","desafio_gestor","Finanças ou Bancos","de 501 a 1.000","Convencer a empresa a aumentar os investimentos na área de dados.","2"
"2024","desafio_gestor","Área da Saúde","de 11 a 50","Gerenciar a expectativa das áreas de negócio em relação as entregas das equipes de dados.","2"
"2024","desafio_gestor","Outra Opção","de 51 a 100","Garantir retorno do investimento (ROI) em projetos de dados.","2"
"2024","desafio_gestor","Outra Opção","de 501 a 1.000","Garantir a manutenção dos projetos e modelos em produção","2"
"2024","desafio_gestor","Finanças ou Bancos","de 51 a 100","em meio ao crescimento da empresa.","2"
"2024","desafio_gestor","Tecnologia/Fábrica de Software","de 501 a 1.000","Conseguir gerar valor para as áreas de negócios através de estudos e experimentos.","2"
"2024","desafio_gestor","Setor Automotivo","Acima de 3.000","Reter talentos.","2"
"2024","desafio_gestor","Tecnologia/Fábrica de Software","de 501 a 1.000","Organizar as informações e garantir a qualidade e confiabilidade.","2"
"2024","desafio_gestor","Outra Opção","de 11 a 50","Gerenciar a expectativa das áreas de negócio em relação as entregas das equipes de dados.","2"
"2024","desafio_gestor","Internet/Ecommerce","de 101 a 500","Conseguir gerar valor para as áreas de negócios através de estudos e experimentos.","2"
"2024","desafio_gestor","Tecnologia/Fábrica de Software","de 101 a 500","Conseguir processar e armazenar um alto volume de dados.","2"
"2024","desafio_gestor","Área de Consultoria","de 101 a 500","Gestão de projetos envolvendo áreas multidisciplinares da empresa.","2"
"2024","desafio_gestor","Agronegócios","de 11 a 50","Conseguir gerar valor para as áreas de negócios através de estudos e experimentos.","2"
"2024","desafio_gestor","Área de Consultoria","de 11 a 50","Garantir a manutenção dos projetos e modelos em produção","2"
"2024","desafio_gestor","Setor Alimentício","de 101 a 500","Dividir o tempo entre entregas técnicas e gestão de pessoas.","2"
"2024","desafio_gestor","Finanças ou Bancos","de 6 a 10","Garantir retorno do investimento (ROI) em projetos de dados.","2"
"2024","desafio_gestor","Finanças ou Bancos","de 101 a 500","Reter talentos.","2"
"2024","desafio_gestor","Educação","de 101 a 500","Garantir retorno do investimento (ROI) em projetos de dados.","2"
"2024","desafio_gestor","Educação","de 101 a 500","em meio ao crescimento da empresa.","2"
"2024","desafio_gestor","Marketing","de 11 a 50","Dividir o tempo entre entregas técnicas e gestão de pessoas.","2"
"2024","desafio_gestor","Marketing","de 1 a 5","Conseguir levar inovação para a empresa através dos dados.","2"
"2024","desafio_gestor","Outra Opção","de 51 a 100","Organizar as informações e garantir a qualidade e confiabilidade.","2"
"2024","desafio_gestor","Finanças ou Bancos","de 1.001 a 3.000","Conseguir levar inovação para a empresa através dos dados.","2"
"2024","desafio_gestor","Indústria","de 11 a 50","Conseguir gerar valor para as áreas de negócios através de estudos e experimentos.","2"
"2024","desafio_gestor","Educação","de 501 a 1.000","Organizar as informações e garantir a qualidade e confiabilidade.","2"
"2024","desafio_gestor","Entretenimento ou Esportes","Acima de 3.000","Contratar novos talentos.","2"
"2024","desafio_gestor","Setor Imobiliário/ Construção Civil","de 1.001 a 3.000","Organizar as informações e garantir a qualidade e confiabilidade.","2"
"2024","desafio_gestor","Área da Saúde","de 501 a 1.000","Organizar as informações e garantir a qualidade e confiabilidade.","2"
"2024","desafio_gestor","Área da Saúde","de 501 a 1.000","Dividir o tempo entre entregas técnicas e gestão de pessoas.","2"
"2024","desafio_gestor","Finanças ou Bancos","de 51 a 100","Dividir o tempo entre entregas técnicas e gestão de pessoas.","2"
"2024","desafio_gestor","Setor de Energia","Acima de 3.000","Reter talentos.","2"
"2024","desafio_gestor","Varejo","de 1.001 a 3.000","Gerenciar a expectativa das áreas de negócio em relação as entregas das equipes de dados.","2"
"2024","desafio_gestor","Indústria","de 1.001 a 3.000","Garantir retorno do investimento (ROI) em projetos de dados.","2"
"2024","desafio_gestor","Área de Consultoria","de 101 a 500","Conseguir gerar valor para as áreas de negócios através de estudos e experimentos.","2"
"2024","desafio_gestor","Educação","Acima de 3.000","Gerenciar a expectativa das áreas de negócio em relação as entregas das equipes de dados.","2"
"2024","desafio_gestor","Área de Consultoria","de 501 a 1.000","Reter talentos.","2"
"2024","desafio_gestor","Marketing","de 51 a 100","Gerenciar a expectativa das áreas de negócio em relação as entregas das equipes de dados.","2"
"2024","desafio_gestor","Seguros ou Previdência","Acima de 3.000","Convencer a empresa a aumentar os investimentos na área de dados.","2"
"2024","desafio_gestor","Setor Público","de 501 a 1.000","Reter talentos.","2"
"2024","desafio_gestor","Finanças ou Bancos","de 11 a 50","Garantir a manutenção dos projetos e modelos em produção","2"
"2024","desafio_gestor","Tecnologia/Fábrica de Software","de 1 a 5","Organizar as informações e garantir a qualidade e confiabilidade.","2"
"2024","desafio_gestor","Educação","de 51 a 100","Gerenciar a expectativa das áreas de negócio em relação as entregas das equipes de dados.","2"
"2024","desafio_gestor","Área da Saúde","de 101 a 500","Garantir a manutenção dos projetos e modelos em produção","2"
"2024","desafio_gestor","Varejo","de 101 a 500","Conseguir levar inovação para a empresa através dos dados.","2"
"2024","desafio_gestor","Tecnologia/Fábrica de Software","de 1 a 5","Conseguir levar inovação para a empresa através dos dados.","2"
"2024","desafio_gestor","Área da Saúde","de 1.001 a 3.000","Gerenciar a expectativa das áreas de negócio em relação as entregas das equipes de dados.","2"
"2024","desafio_gestor","Tecnologia/Fábrica de Software","de 1.001 a 3.000","Contratar novos talentos.","2"
"2024","desafio_gestor","Internet/Ecommerce","de 1.001 a 3.000","Convencer a empresa a aumentar os investimentos na área de dados.","2"
"2024","desafio_gestor","Indústria","de 1 a 5","Conseguir gerar valor para as áreas de negócios através de estudos e experimentos.","2"
"2024","desafio_gestor","Educação","de 51 a 100","Conseguir gerar valor para as áreas de negócios através de estudos e experimentos.","2"
"2024","desafio_gestor","Marketing","de 1 a 5","Gerenciar a expectativa das áreas de negócio em relação as entregas das equipes de dados.","2"
"2024","desafio_gestor","Setor Público","Acima de 3.000","Gestão de equipes no ambiente remoto.","2"
"2024","desafio_gestor","Área da Saúde","Acima de 3.000","Garantir a manutenção dos projetos e modelos em produção","2"
"2024","desafio_gestor","Área de Consultoria","de 11 a 50","Reter talentos.","2"
"2024","desafio_gestor","Seguros ou Previdência","Acima de 3.000","Conseguir levar inovação para a empresa através dos dados.","2"
"2024","desafio_gestor","Outra Opção","de 101 a 500","Convencer a empresa a aumentar os investimentos na área de dados.","2"
"2024","desafio_gestor","Área de Consultoria","de 501 a 1.000","Convencer a empresa a aumentar os investimentos na área de dados.","2"
"2024","desafio_gestor","Área de Consultoria","de 1 a 5","Organizar as informações e garantir a qualidade e confiabilidade.","2"
"2024","desafio_gestor","Finanças ou Bancos","de 1 a 5","Gestão de projetos envolvendo áreas multidisciplinares da empresa.","1"
"2024","desafio_gestor","Educação","de 101 a 500","Conseguir gerar valor para as áreas de negócios através de estudos e experimentos.","1"
"2024","desafio_gestor","Internet/Ecommerce","de 1.001 a 3.000","Contratar novos talentos.","1"
"2024","desafio_gestor","Área de Consultoria","de 1.001 a 3.000","Conseguir gerar valor para as áreas de negócios através de estudos e experimentos.","1"
"2024","desafio_gestor","Internet/Ecommerce","de 11 a 50","Desenvolver e manter modelos Machine Learning em produção.","1"
"2024","desafio_gestor","Setor Público","de 1.001 a 3.000","Gestão de equipes no ambiente remoto.","1"
"2024","desafio_gestor","Indústria","de 501 a 1.000","Convencer a empresa a aumentar os investimentos na área de dados.","1"
"2024","desafio_gestor","Internet/Ecommerce","de 6 a 10","Conseguir gerar valor para as áreas de negócios através de estudos e experimentos.","1"
"2024","desafio_gestor","Indústria","de 51 a 100","Gerenciar a expectativa das áreas de negócio em relação as entregas das equipes de dados.","1"
"2024","desafio_gestor","Tecnologia/Fábrica de Software","de 1 a 5","Conseguir processar e armazenar um alto volume de dados.","1"
"2024","desafio_gestor","Finanças ou Bancos","de 1 a 5","Contratar novos talentos.","1"
"2024","desafio_gestor","Setor Público","de 501 a 1.000","Dividir o tempo entre entregas técnicas e gestão de pessoas.","1"
"2024","desafio_gestor","Seguros ou Previdência","Acima de 3.000","Contratar novos talentos.","1"
"2024","desafio_gestor","Outra Opção","de 101 a 500","Garantir a manutenção dos projetos e modelos em produção","1"
"2024","desafio_gestor","Educação","de 1.001 a 3.000","em meio ao crescimento da empresa.","1"
"2024","desafio_gestor","Finanças ou Bancos","de 101 a 500","Contratar novos talentos.","1"
"2024","desafio_gestor","Setor Automotivo","Acima de 3.000","Gestão de equipes no ambiente remoto.","1"
"2024","desafio_gestor","Área de Consultoria","de 51 a 100","Convencer a empresa a aumentar os investimentos na área de dados.","1"
"2024","desafio_gestor","Finanças ou Bancos","de 1.001 a 3.000","Conseguir processar e armazenar um alto volume de dados.","1"
"2024","desafio_gestor","Finanças ou Bancos","de 1.001 a 3.000","Desenvolver e manter modelos Machine Learning em produção.","1"
"2024","desafio_gestor","Setor Alimentício","Acima de 3.000","Gestão de equipes no ambiente remoto.","1"
"2024","desafio_gestor","Seguros ou Previdência","Acima de 3.000","Gerenciar a expectativa das áreas de negócio em relação as entregas das equipes de dados.","1"
"2024","desafio_gestor","Agronegócios","de 1 a 5","Garantir retorno do investimento (ROI) em projetos de dados.","1"
"2024","desafio_gestor","Setor Alimentício","de 11 a 50","Contratar novos talentos.","1"
"2024","desafio_gestor","Setor Imobiliário/ Construção Civil","de 51 a 100","Gestão de equipes no ambiente remoto.","1"
"2024","desafio_gestor","Área de Consultoria","de 11 a 50","Gestão de projetos envolvendo áreas multidisciplinares da empresa.","1"
"2024","desafio_gestor","Finanças ou Bancos","de 6 a 10","Conseguir levar inovação para a empresa através dos dados.","1"
"2024","desafio_gestor","Setor Alimentício","de 11 a 50","Dividir o tempo entre entregas técnicas e gestão de pessoas.","1"
"2024","desafio_gestor","Internet/Ecommerce","de 51 a 100","Garantir retorno do investimento (ROI) em projetos de dados.","1"
"2024","desafio_gestor","Agronegócios","Acima de 3.000","em meio ao crescimento da empresa.","1"
"2024","desafio_gestor","Telecomunicação","de 501 a 1.000","Conseguir gerar valor para as áreas de negócios através de estudos e experimentos.","1"
"2024","desafio_gestor","Internet/Ecommerce","de 101 a 500","Garantir retorno do investimento (ROI) em projetos de dados.","1"
"2024","desafio_gestor","Varejo","de 1 a 5","Dividir o tempo entre entregas técnicas e gestão de pessoas.","1"
"2024","desafio_gestor","Seguros ou Previdência","de 101 a 500","Gestão de projetos envolvendo áreas multidisciplinares da empresa.","1"
"2024","desafio_gestor","Setor de Energia","Acima de 3.000","Convencer a empresa a aumentar os investimentos na área de dados.","1"
"2024","desafio_gestor","Área de Consultoria","de 1 a 5","Desenvolver e manter modelos Machine Learning em produção.","1"
"2024","desafio_gestor","Marketing","de 1 a 5","Contratar novos talentos.","1"
"2024","desafio_gestor","Setor Automotivo","de 1.001 a 3.000","Gestão de projetos envolvendo áreas multidisciplinares da empresa.","1"
"2024","desafio_gestor","Indústria","de 51 a 100","Conseguir levar inovação para a empresa através dos dados.","1"
"2024","desafio_gestor","Educação","Acima de 3.000","Garantir a manutenção dos projetos e modelos em produção","1"
"2024","desafio_gestor","Telecomunicação","de 51 a 100","Conseguir levar inovação para a empresa através dos dados.","1"
"2024","desafio_gestor","Setor Público","Acima de 3.000","Não trabalho com dados","1"
"2024","desafio_gestor","Área de Consultoria","de 501 a 1.000","Conseguir processar e armazenar um alto volume de dados.","1"
"2024","desafio_gestor","Entretenimento ou Esportes","de 11 a 50","Organizar as informações e garantir a qualidade e confiabilidade.","1"
"2024","desafio_gestor","Setor Alimentício","de 1.001 a 3.000","Garantir a manutenção dos projetos e modelos em produção","1"
"2024","desafio_gestor","Indústria","de 101 a 500","Nenhuma opção acima e difícil responder...","1"
"2024","desafio_gestor","Agronegócios","de 6 a 10","Gestão de equipes no ambiente remoto.","1"
"2024","desafio_gestor","Setor Público","de 1.001 a 3.000","Organizar as informações e garantir a qualidade e confiabilidade.","1"
"2024","desafio_gestor","Setor Imobiliário/ Construção Civil","de 501 a 1.000","Desenvolver e manter modelos Machine Learning em produção.","1"
"2024","desafio_gestor","Setor de Energia","Acima de 3.000","Organizar as informações e garantir a qualidade e confiabilidade.","1"
"2024","desafio_gestor","Área da Saúde","de 1.001 a 3.000","Conseguir levar inovação para a empresa através dos dados.","1"
"2024","desafio_gestor","Agronegócios","de 101 a 500","Conseguir gerar valor para as áreas de negócios através de estudos e experimentos.","1"
"2024","desafio_gestor","Marketing","Acima de 3.000","Reter talentos.","1"
"2024","desafio_gestor","Agronegócios","Acima de 3.000","Gerenciar a expectativa das áreas de negócio em relação as entregas das equipes de dados.","1"
"2024","desafio_gestor","Área de Consultoria","de 11 a 50","Desenvolver e manter modelos Machine Learning em produção.","1"
"2024","desafio_gestor","Outra Opção","de 1.001 a 3.000","Contratar novos talentos.","1"
"2024","desafio_gestor","Área da Saúde","de 501 a 1.000","em meio ao crescimento da empresa.","1"
"2024","desafio_gestor","Finanças ou Bancos","Acima de 3.000","Trazer a Visão de Produtos para o mundo de dados","1"
"2024","desafio_gestor","Telecomunicação","Acima de 3.000","Criar uma cultura DataDriven","1"
"2024","desafio_gestor","Indústria","de 101 a 500","Gestão de projetos envolvendo áreas multidisciplinares da empresa.","1"
"2024","desafio_gestor","Agronegócios","de 11 a 50","Organizar as informações e garantir a qualidade e confiabilidade.","1"
"2024","desafio_gestor","Educação","de 11 a 50","Conseguir levar inovação para a empresa através dos dados.","1"
"2024","desafio_gestor","Filantropia/ONG's","de 11 a 50","Gerenciar a expectativa das áreas de negócio em relação as entregas das equipes de dados.","1"
"2024","desafio_gestor","Tecnologia/Fábrica de Software","de 6 a 10","Gestão de equipes no ambiente remoto.","1"
"2024","desafio_gestor","Educação","de 51 a 100","Dividir o tempo entre entregas técnicas e gestão de pessoas.","1"
"2024","desafio_gestor","Setor Automotivo","de 101 a 500","Contratar novos talentos.","1"
"2024","desafio_gestor","Setor Farmaceutico","Acima de 3.000","Contratar novos talentos.","1"
"2024","desafio_gestor","Telecomunicação","de 51 a 100","Dividir o tempo entre entregas técnicas e gestão de pessoas.","1"
"2024","desafio_gestor","Setor Público","de 1.001 a 3.000","Contratar novos talentos.","1"
"2024","desafio_gestor","Educação","de 11 a 50","Contratar novos talentos.","1"
"2024","desafio_gestor","Marketing","de 501 a 1.000","Garantir a manutenção dos projetos e modelos em produção","1"
"2024","desafio_gestor","Internet/Ecommerce","Acima de 3.000","Desenvolver e manter modelos Machine Learning em produção.","1"
"2024","desafio_gestor","Agronegócios","de 101 a 500","Dividir o tempo entre entregas técnicas e gestão de pessoas.","1"
"2024","desafio_gestor","Setor Imobiliário/ Construção Civil","Acima de 3.000","Contratar novos talentos.","1"
"2024","desafio_gestor","Indústria","de 501 a 1.000","em meio ao crescimento da empresa.","1"
"2024","desafio_gestor","Internet/Ecommerce","de 11 a 50","Convencer a empresa a aumentar os investimentos na área de dados.","1"
"2024","desafio_gestor","Tecnologia/Fábrica de Software","de 11 a 50","Conseguir processar e armazenar um alto volume de dados.","1"
"2024","desafio_gestor","Indústria","de 501 a 1.000","Conseguir gerar valor para as áreas de negócios através de estudos e experimentos.","1"
"2024","desafio_gestor","Setor Automotivo","de 501 a 1.000","Conseguir levar inovação para a empresa através dos dados.","1"
"2024","desafio_gestor","Setor Imobiliário/ Construção Civil","de 1.001 a 3.000","Gestão de projetos envolvendo áreas multidisciplinares da empresa.","1"
"2024","desafio_gestor","Área de Consultoria","de 501 a 1.000","Gerenciar a expectativa das áreas de negócio em relação as entregas das equipes de dados.","1"
"2024","desafio_gestor","Setor de Energia","de 1.001 a 3.000","Reter talentos.","1"
"2024","desafio_gestor","Filantropia/ONG's","de 501 a 1.000","Reter talentos.","1"
"2024","desafio_gestor","Finanças ou Bancos","de 51 a 100","Gerenciar a expectativa das áreas de negócio em relação as entregas das equipes de dados.","1"
"2024","desafio_gestor","Setor Imobiliário/ Construção Civil","de 501 a 1.000","Gestão de projetos envolvendo áreas multidisciplinares da empresa.","1"
"2024","desafio_gestor","Setor de Energia","de 1.001 a 3.000","Conseguir levar inovação para a empresa através dos dados.","1"
"2024","desafio_gestor","Tecnologia/Fábrica de Software","de 501 a 1.000","Desenvolver e manter modelos Machine Learning em produção.","1"
"2024","desafio_gestor","Tecnologia/Fábrica de Software","de 6 a 10","em meio ao crescimento da empresa.","1"
"2024","desafio_gestor","Marketing","de 101 a 500","Desenvolver e manter modelos Machine Learning em produção.","1"
"2024","desafio_gestor","Seguros ou Previdência","de 101 a 500","Conseguir levar inovação para a empresa através dos dados.","1"
"2024","desafio_gestor","Setor Público","de 1.001 a 3.000","Dividir o tempo entre entregas técnicas e gestão de pessoas.","1"
"2024","desafio_gestor","Educação","de 11 a 50","Gerenciar a expectativa das áreas de negócio em relação as entregas das equipes de dados.","1"
"2024","desafio_gestor","Indústria","de 11 a 50","Organizar as informações e garantir a qualidade e confiabilidade.","1"
"2024","desafio_gestor","Outra Opção","de 6 a 10","Organizar as informações e garantir a qualidade e confiabilidade.","1"
"2024","desafio_gestor","Telecomunicação","de 1.001 a 3.000","Conseguir levar inovação para a empresa através dos dados.","1"
"2024","desafio_gestor","Internet/Ecommerce","de 1 a 5","em meio ao crescimento da empresa.","1"
"2024","desafio_gestor","Tecnologia/Fábrica de Software","de 101 a 500","Convencer a empresa a aumentar os investimentos na área de dados.","1"
"2024","desafio_gestor","Finanças ou Bancos","de 6 a 10","Conseguir gerar valor para as áreas de negócios através de estudos e experimentos.","1"
"2024","desafio_gestor","Indústria","de 501 a 1.000","Contratar novos talentos.","1"
"2024","desafio_gestor","Área da Saúde","de 1.001 a 3.000","Garantir a manutenção dos projetos e modelos em produção","1"
"2024","desafio_gestor","Indústria","de 11 a 50","Desenvolver e manter modelos Machine Learning em produção.","1"
"2024","desafio_gestor","Educação","de 11 a 50","Conseguir gerar valor para as áreas de negócios através de estudos e experimentos.","1"
"2024","desafio_gestor","Agronegócios","Acima de 3.000","Gestão de equipes no ambiente remoto.","1"
"2024","desafio_gestor","Outra Opção","de 6 a 10","Conseguir levar inovação para a empresa através dos dados.","1"
"2024","desafio_gestor","Área de Consultoria","de 501 a 1.000","Garantir a manutenção dos projetos e modelos em produção","1"
"2024","desafio_gestor","Telecomunicação","de 101 a 500","Garantir a manutenção dos projetos e modelos em produção","1"
"2024","desafio_gestor","Entretenimento ou Esportes","de 1.001 a 3.000","Gerenciar a expectativa das áreas de negócio em relação as entregas das equipes de dados.","1"
"2024","desafio_gestor","Telecomunicação","de 101 a 500","Gerenciar a expectativa das áreas de negócio em relação as entregas das equipes de dados.","1"
"2024","desafio_gestor","Marketing","de 6 a 10","Reter talentos.","1"
"2024","desafio_gestor","Educação","de 1.001 a 3.000","Conseguir processar e armazenar um alto volume de dados.","1"
"2024","desafio_gestor","Internet/Ecommerce","de 51 a 100","Convencer a empresa a aumentar os investimentos na área de dados.","1"
"2024","desafio_gestor","Indústria","de 101 a 500","Contratar novos talentos.","1"
"2024","desafio_gestor","Setor Imobiliário/ Construção Civil","de 1 a 5","Dividir o tempo entre entregas técnicas e gestão de pessoas.","1"
"2024","desafio_gestor","Marketing","de 501 a 1.000","Convencer a empresa a aumentar os investimentos na área de dados.","1"
"2024","desafio_gestor","Tecnologia/Fábrica de Software","de 1.001 a 3.000","então os desafios ainda não estão claros.","1"
"2024","desafio_gestor","Área da Saúde","de 101 a 500","Conseguir gerar valor para as áreas de negócios através de estudos e experimentos.","1"
"2024","desafio_gestor","Seguros ou Previdência","de 11 a 50","Conseguir gerar valor para as áreas de negócios através de estudos e experimentos.","1"
"2024","desafio_gestor","Área de Consultoria","de 1 a 5","Gerenciar a expectativa das áreas de negócio em relação as entregas das equipes de dados.","1"
"2024","desafio_gestor","Filantropia/ONG's","de 1 a 5","Garantir a manutenção dos projetos e modelos em produção","1"
"2024","desafio_gestor","Tecnologia/Fábrica de Software","de 6 a 10","Conseguir processar e armazenar um alto volume de dados.","1"
"2024","desafio_gestor","Internet/Ecommerce","de 1 a 5","Garantir a manutenção dos projetos e modelos em produção","1"
"2024","desafio_gestor","Indústria","de 1.001 a 3.000","em meio ao crescimento da empresa.","1"
"2024","desafio_gestor","Indústria","de 1.001 a 3.000","Garantir a manutenção dos projetos e modelos em produção","1"
"2024","desafio_gestor","Marketing","de 1 a 5","Gestão de equipes no ambiente remoto.","1"
"2024","desafio_gestor","Marketing","de 51 a 100","Conseguir gerar valor para as áreas de negócios através de estudos e experimentos.","1"
"2024","desafio_gestor","Setor Alimentício","de 101 a 500","Conseguir processar e armazenar um alto volume de dados.","1"
"2024","desafio_gestor","Marketing","Acima de 3.000","Garantir a manutenção dos projetos e modelos em produção","1"
"2024","desafio_gestor","Área da Saúde","de 1.001 a 3.000","Garantir retorno do investimento (ROI) em projetos de dados.","1"
"2024","desafio_gestor","Telecomunicação","Acima de 3.000","Gestão de equipes no ambiente remoto.","1"
"2024","desafio_gestor","Finanças ou Bancos","de 11 a 50","Garantir retorno do investimento (ROI) em projetos de dados.","1"
"2024","desafio_gestor","Marketing","de 11 a 50","Garantir a manutenção dos projetos e modelos em produção","1"
"2024","desafio_gestor","Setor de Energia","Acima de 3.000","Conseguir levar inovação para a empresa através dos dados.","1"
"2024","desafio_gestor","Área da Saúde","de 1.001 a 3.000","Dividir o tempo entre entregas técnicas e gestão de pessoas.","1"
"2024","desafio_gestor","Área da Saúde","de 1.001 a 3.000","Conseguir processar e armazenar um alto volume de dados.","1"
"2024","desafio_gestor","Marketing","de 11 a 50","Organizar as informações e garantir a qualidade e confiabilidade.","1"
"2024","desafio_gestor","Outra Opção","de 1.001 a 3.000","Reter talentos.","1"
"2024","desafio_gestor","Agronegócios","de 6 a 10","Organizar as informações e garantir a qualidade e confiabilidade.","1"
"2024","desafio_gestor","Varejo","de 501 a 1.000","Conseguir gerar valor para as áreas de negócios através de estudos e experimentos.","1"
"2024","desafio_gestor","Setor Imobiliário/ Construção Civil","de 1.001 a 3.000","Contratar novos talentos.","1"
"2024","desafio_gestor","Varejo","de 501 a 1.000","Reter talentos.","1"
"2024","desafio_gestor","Educação","de 1 a 5","Desenvolver e manter modelos Machine Learning em produção.","1"
"2024","desafio_gestor","Varejo","de 101 a 500","Contratar novos talentos.","1"
"2024","desafio_gestor","Setor Alimentício","de 11 a 50","Conseguir gerar valor para as áreas de negócios através de estudos e experimentos.","1"
"2024","desafio_gestor","Indústria","de 1 a 5","Gerenciar a expectativa das áreas de negócio em relação as entregas das equipes de dados.","1"
"2024","desafio_gestor","Setor Imobiliário/ Construção Civil","de 501 a 1.000","Gerenciar a expectativa das áreas de negócio em relação as entregas das equipes de dados.","1"
"2024","desafio_gestor","Telecomunicação","de 51 a 100","Convencer a empresa a aumentar os investimentos na área de dados.","1"
"2024","desafio_gestor","Setor Automotivo","de 6 a 10","Garantir retorno do investimento (ROI) em projetos de dados.","1"
"2024","desafio_gestor","Varejo","de 1 a 5","Conseguir gerar valor para as áreas de negócios através de estudos e experimentos.","1"
"2024","desafio_gestor","Internet/Ecommerce","de 11 a 50","Organizar as informações e garantir a qualidade e confiabilidade.","1"
"2024","desafio_gestor","Setor Público","Acima de 3.000","Conseguir processar e armazenar um alto volume de dados.","1"
"2024","desafio_gestor","Marketing","de 11 a 50","Gestão de projetos envolvendo áreas multidisciplinares da empresa.","1"
"2024","desafio_gestor","Agronegócios","Acima de 3.000","Garantir a manutenção dos projetos e modelos em produção","1"
"2024","desafio_gestor","Internet/Ecommerce","de 1.001 a 3.000","Garantir retorno do investimento (ROI) em projetos de dados.","1"
"2024","desafio_gestor","Seguros ou Previdência","de 101 a 500","Reter talentos.","1"
"2024","desafio_gestor","Área de Consultoria","de 501 a 1.000","Conseguir gerar valor para as áreas de negócios através de estudos e experimentos.","1"
"2024","desafio_gestor","Setor Alimentício","Acima de 3.000","assim param de pedir unicamente dashboard","1"
"2024","desafio_gestor","Seguros ou Previdência","de 11 a 50","Gerenciar a expectativa das áreas de negócio em relação as entregas das equipes de dados.","1"
"2024","desafio_gestor","Finanças ou Bancos","de 501 a 1.000","Conseguir processar e armazenar um alto volume de dados.","1"
"2024","desafio_gestor","Telecomunicação","Acima de 3.000","Conseguir gerar valor para as áreas de negócios através de estudos e experimentos.","1"
"2024","desafio_gestor","Tecnologia/Fábrica de Software","de 6 a 10","Garantir a manutenção dos projetos e modelos em produção","1"
"2024","desafio_gestor","Seguros ou Previdência","de 101 a 500","Convencer a empresa a aumentar os investimentos na área de dados.","1"
"2024","desafio_gestor","Varejo","de 1.001 a 3.000","Organizar as informações e garantir a qualidade e confiabilidade.","1"
"2024","desafio_gestor","Outra Opção","de 101 a 500","Gestão de equipes no ambiente remoto.","1"
"2024","desafio_gestor","Área de Consultoria","de 6 a 10","em meio ao crescimento da empresa.","1"
"2024","desafio_gestor","Setor Imobiliário/ Construção Civil","de 101 a 500","Organizar as informações e garantir a qualidade e confiabilidade.","1"
"2024","desafio_gestor","Setor Imobiliário/ Construção Civil","de 101 a 500","Conseguir gerar valor para as áreas de negócios através de estudos e experimentos.","1"
"2024","desafio_gestor","Internet/Ecommerce","de 51 a 100","Conseguir gerar valor para as áreas de negócios através de estudos e experimentos.","1"
"2024","desafio_gestor","Setor Automotivo","de 101 a 500","Reter talentos.","1"
"2024","desafio_gestor","Educação","de 501 a 1.000","Conseguir levar inovação para a empresa através dos dados.","1"
"2024","desafio_gestor","Setor de Energia","de 51 a 100","Garantir a manutenção dos projetos e modelos em produção","1"
"2024","desafio_gestor","Área de Consultoria","de 11 a 50","Garantir retorno do investimento (ROI) em projetos de dados.","1"
"2024","desafio_gestor","Setor Alimentício","de 1.001 a 3.000","em meio ao crescimento da empresa.","1"
"2024","desafio_gestor","Setor Automotivo","de 101 a 500","Convencer a empresa a aumentar os investimentos na área de dados.","1"
"2024","desafio_gestor","Setor Imobiliário/ Construção Civil","de 51 a 100","Garantir a manutenção dos projetos e modelos em produção","1"
"2024","desafio_gestor","Seguros ou Previdência","de 51 a 100","Gerenciar a expectativa das áreas de negócio em relação as entregas das equipes de dados.","1"
"2024","desafio_gestor","Setor Imobiliário/ Construção Civil","de 501 a 1.000","Reter talentos.","1"
"2024","desafio_gestor","Filantropia/ONG's","de 11 a 50","Desenvolver e manter modelos Machine Learning em produção.","1"
"2024","desafio_gestor","Agronegócios","de 11 a 50","Gerenciar a expectativa das áreas de negócio em relação as entregas das equipes de dados.","1"
"2024","desafio_gestor","Área de Consultoria","de 501 a 1.000","Contratar novos talentos.","1"
"2024","desafio_gestor","Área de Consultoria","de 6 a 10","Garantir a manutenção dos projetos e modelos em produção","1"
"2024","desafio_gestor","Setor Público","de 1.001 a 3.000","Convencer a empresa a aumentar os investimentos na área de dados.","1"
"2024","desafio_gestor","Outra Opção","de 1.001 a 3.000","Gestão de equipes no ambiente remoto.","1"
"2024","desafio_gestor","Indústria","de 1 a 5","Contratar novos talentos.","1"
"2024","desafio_gestor","Outra Opção","de 1 a 5","Garantir retorno do investimento (ROI) em projetos de dados.","1"
"2024","desafio_gestor","Área da Saúde","de 501 a 1.000","Convencer a empresa a aumentar os investimentos na área de dados.","1"
"2024","desafio_gestor","Área da Saúde","de 11 a 50","Gestão de projetos envolvendo áreas multidisciplinares da empresa.","1"
"2024","desafio_gestor","Setor Alimentício","de 501 a 1.000","Gerenciar a expectativa das áreas de negócio em relação as entregas das equipes de dados.","1"
"2024","desafio_gestor","Tecnologia/Fábrica de Software","de 51 a 100","Conseguir processar e armazenar um alto volume de dados.","1"
"2024","desafio_gestor","Telecomunicação","de 101 a 500","Conseguir levar inovação para a empresa através dos dados.","1"
"2024","desafio_gestor","Filantropia/ONG's","de 1 a 5","em meio ao crescimento da empresa.","1"
"2024","desafio_gestor","Indústria","de 501 a 1.000","Conseguir levar inovação para a empresa através dos dados.","1"
"2024","desafio_gestor","Setor Farmaceutico","Acima de 3.000","Organizar as informações e garantir a qualidade e confiabilidade.","1"
"2024","desafio_gestor","Área de Consultoria","de 101 a 500","Convencer a empresa a aumentar os investimentos na área de dados.","1"
"2024","desafio_gestor","Setor Público","de 501 a 1.000","Gestão de projetos envolvendo áreas multidisciplinares da empresa.","1"
"2024","desafio_gestor","Marketing","de 101 a 500","Garantir retorno do investimento (ROI) em projetos de dados.","1"
"2024","desafio_gestor","Varejo","de 11 a 50","Conseguir levar inovação para a empresa através dos dados.","1"
"2024","desafio_gestor","Internet/Ecommerce","de 51 a 100","em meio ao crescimento da empresa.","1"
"2024","desafio_gestor","Outra Opção","de 1 a 5","Conseguir gerar valor para as áreas de negócios através de estudos e experimentos.","1"
"2024","desafio_gestor","Setor Imobiliário/ Construção Civil","de 501 a 1.000","Garantir retorno do investimento (ROI) em projetos de dados.","1"
"2024","desafio_gestor","Marketing","de 501 a 1.000","em meio ao crescimento da empresa.","1"
"2024","desafio_gestor","Setor Automotivo","Acima de 3.000","em meio ao crescimento da empresa.","1"
"2024","desafio_gestor","Outra Opção","de 501 a 1.000","Gerenciar a expectativa das áreas de negócio em relação as entregas das equipes de dados.","1"
"2024","desafio_gestor","Finanças ou Bancos","de 11 a 50","Gerenciar a expectativa das áreas de negócio em relação as entregas das equipes de dados.","1"
"2024","desafio_gestor","Seguros ou Previdência","de 101 a 500","Gerenciar a expectativa das áreas de negócio em relação as entregas das equipes de dados.","1"
"2024","desafio_gestor","Setor Público","de 501 a 1.000","Gerenciar a expectativa das áreas de negócio em relação as entregas das equipes de dados.","1"
"2024","desafio_gestor","Agronegócios","de 6 a 10","Gestão de projetos envolvendo áreas multidisciplinares da empresa.","1"
"2024","desafio_gestor","Varejo","de 101 a 500","em meio ao crescimento da empresa.","1"
"2024","desafio_gestor","Outra Opção","de 101 a 500","em meio ao crescimento da empresa.","1"
"2024","desafio_gestor","Outra Opção","de 1 a 5","Prefiro nao responder","1"
"2024","desafio_gestor","Indústria","de 11 a 50","Gerenciar a expectativa das áreas de negócio em relação as entregas das equipes de dados.","1"
"2024","desafio_gestor","Outra Opção","de 51 a 100","Convencer a empresa a aumentar os investimentos na área de dados.","1"
"2024","desafio_gestor","Área da Saúde","de 1 a 5","Garantir retorno do investimento (ROI) em projetos de dados.","1"
"2024","desafio_gestor","Entretenimento ou Esportes","de 101 a 500","Gestão de equipes no ambiente remoto.","1"
"2024","desafio_gestor","Área de Consultoria","de 501 a 1.000","em meio ao crescimento da empresa.","1"
"2024","desafio_gestor","Setor Público","Acima de 3.000","Desenvolver e manter modelos Machine Learning em produção.","1"
"2024","desafio_gestor","Telecomunicação","de 11 a 50","Dividir o tempo entre entregas técnicas e gestão de pessoas.","1"
"2024","desafio_gestor","Marketing","de 6 a 10","Convencer a empresa a aumentar os investimentos na área de dados.","1"
"2024","desafio_gestor","Agronegócios","de 11 a 50","Garantir retorno do investimento (ROI) em projetos de dados.","1"
"2024","desafio_gestor","Setor Público","de 101 a 500","Organizar as informações e garantir a qualidade e confiabilidade.","1"
"2024","desafio_gestor","Marketing","de 501 a 1.000","Gerenciar a expectativa das áreas de negócio em relação as entregas das equipes de dados.","1"
"2024","desafio_gestor","Outra Opção","de 501 a 1.000","Conseguir levar inovação para a empresa através dos dados.","1"
"2024","desafio_gestor","Varejo","de 1.001 a 3.000","Reter talentos.","1"
"2024","desafio_gestor","Outra Opção","de 1 a 5","Reter talentos.","1"
"2024","desafio_gestor","Finanças ou Bancos","de 1 a 5","Gerenciar a expectativa das áreas de negócio em relação as entregas das equipes de dados.","1"
"2024","desafio_gestor","Outra Opção","de 11 a 50","Garantir a manutenção dos projetos e modelos em produção","1"
"2024","desafio_gestor","Varejo","de 51 a 100","Gerenciar a expectativa das áreas de negócio em relação as entregas das equipes de dados.","1"
"2024","desafio_gestor","Internet/Ecommerce","de 51 a 100","Gerenciar a expectativa das áreas de negócio em relação as entregas das equipes de dados.","1"
"2024","desafio_gestor","Agronegócios","de 101 a 500","Gerenciar a expectativa das áreas de negócio em relação as entregas das equipes de dados.","1"
"2024","desafio_gestor","Setor Alimentício","de 101 a 500","em meio ao crescimento da empresa.","1"
"2024","desafio_gestor","Marketing","de 1 a 5","Desenvolver e manter modelos Machine Learning em produção.","1"
"2024","desafio_gestor","Área da Saúde","de 101 a 500","Gestão de projetos envolvendo áreas multidisciplinares da empresa.","1"
"2024","desafio_gestor","Tecnologia/Fábrica de Software","de 6 a 10","Contratar novos talentos.","1"
"2024","desafio_gestor","Setor Automotivo","de 6 a 10","Conseguir levar inovação para a empresa através dos dados.","1"
"2024","desafio_gestor","Telecomunicação","Acima de 3.000","Organizar as informações e garantir a qualidade e confiabilidade.","1"
"2024","desafio_gestor","Internet/Ecommerce","de 6 a 10","Organizar as informações e garantir a qualidade e confiabilidade.","1"
"2024","desafio_gestor","Marketing","Acima de 3.000","Organizar as informações e garantir a qualidade e confiabilidade.","1"
"2024","desafio_gestor","Varejo","de 101 a 500","Garantir retorno do investimento (ROI) em projetos de dados.","1"
"2024","desafio_gestor","Finanças ou Bancos","de 11 a 50","Conseguir levar inovação para a empresa através dos dados.","1"
"2024","desafio_gestor","Tecnologia/Fábrica de Software","de 1.001 a 3.000","Desenvolver e manter modelos Machine Learning em produção.","1"
"2024","desafio_gestor","Área da Saúde","de 1.001 a 3.000","Gestão de projetos envolvendo áreas multidisciplinares da empresa.","1"
"2024","desafio_gestor","Entretenimento ou Esportes","de 51 a 100","Conseguir levar inovação para a empresa através dos dados.","1"
"2024","desafio_gestor","Setor Imobiliário/ Construção Civil","de 51 a 100","em meio ao crescimento da empresa.","1"
"2024","desafio_gestor","Marketing","de 101 a 500","Conseguir gerar valor para as áreas de negócios através de estudos e experimentos.","1"
"2024","desafio_gestor","Marketing","de 1.001 a 3.000","Gestão de projetos envolvendo áreas multidisciplinares da empresa.","1"
"2024","desafio_gestor","Varejo","de 101 a 500","Gestão de projetos envolvendo áreas multidisciplinares da empresa.","1"
"2024","desafio_gestor","Setor de Energia","Acima de 3.000","Contratar novos talentos.","1"
"2024","desafio_gestor","Área da Saúde","de 101 a 500","Conseguir processar e armazenar um alto volume de dados.","1"
"2024","desafio_gestor","Setor de Energia","Acima de 3.000","Desenvolver e manter modelos Machine Learning em produção.","1"
"2024","desafio_gestor","Entretenimento ou Esportes","de 51 a 100","Organizar as informações e garantir a qualidade e confiabilidade.","1"
"2024","desafio_gestor","Educação","de 101 a 500","Conseguir processar e armazenar um alto volume de dados.","1"
"2024","desafio_gestor","Marketing","de 11 a 50","Conseguir levar inovação para a empresa através dos dados.","1"
"2024","desafio_gestor","Setor Imobiliário/ Construção Civil","de 1.001 a 3.000","Reter talentos.","1"
"2024","desafio_gestor","Setor Automotivo","de 101 a 500","Gerenciar a expectativa das áreas de negócio em relação as entregas das equipes de dados.","1"
"2024","desafio_gestor","Setor Alimentício","de 501 a 1.000","Convencer a empresa a aumentar os investimentos na área de dados.","1"
"2024","desafio_gestor","Marketing","de 51 a 100","Dividir o tempo entre entregas técnicas e gestão de pessoas.","1"
"2024","desafio_gestor","Setor Alimentício","de 101 a 500","Conseguir levar inovação para a empresa através dos dados.","1"
"2024","desafio_gestor","Finanças ou Bancos","Acima de 3.000","Aculturamento da gestão baseada em análise de dados","1"
"2024","desafio_gestor","Internet/Ecommerce","de 6 a 10","Gerenciar a expectativa das áreas de negócio em relação as entregas das equipes de dados.","1"
"2024","desafio_gestor","Outra Opção","de 1 a 5","Desenvolver e manter modelos Machine Learning em produção.","1"
"2024","desafio_gestor","Setor Imobiliário/ Construção Civil","de 1 a 5","Gestão de projetos envolvendo áreas multidisciplinares da empresa.","1"
"2024","desafio_gestor","Setor Imobiliário/ Construção Civil","de 1.001 a 3.000","Convencer a empresa a aumentar os investimentos na área de dados.","1"
"2024","desafio_gestor","Internet/Ecommerce","Acima de 3.000","Conseguir processar e armazenar um alto volume de dados.","1"
"2024","desafio_gestor","Setor Alimentício","de 101 a 500","Desenvolver e manter modelos Machine Learning em produção.","1"
"2024","desafio_gestor","Setor Imobiliário/ Construção Civil","de 51 a 100","Gerenciar a expectativa das áreas de negócio em relação as entregas das equipes de dados.","1"
"2024","desafio_gestor","Educação","de 501 a 1.000","Gestão de equipes no ambiente remoto.","1"
"2024","desafio_gestor","Setor Público","de 101 a 500","Gerenciar a expectativa das áreas de negócio em relação as entregas das equipes de dados.","1"
"2024","desafio_gestor","Setor Alimentício","de 101 a 500","Convencer a empresa a aumentar os investimentos na área de dados.","1"
"2024","desafio_gestor","Área da Saúde","de 101 a 500","Contratar novos talentos.","1"
"2024","desafio_gestor","Setor Automotivo","Acima de 3.000","Gerenciar a expectativa das áreas de negócio em relação as entregas das equipes de dados.","1"
"2024","desafio_gestor","Área de Consultoria","de 11 a 50","Gestão de equipes no ambiente remoto.","1"
"2024","desafio_gestor","Varejo","de 101 a 500","Garantir a manutenção dos projetos e modelos em produção","1"
"2024","desafio_gestor","Agronegócios","de 101 a 500","Contratar novos talentos.","1"
"2024","desafio_gestor","Setor Imobiliário/ Construção Civil","de 101 a 500","Conseguir levar inovação para a empresa através dos dados.","1"
"2024","desafio_gestor","Tecnologia/Fábrica de Software","de 1.001 a 3.000","redução de custos","1"
"2024","desafio_gestor","Área da Saúde","de 1.001 a 3.000","Contratar novos talentos.","1"
"2024","desafio_gestor","Setor Alimentício","de 1 a 5","Conseguir gerar valor para as áreas de negócios através de estudos e experimentos.","1"
"2024","desafio_gestor","Outra Opção","de 501 a 1.000","Dividir o tempo entre entregas técnicas e gestão de pessoas.","1"
"2024","desafio_gestor","Área da Saúde","de 501 a 1.000","Garantir a manutenção dos projetos e modelos em produção","1"
"2024","desafio_gestor","Seguros ou Previdência","de 101 a 500","Garantir a manutenção dos projetos e modelos em produção","1"
"2024","desafio_gestor","Setor Farmaceutico","Acima de 3.000","Convencer a empresa a aumentar os investimentos na área de dados.","1"
"2024","desafio_gestor","Educação","de 51 a 100","Gestão de projetos envolvendo áreas multidisciplinares da empresa.","1"
"2024","desafio_gestor","Setor Automotivo","de 6 a 10","Organizar as informações e garantir a qualidade e confiabilidade.","1"
"2024","desafio_gestor","Setor de Energia","Acima de 3.000","em meio ao crescimento da empresa.","1"
"2024","desafio_gestor","Outra Opção","de 6 a 10","Contratar novos talentos.","1"
"2024","desafio_gestor","Educação","de 501 a 1.000","Conseguir processar e armazenar um alto volume de dados.","1"
"2024","desafio_gestor","Marketing","de 51 a 100","Organizar as informações e garantir a qualidade e confiabilidade.","1"
"2024","desafio_gestor","Setor Alimentício","de 101 a 500","Garantir retorno do investimento (ROI) em projetos de dados.","1"
"2024","desafio_gestor","Indústria","de 1.001 a 3.000","Gerenciar a expectativa das áreas de negócio em relação as entregas das equipes de dados.","1"
"2024","desafio_gestor","Área da Saúde","de 11 a 50","Garantir retorno do investimento (ROI) em projetos de dados.","1"
"2024","desafio_gestor","Setor Imobiliário/ Construção Civil","de 11 a 50","Conseguir levar inovação para a empresa através dos dados.","1"
"2024","desafio_gestor","Educação","de 1.001 a 3.000","Garantir a manutenção dos projetos e modelos em produção","1"
"2024","desafio_gestor","Setor Imobiliário/ Construção Civil","de 51 a 100","Dividir o tempo entre entregas técnicas e gestão de pessoas.","1"
"2024","desafio_gestor","Outra Opção","de 501 a 1.000","Convencer a empresa a aumentar os investimentos na área de dados.","1"
"2024","desafio_gestor","Finanças ou Bancos","de 11 a 50","Desenvolver e manter modelos Machine Learning em produção.","1"
"2024","desafio_gestor","Marketing","de 1.001 a 3.000","Conseguir processar e armazenar um alto volume de dados.","1"
"2024","desafio_gestor","Indústria","de 51 a 100","Dividir o tempo entre entregas técnicas e gestão de pessoas.","1"
"2024","desafio_gestor","Setor Público","de 501 a 1.000","Conseguir levar inovação para a empresa através dos dados.","1"
"2024","desafio_gestor","Setor Imobiliário/ Construção Civil","de 501 a 1.000","Organizar as informações e garantir a qualidade e confiabilidade.","1"
"2024","desafio_gestor","Área de Consultoria","de 11 a 50","Manter-se atualizado com as novas tecnologias","1"
"2024","desafio_gestor","Tecnologia/Fábrica de Software","de 1.001 a 3.000","Acabei de mudar de empresa","1"
"2024","desafio_gestor","Varejo","de 1 a 5","Organizar as informações e garantir a qualidade e confiabilidade.","1"
"2024","desafio_gestor","Educação","Acima de 3.000","em meio ao crescimento da empresa.","1"
"2024","desafio_gestor","Área da Saúde","de 501 a 1.000","Reter talentos.","1"
"2024","desafio_gestor","Setor Automotivo","Acima de 3.000","Convencer a empresa a aumentar os investimentos na área de dados.","1"
"2024","desafio_gestor","Área da Saúde","de 1 a 5","Poucos clientes","1"
"2024","desafio_gestor","Área de Consultoria","de 1 a 5","em meio ao crescimento da empresa.","1"
"2024","desafio_gestor","Setor Farmaceutico","Acima de 3.000","Gestão de projetos envolvendo áreas multidisciplinares da empresa.","1"
"2024","desafio_gestor","Setor Imobiliário/ Construção Civil","Acima de 3.000","em meio ao crescimento da empresa.","1"
"2024","desafio_gestor","Indústria","Acima de 3.000","Garantir a eficiência em todo processo","1"
"2024","desafio_gestor","Setor de Energia","de 51 a 100","Organizar as informações e garantir a qualidade e confiabilidade.","1"
"2024","desafio_gestor","Indústria","de 11 a 50","Dividir o tempo entre entregas técnicas e gestão de pessoas.","1"
"2024","desafio_gestor","Área de Consultoria","de 51 a 100","Gestão de equipes no ambiente remoto.","1"
"2024","desafio_gestor","Entretenimento ou Esportes","Acima de 3.000","Conseguir gerar valor para as áreas de negócios através de estudos e experimentos.","1"
"2024","desafio_gestor","Setor Imobiliário/ Construção Civil","de 501 a 1.000","Dividir o tempo entre entregas técnicas e gestão de pessoas.","1"
"2024","desafio_gestor","Seguros ou Previdência","Acima de 3.000","Organizar as informações e garantir a qualidade e confiabilidade.","1"
"2024","desafio_gestor","Educação","de 51 a 100","Convencer a empresa a aumentar os investimentos na área de dados.","1"
"2024","desafio_gestor","Setor Imobiliário/ Construção Civil","Acima de 3.000","Convencer a empresa a aumentar os investimentos na área de dados.","1"
"2024","desafio_gestor","Entretenimento ou Esportes","de 11 a 50","Conseguir gerar valor para as áreas de negócios através de estudos e experimentos.","1"
"2024","desafio_gestor","Seguros ou Previdência","de 11 a 50","Gestão de projetos envolvendo áreas multidisciplinares da empresa.","1"
"2024","desafio_gestor","Área de Consultoria","de 51 a 100","Reter talentos.","1"
"2024","desafio_gestor","Setor Automotivo","de 101 a 500","Conseguir levar inovação para a empresa através dos dados.","1"
"2024","desafio_gestor","Outra Opção","de 51 a 100","Conseguir levar inovação para a empresa através dos dados.","1"
"2024","desafio_gestor","Indústria","de 501 a 1.000","Garantir a manutenção dos projetos e modelos em produção","1"
"2024","desafio_gestor","Marketing","Acima de 3.000","Gestão de projetos envolvendo áreas multidisciplinares da empresa.","1"
"2024","desafio_gestor","Marketing","Acima de 3.000","Conseguir levar inovação para a empresa através dos dados.","1"
"2024","desafio_gestor","Agronegócios","de 11 a 50","Conseguir processar e armazenar um alto volume de dados.","1"
"2024","desafio_gestor","Setor Automotivo","Acima de 3.000","Garantir a manutenção dos projetos e modelos em produção","1"
"2024","desafio_gestor","Outra Opção","de 51 a 100","Reter talentos.","1"
"2024","desafio_gestor","Varejo","de 1.001 a 3.000","Conseguir processar e armazenar um alto volume de dados.","1"
"2024","desafio_gestor","Indústria","de 1.001 a 3.000","Conseguir levar inovação para a empresa através dos dados.","1"
"2024","desafio_gestor","Área da Saúde","de 101 a 500","Reter talentos.","1"
"2024","desafio_gestor","Internet/Ecommerce","de 51 a 100","Garantir a manutenção dos projetos e modelos em produção","1"
"2024","desafio_gestor","Educação","de 501 a 1.000","Reter talentos.","1"
"2024","desafio_gestor","Outra Opção","de 11 a 50","Desenvolver e manter modelos Machine Learning em produção.","1"
"2024","desafio_gestor","Setor Imobiliário/ Construção Civil","de 51 a 100","Garantir retorno do investimento (ROI) em projetos de dados.","1"
"2024","desafio_gestor","Seguros ou Previdência","de 11 a 50","Conseguir levar inovação para a empresa através dos dados.","1"
"2024","desafio_gestor","Educação","de 11 a 50","Dividir o tempo entre entregas técnicas e gestão de pessoas.","1"
"2024","desafio_gestor","Setor Público","Acima de 3.000","Gerenciar a expectativa das áreas de negócio em relação as entregas das equipes de dados.","1"
"2024","desafio_gestor","Varejo","de 101 a 500","Conseguir gerar valor para as áreas de negócios através de estudos e experimentos.","1"
"2024","desafio_gestor","Internet/Ecommerce","de 1 a 5","Conseguir gerar valor para as áreas de negócios através de estudos e experimentos.","1"
"2024","desafio_gestor","Setor Público","de 101 a 500","Dividir o tempo entre entregas técnicas e gestão de pessoas.","1"
"2024","desafio_gestor","Outra Opção","de 1.001 a 3.000","em meio ao crescimento da empresa.","1"
"2024","desafio_gestor","Setor Alimentício","de 51 a 100","Gerenciar a expectativa das áreas de negócio em relação as entregas das equipes de dados.","1"
"2024","desafio_gestor","Agronegócios","de 11 a 50","Contratar novos talentos.","1"
"2024","desafio_gestor","Setor Público","de 101 a 500","Contratar novos talentos.","1"
"2024","desafio_gestor","Varejo","de 11 a 50","Gestão de projetos envolvendo áreas multidisciplinares da empresa.","1"
"2024","desafio_gestor","Área da Saúde","de 1.001 a 3.000","em meio ao crescimento da empresa.","1"
"2024","desafio_gestor","Internet/Ecommerce","de 1.001 a 3.000","Organizar as informações e garantir a qualidade e confiabilidade.","1"
"2024","desafio_gestor","Marketing","Acima de 3.000","em meio ao crescimento da empresa.","1"
"2024","desafio_gestor","Varejo","de 1.001 a 3.000","Garantir a manutenção dos projetos e modelos em produção","1"
"2024","desafio_gestor","Área da Saúde","Acima de 3.000","Gestão de equipes no ambiente remoto.","1"
"2024","desafio_gestor","Setor de Energia","Acima de 3.000","Conseguir gerar valor para as áreas de negócios através de estudos e experimentos.","1"
"2024","desafio_gestor","Setor de Energia","Acima de 3.000","Garantir a manutenção dos projetos e modelos em produção","1"
"2024","desafio_gestor","Setor Alimentício","de 1.001 a 3.000","Gerenciar a expectativa das áreas de negócio em relação as entregas das equipes de dados.","1"
"2024","desafio_gestor","Educação","de 11 a 50","Convencer a empresa a aumentar os investimentos na área de dados.","1"
"2024","desafio_gestor","Outra Opção","de 1 a 5","Contratar novos talentos.","1"
"2024","desafio_gestor","Educação","de 11 a 50","Gestão de equipes no ambiente remoto.","1"
"2024","desafio_gestor","Setor Público","de 101 a 500","Gestão de equipes no ambiente remoto.","1"
"2024","desafio_gestor","Finanças ou Bancos","de 51 a 100","Gestão de equipes no ambiente remoto.","1"
"2024","desafio_gestor","Entretenimento ou Esportes","de 1 a 5","Garantir retorno do investimento (ROI) em projetos de dados.","1"
"2024","desafio_gestor","Telecomunicação","de 501 a 1.000","Conseguir levar inovação para a empresa através dos dados.","1"
"2024","desafio_gestor","Setor Automotivo","de 501 a 1.000","Gerenciar a expectativa das áreas de negócio em relação as entregas das equipes de dados.","1"
"2024","desafio_gestor","Setor Imobiliário/ Construção Civil","de 11 a 50","Garantir retorno do investimento (ROI) em projetos de dados.","1"
"2024","desafio_gestor","Internet/Ecommerce","Acima de 3.000","Convencer a empresa a aumentar os investimentos na área de dados.","1"
"2024","desafio_gestor","Tecnologia/Fábrica de Software","de 6 a 10","Gestão de projetos envolvendo áreas multidisciplinares da empresa.","1"
"2024","desafio_gestor","Educação","de 1.001 a 3.000","Dividir o tempo entre entregas técnicas e gestão de pessoas.","1"
"2024","desafio_gestor","Internet/Ecommerce","Acima de 3.000","Gestão de equipes no ambiente remoto.","1"
"2024","desafio_gestor","Outra Opção","de 501 a 1.000","Desenvolver e manter modelos Machine Learning em produção.","1"
"2024","desafio_gestor","Setor Imobiliário/ Construção Civil","de 101 a 500","Gestão de projetos envolvendo áreas multidisciplinares da empresa.","1"
"2024","desafio_gestor","Outra Opção","de 1 a 5","Organizar as informações e garantir a qualidade e confiabilidade.","1"
"2024","desafio_gestor","Indústria","de 11 a 50","Contratar novos talentos.","1"
"2024","desafio_gestor","Setor de Energia","de 51 a 100","em meio ao crescimento da empresa.","1"
"2024","desafio_gestor","Varejo","de 1 a 5","Garantir retorno do investimento (ROI) em projetos de dados.","1"
"2024","desafio_gestor","Telecomunicação","de 501 a 1.000","Garantir retorno do investimento (ROI) em projetos de dados.","1"
"2024","desafio_gestor","Indústria","de 11 a 50","Conseguir processar e armazenar um alto volume de dados.","1"
"2024","desafio_gestor","Marketing","de 11 a 50","Conseguir processar e armazenar um alto volume de dados.","1"
"2024","desafio_gestor","Outra Opção","de 51 a 100","Garantir a manutenção dos projetos e modelos em produção","1"
"2024","desafio_gestor","Setor Farmaceutico","Acima de 3.000","Gerenciar a expectativa das áreas de negócio em relação as entregas das equipes de dados.","1"
"2024","desafio_gestor","Setor Imobiliário/ Construção Civil","Acima de 3.000","Dividir o tempo entre entregas técnicas e gestão de pessoas.","1"
"2024","desafio_gestor","Tecnologia/Fábrica de Software","de 501 a 1.000","Garantir a manutenção dos projetos e modelos em produção","1"
"2024","desafio_gestor","Outra Opção","de 51 a 100","em meio ao crescimento da empresa.","1"
"2024","desafio_gestor","Seguros ou Previdência","de 101 a 500","em meio ao crescimento da empresa.","1"
"2024","desafio_gestor","Varejo","de 101 a 500","Gerenciar a expectativa das áreas de negócio em relação as entregas das equipes de dados.","1"
"2024","desafio_gestor","Varejo","de 101 a 500","Reter talentos.","1"
"2024","desafio_gestor","Setor Imobiliário/ Construção Civil","Acima de 3.000","Gestão de equipes no ambiente remoto.","1"
"2024","desafio_gestor","Seguros ou Previdência","de 51 a 100","Desenvolver e manter modelos Machine Learning em produção.","1"
"2024","desafio_gestor","Telecomunicação","Acima de 3.000","Vendas","1"
"2024","desafio_gestor","Marketing","de 51 a 100","Contratar novos talentos.","1"
"2024","desafio_gestor","Setor de Energia","de 1.001 a 3.000","Gerenciar a expectativa das áreas de negócio em relação as entregas das equipes de dados.","1"
"2024","desafio_gestor","Marketing","de 501 a 1.000","Conseguir processar e armazenar um alto volume de dados.","1"
"2024","desafio_gestor","Internet/Ecommerce","de 101 a 500","Contratar novos talentos.","1"
"2024","desafio_gestor","Finanças ou Bancos","de 1 a 5","Garantir retorno do investimento (ROI) em projetos de dados.","1"
"2024","desafio_gestor","Internet/Ecommerce","de 1 a 5","Conseguir levar inovação para a empresa através dos dados.","1"
"2024","desafio_gestor","Entretenimento ou Esportes","de 101 a 500","Dividir o tempo entre entregas técnicas e gestão de pessoas.","1"
"2024","desafio_gestor","Filantropia/ONG's","de 11 a 50","Organizar as informações e garantir a qualidade e confiabilidade.","1"
"2024","desafio_gestor","Setor Automotivo","Acima de 3.000","Contratar novos talentos.","1"
"2024","desafio_gestor","Indústria","de 101 a 500","Garantir retorno do investimento (ROI) em projetos de dados.","1"
"2024","desafio_gestor","Varejo","Acima de 3.000","Lidar com o backlog e priorizações","1"
"2024","desafio_gestor","Varejo","de 51 a 100","Reter talentos.","1"
"2024","desafio_gestor","Entretenimento ou Esportes","de 51 a 100","Conseguir gerar valor para as áreas de negócios através de estudos e experimentos.","1"
"2024","desafio_gestor","Marketing","de 11 a 50","em meio ao crescimento da empresa.","1"
"2024","desafio_gestor","Área de Consultoria","de 6 a 10","Gestão de projetos envolvendo áreas multidisciplinares da empresa.","1"
"2024","desafio_gestor","Área de Consultoria","de 6 a 10","Desenvolver e manter modelos Machine Learning em produção.","1"
"2024","desafio_gestor","Finanças ou Bancos","de 11 a 50","Conseguir processar e armazenar um alto volume de dados.","1"
"2024","desafio_gestor","Setor Imobiliário/ Construção Civil","de 11 a 50","Dividir o tempo entre entregas técnicas e gestão de pessoas.","1"
"2024","desafio_gestor","Setor Alimentício","de 101 a 500","Garantir a manutenção dos projetos e modelos em produção","1"
"2024","desafio_gestor","Área de Consultoria","de 11 a 50","Convencer a empresa a aumentar os investimentos na área de dados.","1"
"2024","desafio_gestor","Indústria","de 51 a 100","Organizar as informações e garantir a qualidade e confiabilidade.","1"
"2024","desafio_gestor","Finanças ou Bancos","de 1 a 5","Dividir o tempo entre entregas técnicas e gestão de pessoas.","1"
"2024","desafio_gestor","Setor Imobiliário/ Construção Civil","Acima de 3.000","Organizar as informações e garantir a qualidade e confiabilidade.","1"
"2024","desafio_gestor","Outra Opção","de 6 a 10","Gestão de equipes no ambiente remoto.","1"
"2024","desafio_gestor","Setor Alimentício","de 501 a 1.000","Garantir retorno do investimento (ROI) em projetos de dados.","1"
"2024","desafio_gestor","Agronegócios","de 101 a 500","Gestão de projetos envolvendo áreas multidisciplinares da empresa.","1"
"2024","desafio_gestor","Setor Alimentício","de 501 a 1.000","Organizar as informações e garantir a qualidade e confiabilidade.","1"
"2024","desafio_gestor","Área de Consultoria","de 1.001 a 3.000","Conseguir levar inovação para a empresa através dos dados.","1"
"2024","desafio_gestor","Área de Consultoria","de 1 a 5","Garantir a manutenção dos projetos e modelos em produção","1"
"2024","desafio_gestor","Setor Alimentício","de 1 a 5","Organizar as informações e garantir a qualidade e confiabilidade.","1"
"2024","desafio_gestor","Marketing","de 6 a 10","Gerenciar a expectativa das áreas de negócio em relação as entregas das equipes de dados.","1"
"2024","desafio_gestor","Entretenimento ou Esportes","de 1.001 a 3.000","Convencer a empresa a aumentar os investimentos na área de dados.","1"
"2024","desafio_gestor","Seguros ou Previdência","de 51 a 100","Dividir o tempo entre entregas técnicas e gestão de pessoas.","1"
"2024","desafio_gestor","Área de Consultoria","de 6 a 10","Reter talentos.","1"
"2024","desafio_gestor","Telecomunicação","de 101 a 500","em meio ao crescimento da empresa.","1"
"2024","desafio_gestor","Finanças ou Bancos","de 51 a 100","Organizar as informações e garantir a qualidade e confiabilidade.","1"
"2024","desafio_gestor","Varejo","de 11 a 50","Convencer a empresa a aumentar os investimentos na área de dados.","1"
"2024","desafio_gestor","Marketing","Acima de 3.000","Contratar novos talentos.","1"
"2024","desafio_gestor","Internet/Ecommerce","de 1 a 5","Dividir o tempo entre entregas técnicas e gestão de pessoas.","1"
"2024","desafio_gestor","Varejo","de 1.001 a 3.000","Desenvolver e manter modelos Machine Learning em produção.","1"
"2024","desafio_gestor","Agronegócios","de 1 a 5","Contratar novos talentos.","1"
"2024","desafio_gestor","Indústria","de 51 a 100","Conseguir gerar valor para as áreas de negócios através de estudos e experimentos.","1"
"2024","desafio_gestor","Outra Opção","de 1.001 a 3.000","Garantir retorno do investimento (ROI) em projetos de dados.","1"
"2024","desafio_gestor","Setor Automotivo","de 101 a 500","Dividir o tempo entre entregas técnicas e gestão de pessoas.","1"
"2024","desafio_gestor","Setor de Energia","de 1.001 a 3.000","Dividir o tempo entre entregas técnicas e gestão de pessoas.","1"
"2024","desafio_gestor","Indústria","de 1.001 a 3.000","Convencer a empresa a aumentar os investimentos na área de dados.","1"
"2024","desafio_gestor","Tecnologia/Fábrica de Software","de 1 a 5","vendas b2b","1"
"2024","desafio_gestor","Setor Público","Acima de 3.000","Reter talentos.","1"
"2024","desafio_gestor","Entretenimento ou Esportes","de 1.001 a 3.000","Organizar as informações e garantir a qualidade e confiabilidade.","1"
"2024","desafio_gestor","Área de Consultoria","de 101 a 500","Gestão de equipes no ambiente remoto.","1"
"2024","desafio_gestor","Setor Imobiliário/ Construção Civil","Acima de 3.000","Garantir a manutenção dos projetos e modelos em produção","1"
"2024","desafio_gestor","Área de Consultoria","Acima de 3.000","Gestão de equipes no ambiente remoto.","1"
"2024","desafio_gestor","Setor Alimentício","Acima de 3.000","Reter talentos.","1"
"2024","desafio_gestor","Área da Saúde","Acima de 3.000","Contratar novos talentos.","1"
"2024","desafio_gestor","Internet/Ecommerce","de 101 a 500","Convencer a empresa a aumentar os investimentos na área de dados.","1"
"2024","desafio_gestor","Marketing","Acima de 3.000","Conseguir gerar valor para as áreas de negócios através de estudos e experimentos.","1"
"2024","desafio_gestor","Telecomunicação","Acima de 3.000","Reter talentos.","1"
"2024","desafio_gestor","Outra Opção","de 1.001 a 3.000","Garantir a manutenção dos projetos e modelos em produção","1"
"2024","desafio_gestor","Setor Automotivo","de 501 a 1.000","Conseguir gerar valor para as áreas de negócios através de estudos e experimentos.","1"
"2024","desafio_gestor","Setor Público","de 1.001 a 3.000","Conseguir levar inovação para a empresa através dos dados.","1"
"2024","desafio_gestor","Marketing","de 1.001 a 3.000","Conseguir levar inovação para a empresa através dos dados.","1"
"2024","desafio_gestor","Área da Saúde","de 11 a 50","Organizar as informações e garantir a qualidade e confiabilidade.","1"
"2024","desafio_gestor","Finanças ou Bancos","de 51 a 100","Conseguir levar inovação para a empresa através dos dados.","1"
"2024","desafio_gestor","Setor Automotivo","Acima de 3.000","Organizar as informações e garantir a qualidade e confiabilidade.","1"
"2024","desafio_gestor","Setor Farmaceutico","Acima de 3.000","Conseguir gerar valor para as áreas de negócios através de estudos e experimentos.","1"
"2024","desafio_gestor","Varejo","de 1.001 a 3.000","em meio ao crescimento da empresa.","1"
"2024","desafio_gestor","Seguros ou Previdência","Acima de 3.000","Garantir retorno do investimento (ROI) em projetos de dados.","1"
"2024","desafio_gestor","Setor Alimentício","Acima de 3.000","Fazer com que o negócio entenda o que é um projeto de IA e como funciona o seu desenvolvimento","1"
"2024","desafio_gestor","Outra Opção","de 101 a 500","Desenvolver e manter modelos Machine Learning em produção.","1"
"2024","desafio_gestor","Varejo","de 501 a 1.000","Gestão de projetos envolvendo áreas multidisciplinares da empresa.","1"
"2024","desafio_gestor","Seguros ou Previdência","de 101 a 500","Conseguir gerar valor para as áreas de negócios através de estudos e experimentos.","1"
"2024","desafio_gestor","Marketing","de 501 a 1.000","Conseguir levar inovação para a empresa através dos dados.","1"
"2024","desafio_gestor","Outra Opção","de 11 a 50","em meio ao crescimento da empresa.","1"
"2024","desafio_gestor","Agronegócios","Acima de 3.000","Contratar novos talentos.","1"
"2024","desafio_gestor","Internet/Ecommerce","de 51 a 100","Organizar as informações e garantir a qualidade e confiabilidade.","1"
"2024","desafio_gestor","Setor Público","de 101 a 500","Desenvolver e manter modelos Machine Learning em produção.","1"
"2024","desafio_gestor","Entretenimento ou Esportes","de 101 a 500","Conseguir processar e armazenar um alto volume de dados.","1"
"2024","desafio_gestor","Área de Consultoria","Acima de 3.000","Desenvolver e manter modelos Machine Learning em produção.","1"
"2024","desafio_gestor","Setor Alimentício","de 501 a 1.000","Conseguir gerar valor para as áreas de negócios através de estudos e experimentos.","1"
"2024","desafio_gestor","Educação","Acima de 3.000","Conseguir processar e armazenar um alto volume de dados.","1"
"2024","desafio_gestor","Internet/Ecommerce","de 11 a 50","Conseguir levar inovação para a empresa através dos dados.","1"
"2024","desafio_gestor","Setor Público","de 501 a 1.000","Convencer a empresa a aumentar os investimentos na área de dados.","1"
"2024","desafio_gestor","Finanças ou Bancos","de 1 a 5","Gestão de equipes no ambiente remoto.","1"
"2024","desafio_gestor","Setor Imobiliário/ Construção Civil","Acima de 3.000","Gestão de projetos envolvendo áreas multidisciplinares da empresa.","1"
"2024","desafio_gestor","Educação","de 1.001 a 3.000","Gestão de projetos envolvendo áreas multidisciplinares da empresa.","1"
"2024","desafio_gestor","Setor Alimentício","de 501 a 1.000","Reter talentos.","1"
"2024","desafio_gestor","Filantropia/ONG's","de 11 a 50","Conseguir levar inovação para a empresa através dos dados.","1"
"2024","desafio_gestor","Tecnologia/Fábrica de Software","de 101 a 500","Desenvolver e manter modelos Machine Learning em produção.","1"
"2024","desafio_gestor","Setor Imobiliário/ Construção Civil","de 1 a 5","Convencer a empresa a aumentar os investimentos na área de dados.","1"
"2024","desafio_gestor","Tecnologia/Fábrica de Software","de 501 a 1.000","em meio ao crescimento da empresa.","1"
"2024","desafio_gestor","Setor Alimentício","de 1.001 a 3.000","Gestão de projetos envolvendo áreas multidisciplinares da empresa.","1"
"2024","desafio_gestor","Setor Automotivo","de 1.001 a 3.000","Contratar novos talentos.","1"
"2024","desafio_gestor","Marketing","Acima de 3.000","Gestão de equipes no ambiente remoto.","1"
"2024","desafio_gestor","Educação","de 501 a 1.000","Dividir o tempo entre entregas técnicas e gestão de pessoas.","1"
"2024","desafio_gestor","Agronegócios","de 1 a 5","Conseguir gerar valor para as áreas de negócios através de estudos e experimentos.","1"
"2024","desafio_gestor","Setor de Energia","de 51 a 100","Dividir o tempo entre entregas técnicas e gestão de pessoas.","1"
"2024","desafio_gestor","Marketing","de 501 a 1.000","Dividir o tempo entre entregas técnicas e gestão de pessoas.","1"
"2024","desafio_gestor","Setor Imobiliário/ Construção Civil","de 1.001 a 3.000","Gestão de equipes no ambiente remoto.","1"
"2024","desafio_gestor","Setor de Energia","Acima de 3.000","Gestão de equipes no ambiente remoto.","1"
"2024","desafio_gestor","Agronegócios","de 11 a 50","Reter talentos.","1"
"2024","desafio_gestor","Telecomunicação","de 501 a 1.000","Organizar as informações e garantir a qualidade e confiabilidade.","1"
"2024","motivo_nao_uso_ia","Varejo","Acima de 3.000","Preocupações com segurança e privacidade de dados.","42"
"2024","motivo_nao_uso_ia","Finanças ou Bancos","Acima de 3.000","Preocupações com segurança e privacidade de dados.","41"
"2024","motivo_nao_uso_ia","Finanças ou Bancos","Acima de 3.000","Falta de expertise das equipes técnicas ou falta de recursos internos.","31"
"2024","motivo_nao_uso_ia","Finanças ou Bancos","Acima de 3.000","Falta de compreensão dos casos de uso.","28"
"2024","motivo_nao_uso_ia","Finanças ou Bancos","Acima de 3.000","Baixa qualidade e/ou falta de confiabilidade das saídas (alucinação dos modelos).","26"
"2024","motivo_nao_uso_ia","Indústria","Acima de 3.000","Preocupações com segurança e privacidade de dados.","26"
"2024","motivo_nao_uso_ia","Finanças ou Bancos","Acima de 3.000","Dados da empresa não estão prontos para uso de IA Generativa.","24"
"2024","motivo_nao_uso_ia","Finanças ou Bancos","Acima de 3.000","Retorno sobre investimento (ROI) não comprovado de IA Generativa.","24"
"2024","motivo_nao_uso_ia","Varejo","Acima de 3.000","Retorno sobre investimento (ROI) não comprovado de IA Generativa.","22"
"2024","motivo_nao_uso_ia","Tecnologia/Fábrica de Software","Acima de 3.000","Falta de compreensão dos casos de uso.","21"
"2024","motivo_nao_uso_ia","Varejo","Acima de 3.000","Falta de compreensão dos casos de uso.","20"
"2024","motivo_nao_uso_ia","Finanças ou Bancos","Acima de 3.000","Incerteza em relação a regulamentação ou questões regulatórias.","18"
"2024","motivo_nao_uso_ia","Tecnologia/Fábrica de Software","Acima de 3.000","Falta de expertise das equipes técnicas ou falta de recursos internos.","16"
"2024","motivo_nao_uso_ia","Tecnologia/Fábrica de Software","de 101 a 500","Retorno sobre investimento (ROI) não comprovado de IA Generativa.","15"
"2024","motivo_nao_uso_ia","Indústria","Acima de 3.000","Retorno sobre investimento (ROI) não comprovado de IA Generativa.","15"
"2024","motivo_nao_uso_ia","Finanças ou Bancos","Acima de 3.000","Preocupações com propriedade intelectual (ou seja","14"
"2024","motivo_nao_uso_ia","Varejo","Acima de 3.000","Falta de expertise das equipes técnicas ou falta de recursos internos.","14"
"2024","motivo_nao_uso_ia","Finanças ou Bancos","Acima de 3.000","tipo de dados usados para treinar um modelo de terceiros).","14"
"2024","motivo_nao_uso_ia","Tecnologia/Fábrica de Software","de 101 a 500","Falta de expertise das equipes técnicas ou falta de recursos internos.","14"
"2024","motivo_nao_uso_ia","Varejo","Acima de 3.000","Dados da empresa não estão prontos para uso de IA Generativa.","14"
"2024","motivo_nao_uso_ia","Varejo","Acima de 3.000","Incerteza em relação a regulamentação ou questões regulatórias.","14"
"2024","motivo_nao_uso_ia","Tecnologia/Fábrica de Software","Acima de 3.000","Dados da empresa não estão prontos para uso de IA Generativa.","14"
"2024","motivo_nao_uso_ia","Varejo","Acima de 3.000","Preocupações com propriedade intelectual (ou seja","13"
"2024","motivo_nao_uso_ia","Varejo","Acima de 3.000","tipo de dados usados para treinar um modelo de terceiros).","13"
"2024","motivo_nao_uso_ia","Indústria","Acima de 3.000","Falta de compreensão dos casos de uso.","12"
"2024","motivo_nao_uso_ia","Finanças ou Bancos","de 101 a 500","Falta de expertise das equipes técnicas ou falta de recursos internos.","12"
"2024","motivo_nao_uso_ia","Internet/Ecommerce","Acima de 3.000","Retorno sobre investimento (ROI) não comprovado de IA Generativa.","12"
"2024","motivo_nao_uso_ia","Outra Opção","Acima de 3.000","Preocupações com segurança e privacidade de dados.","12"
"2024","motivo_nao_uso_ia","Tecnologia/Fábrica de Software","Acima de 3.000","Preocupações com segurança e privacidade de dados.","12"
"2024","motivo_nao_uso_ia","Outra Opção","Acima de 3.000","Falta de compreensão dos casos de uso.","11"
"2024","motivo_nao_uso_ia","Indústria","Acima de 3.000","Falta de expertise das equipes técnicas ou falta de recursos internos.","11"
"2024","motivo_nao_uso_ia","Indústria","Acima de 3.000","Dados da empresa não estão prontos para uso de IA Generativa.","11"
"2024","motivo_nao_uso_ia","Indústria","Acima de 3.000","Preocupações com propriedade intelectual (ou seja","10"
"2024","motivo_nao_uso_ia","Tecnologia/Fábrica de Software","de 1.001 a 3.000","Retorno sobre investimento (ROI) não comprovado de IA Generativa.","10"
"2024","motivo_nao_uso_ia","Indústria","Acima de 3.000","tipo de dados usados para treinar um modelo de terceiros).","10"
"2024","motivo_nao_uso_ia","Finanças ou Bancos","de 501 a 1.000","Falta de compreensão dos casos de uso.","10"
"2024","motivo_nao_uso_ia","Finanças ou Bancos","de 1.001 a 3.000","Falta de compreensão dos casos de uso.","10"
"2024","motivo_nao_uso_ia","Finanças ou Bancos","de 1.001 a 3.000","Dados da empresa não estão prontos para uso de IA Generativa.","10"
"2024","motivo_nao_uso_ia","Tecnologia/Fábrica de Software","de 101 a 500","Falta de compreensão dos casos de uso.","10"
"2024","motivo_nao_uso_ia","Tecnologia/Fábrica de Software","de 1.001 a 3.000","Falta de expertise das equipes técnicas ou falta de recursos internos.","9"
"2024","motivo_nao_uso_ia","Indústria","Acima de 3.000","Incerteza em relação a regulamentação ou questões regulatórias.","9"
"2024","motivo_nao_uso_ia","Tecnologia/Fábrica de Software","Acima de 3.000","Retorno sobre investimento (ROI) não comprovado de IA Generativa.","9"
"2024","motivo_nao_uso_ia","Outra Opção","Acima de 3.000","Falta de expertise das equipes técnicas ou falta de recursos internos.","9"
"2024","motivo_nao_uso_ia","Tecnologia/Fábrica de Software","de 1.001 a 3.000","Dados da empresa não estão prontos para uso de IA Generativa.","9"
"2024","motivo_nao_uso_ia","Tecnologia/Fábrica de Software","de 51 a 100","Falta de expertise das equipes técnicas ou falta de recursos internos.","9"
"2024","motivo_nao_uso_ia","Finanças ou Bancos","de 501 a 1.000","Preocupações com segurança e privacidade de dados.","9"
"2024","motivo_nao_uso_ia","Tecnologia/Fábrica de Software","de 51 a 100","Retorno sobre investimento (ROI) não comprovado de IA Generativa.","9"
"2024","motivo_nao_uso_ia","Internet/Ecommerce","Acima de 3.000","Falta de compreensão dos casos de uso.","9"
"2024","motivo_nao_uso_ia","Tecnologia/Fábrica de Software","Acima de 3.000","Baixa qualidade e/ou falta de confiabilidade das saídas (alucinação dos modelos).","9"
"2024","motivo_nao_uso_ia","Tecnologia/Fábrica de Software","de 1 a 5","Dados da empresa não estão prontos para uso de IA Generativa.","9"
"2024","motivo_nao_uso_ia","Finanças ou Bancos","de 101 a 500","Falta de compreensão dos casos de uso.","8"
"2024","motivo_nao_uso_ia","Tecnologia/Fábrica de Software","de 1 a 5","Baixa qualidade e/ou falta de confiabilidade das saídas (alucinação dos modelos).","8"
"2024","motivo_nao_uso_ia","Varejo","Acima de 3.000","Baixa qualidade e/ou falta de confiabilidade das saídas (alucinação dos modelos).","8"
"2024","motivo_nao_uso_ia","Tecnologia/Fábrica de Software","de 1 a 5","Falta de compreensão dos casos de uso.","8"
"2024","motivo_nao_uso_ia","Tecnologia/Fábrica de Software","de 1.001 a 3.000","Falta de compreensão dos casos de uso.","8"
"2024","motivo_nao_uso_ia","Setor Alimentício","Acima de 3.000","Preocupações com segurança e privacidade de dados.","8"
"2024","motivo_nao_uso_ia","Área da Saúde","Acima de 3.000","Falta de compreensão dos casos de uso.","8"
"2024","motivo_nao_uso_ia","Finanças ou Bancos","de 501 a 1.000","Dados da empresa não estão prontos para uso de IA Generativa.","8"
"2024","motivo_nao_uso_ia","Outra Opção","Acima de 3.000","Retorno sobre investimento (ROI) não comprovado de IA Generativa.","7"
"2024","motivo_nao_uso_ia","Área da Saúde","Acima de 3.000","Preocupações com segurança e privacidade de dados.","7"
"2024","motivo_nao_uso_ia","Internet/Ecommerce","Acima de 3.000","Preocupações com segurança e privacidade de dados.","7"
"2024","motivo_nao_uso_ia","Finanças ou Bancos","de 101 a 500","Dados da empresa não estão prontos para uso de IA Generativa.","7"
"2024","motivo_nao_uso_ia","Outra Opção","de 101 a 500","Falta de expertise das equipes técnicas ou falta de recursos internos.","7"
"2024","motivo_nao_uso_ia","Indústria","de 501 a 1.000","Preocupações com segurança e privacidade de dados.","7"
"2024","motivo_nao_uso_ia","Varejo","de 1.001 a 3.000","Falta de expertise das equipes técnicas ou falta de recursos internos.","7"
"2024","motivo_nao_uso_ia","Tecnologia/Fábrica de Software","de 101 a 500","Dados da empresa não estão prontos para uso de IA Generativa.","7"
"2024","motivo_nao_uso_ia","Outra Opção","de 101 a 500","Falta de compreensão dos casos de uso.","7"
"2024","motivo_nao_uso_ia","Marketing","de 101 a 500","Falta de compreensão dos casos de uso.","7"
"2024","motivo_nao_uso_ia","Finanças ou Bancos","de 501 a 1.000","Falta de expertise das equipes técnicas ou falta de recursos internos.","7"
"2024","motivo_nao_uso_ia","Tecnologia/Fábrica de Software","de 1 a 5","Retorno sobre investimento (ROI) não comprovado de IA Generativa.","7"
"2024","motivo_nao_uso_ia","Finanças ou Bancos","de 1.001 a 3.000","Preocupações com segurança e privacidade de dados.","6"
"2024","motivo_nao_uso_ia","Setor Público","Acima de 3.000","Falta de compreensão dos casos de uso.","6"
"2024","motivo_nao_uso_ia","Finanças ou Bancos","de 1.001 a 3.000","Baixa qualidade e/ou falta de confiabilidade das saídas (alucinação dos modelos).","6"
"2024","motivo_nao_uso_ia","Indústria","de 101 a 500","Falta de compreensão dos casos de uso.","6"
"2024","motivo_nao_uso_ia","Área de Consultoria","Acima de 3.000","Falta de expertise das equipes técnicas ou falta de recursos internos.","6"
"2024","motivo_nao_uso_ia","Finanças ou Bancos","de 101 a 500","Retorno sobre investimento (ROI) não comprovado de IA Generativa.","6"
"2024","motivo_nao_uso_ia","Tecnologia/Fábrica de Software","de 11 a 50","Preocupações com segurança e privacidade de dados.","6"
"2024","motivo_nao_uso_ia","Finanças ou Bancos","de 1.001 a 3.000","Falta de expertise das equipes técnicas ou falta de recursos internos.","6"
"2024","motivo_nao_uso_ia","Varejo","Acima de 3.000","Alta direção da empresa não vê valor ou não vê esse tipo de iniciativa como prioridade.","6"
"2024","motivo_nao_uso_ia","Tecnologia/Fábrica de Software","de 51 a 100","Falta de compreensão dos casos de uso.","6"
"2024","motivo_nao_uso_ia","Outra Opção","Acima de 3.000","Preocupações com propriedade intelectual (ou seja","6"
"2024","motivo_nao_uso_ia","Setor Alimentício","Acima de 3.000","Retorno sobre investimento (ROI) não comprovado de IA Generativa.","6"
"2024","motivo_nao_uso_ia","Internet/Ecommerce","Acima de 3.000","Baixa qualidade e/ou falta de confiabilidade das saídas (alucinação dos modelos).","6"
"2024","motivo_nao_uso_ia","Tecnologia/Fábrica de Software","de 51 a 100","Dados da empresa não estão prontos para uso de IA Generativa.","6"
"2024","motivo_nao_uso_ia","Tecnologia/Fábrica de Software","de 101 a 500","Preocupações com segurança e privacidade de dados.","6"
"2024","motivo_nao_uso_ia","Outra Opção","de 1.001 a 3.000","Falta de compreensão dos casos de uso.","6"
"2024","motivo_nao_uso_ia","Outra Opção","Acima de 3.000","tipo de dados usados para treinar um modelo de terceiros).","6"
"2024","motivo_nao_uso_ia","Tecnologia/Fábrica de Software","de 1.001 a 3.000","Baixa qualidade e/ou falta de confiabilidade das saídas (alucinação dos modelos).","6"
"2024","motivo_nao_uso_ia","Indústria","de 101 a 500","Falta de expertise das equipes técnicas ou falta de recursos internos.","6"
"2024","motivo_nao_uso_ia","Internet/Ecommerce","Acima de 3.000","Dados da empresa não estão prontos para uso de IA Generativa.","5"
"2024","motivo_nao_uso_ia","Marketing","de 101 a 500","Falta de expertise das equipes técnicas ou falta de recursos internos.","5"
"2024","motivo_nao_uso_ia","Educação","Acima de 3.000","Preocupações com segurança e privacidade de dados.","5"
"2024","motivo_nao_uso_ia","Finanças ou Bancos","de 101 a 500","Preocupações com segurança e privacidade de dados.","5"
"2024","motivo_nao_uso_ia","Área da Saúde","Acima de 3.000","Retorno sobre investimento (ROI) não comprovado de IA Generativa.","5"
"2024","motivo_nao_uso_ia","Educação","de 101 a 500","Dados da empresa não estão prontos para uso de IA Generativa.","5"
"2024","motivo_nao_uso_ia","Educação","Acima de 3.000","Retorno sobre investimento (ROI) não comprovado de IA Generativa.","5"
"2024","motivo_nao_uso_ia","Marketing","de 101 a 500","Dados da empresa não estão prontos para uso de IA Generativa.","5"
"2024","motivo_nao_uso_ia","Área de Consultoria","de 11 a 50","Falta de expertise das equipes técnicas ou falta de recursos internos.","5"
"2024","motivo_nao_uso_ia","Educação","Acima de 3.000","Incerteza em relação a regulamentação ou questões regulatórias.","5"
"2024","motivo_nao_uso_ia","Setor Alimentício","Acima de 3.000","Falta de compreensão dos casos de uso.","5"
"2024","motivo_nao_uso_ia","Finanças ou Bancos","de 501 a 1.000","Baixa qualidade e/ou falta de confiabilidade das saídas (alucinação dos modelos).","5"
"2024","motivo_nao_uso_ia","Área de Consultoria","Acima de 3.000","Preocupações com segurança e privacidade de dados.","5"
"2024","motivo_nao_uso_ia","Finanças ou Bancos","de 101 a 500","Baixa qualidade e/ou falta de confiabilidade das saídas (alucinação dos modelos).","5"
"2024","motivo_nao_uso_ia","Área da Saúde","Acima de 3.000","Dados da empresa não estão prontos para uso de IA Generativa.","5"
"2024","motivo_nao_uso_ia","Outra Opção","Acima de 3.000","Incerteza em relação a regulamentação ou questões regulatórias.","5"
"2024","motivo_nao_uso_ia","Tecnologia/Fábrica de Software","de 11 a 50","Dados da empresa não estão prontos para uso de IA Generativa.","5"
"2024","motivo_nao_uso_ia","Educação","Acima de 3.000","Falta de compreensão dos casos de uso.","5"
"2024","motivo_nao_uso_ia","Tecnologia/Fábrica de Software","de 501 a 1.000","Preocupações com segurança e privacidade de dados.","5"
"2024","motivo_nao_uso_ia","Outra Opção","Acima de 3.000","Baixa qualidade e/ou falta de confiabilidade das saídas (alucinação dos modelos).","5"
"2024","motivo_nao_uso_ia","Setor Público","de 101 a 500","Dados da empresa não estão prontos para uso de IA Generativa.","5"
"2024","motivo_nao_uso_ia","Setor Público","Acima de 3.000","Falta de expertise das equipes técnicas ou falta de recursos internos.","5"
"2024","motivo_nao_uso_ia","Outra Opção","Acima de 3.000","Alta direção da empresa não vê valor ou não vê esse tipo de iniciativa como prioridade.","5"
"2024","motivo_nao_uso_ia","Tecnologia/Fábrica de Software","de 1.001 a 3.000","Incerteza em relação a regulamentação ou questões regulatórias.","4"
"2024","motivo_nao_uso_ia","Setor Público","Acima de 3.000","Alta direção da empresa não vê valor ou não vê esse tipo de iniciativa como prioridade.","4"
"2024","motivo_nao_uso_ia","Tecnologia/Fábrica de Software","de 101 a 500","Preocupações com propriedade intelectual (ou seja","4"
"2024","motivo_nao_uso_ia","Tecnologia/Fábrica de Software","de 11 a 50","Incerteza em relação a regulamentação ou questões regulatórias.","4"
"2024","motivo_nao_uso_ia","Outra Opção","de 101 a 500","Retorno sobre investimento (ROI) não comprovado de IA Generativa.","4"
"2024","motivo_nao_uso_ia","Setor Público","de 101 a 500","Preocupações com segurança e privacidade de dados.","4"
"2024","motivo_nao_uso_ia","Varejo","de 101 a 500","Falta de compreensão dos casos de uso.","4"
"2024","motivo_nao_uso_ia","Tecnologia/Fábrica de Software","Acima de 3.000","Incerteza em relação a regulamentação ou questões regulatórias.","4"
"2024","motivo_nao_uso_ia","Finanças ou Bancos","de 501 a 1.000","Retorno sobre investimento (ROI) não comprovado de IA Generativa.","4"
"2024","motivo_nao_uso_ia","Tecnologia/Fábrica de Software","de 11 a 50","Falta de expertise das equipes técnicas ou falta de recursos internos.","4"
"2024","motivo_nao_uso_ia","Educação","de 1.001 a 3.000","Dados da empresa não estão prontos para uso de IA Generativa.","4"
"2024","motivo_nao_uso_ia","Tecnologia/Fábrica de Software","de 6 a 10","Baixa qualidade e/ou falta de confiabilidade das saídas (alucinação dos modelos).","4"
"2024","motivo_nao_uso_ia","Área da Saúde","Acima de 3.000","Baixa qualidade e/ou falta de confiabilidade das saídas (alucinação dos modelos).","4"
"2024","motivo_nao_uso_ia","Área de Consultoria","de 51 a 100","Falta de compreensão dos casos de uso.","4"
"2024","motivo_nao_uso_ia","Outra Opção","de 1.001 a 3.000","Dados da empresa não estão prontos para uso de IA Generativa.","4"
"2024","motivo_nao_uso_ia","Varejo","de 1.001 a 3.000","Retorno sobre investimento (ROI) não comprovado de IA Generativa.","4"
"2024","motivo_nao_uso_ia","Educação","Acima de 3.000","Falta de expertise das equipes técnicas ou falta de recursos internos.","4"
"2024","motivo_nao_uso_ia","Indústria","de 101 a 500","Dados da empresa não estão prontos para uso de IA Generativa.","4"
"2024","motivo_nao_uso_ia","Telecomunicação","Acima de 3.000","Retorno sobre investimento (ROI) não comprovado de IA Generativa.","4"
"2024","motivo_nao_uso_ia","Tecnologia/Fábrica de Software","de 6 a 10","Preocupações com segurança e privacidade de dados.","4"
"2024","motivo_nao_uso_ia","Tecnologia/Fábrica de Software","de 101 a 500","tipo de dados usados para treinar um modelo de terceiros).","4"
"2024","motivo_nao_uso_ia","Agronegócios","Acima de 3.000","Alta direção da empresa não vê valor ou não vê esse tipo de iniciativa como prioridade.","4"
"2024","motivo_nao_uso_ia","Área de Consultoria","de 101 a 500","Falta de expertise das equipes técnicas ou falta de recursos internos.","4"
"2024","motivo_nao_uso_ia","Setor Imobiliário/ Construção Civil","Acima de 3.000","Preocupações com segurança e privacidade de dados.","4"
"2024","motivo_nao_uso_ia","Tecnologia/Fábrica de Software","de 101 a 500","Baixa qualidade e/ou falta de confiabilidade das saídas (alucinação dos modelos).","4"
"2024","motivo_nao_uso_ia","Telecomunicação","Acima de 3.000","Dados da empresa não estão prontos para uso de IA Generativa.","4"
"2024","motivo_nao_uso_ia","Tecnologia/Fábrica de Software","de 51 a 100","Preocupações com segurança e privacidade de dados.","4"
"2024","motivo_nao_uso_ia","Tecnologia/Fábrica de Software","de 11 a 50","Baixa qualidade e/ou falta de confiabilidade das saídas (alucinação dos modelos).","4"
"2024","motivo_nao_uso_ia","Outra Opção","de 101 a 500","Dados da empresa não estão prontos para uso de IA Generativa.","4"
"2024","motivo_nao_uso_ia","Setor Alimentício","Acima de 3.000","Falta de expertise das equipes técnicas ou falta de recursos internos.","4"
"2024","motivo_nao_uso_ia","Internet/Ecommerce","Acima de 3.000","Falta de expertise das equipes técnicas ou falta de recursos internos.","4"
"2024","motivo_nao_uso_ia","Área de Consultoria","de 11 a 50","Falta de compreensão dos casos de uso.","4"
"2024","motivo_nao_uso_ia","Finanças ou Bancos","de 11 a 50","Preocupações com segurança e privacidade de dados.","4"
"2024","motivo_nao_uso_ia","Setor Alimentício","Acima de 3.000","Incerteza em relação a regulamentação ou questões regulatórias.","4"
"2024","motivo_nao_uso_ia","Outra Opção","de 1.001 a 3.000","Falta de expertise das equipes técnicas ou falta de recursos internos.","4"
"2024","motivo_nao_uso_ia","Telecomunicação","Acima de 3.000","Falta de expertise das equipes técnicas ou falta de recursos internos.","4"
"2024","motivo_nao_uso_ia","Internet/Ecommerce","Acima de 3.000","Incerteza em relação a regulamentação ou questões regulatórias.","4"
"2024","motivo_nao_uso_ia","Área de Consultoria","de 1 a 5","Falta de compreensão dos casos de uso.","4"
"2024","motivo_nao_uso_ia","Área de Consultoria","de 51 a 100","Dados da empresa não estão prontos para uso de IA Generativa.","4"
"2024","motivo_nao_uso_ia","Área da Saúde","Acima de 3.000","Incerteza em relação a regulamentação ou questões regulatórias.","4"
"2024","motivo_nao_uso_ia","Área de Consultoria","de 51 a 100","Preocupações com segurança e privacidade de dados.","4"
"2024","motivo_nao_uso_ia","Tecnologia/Fábrica de Software","de 1.001 a 3.000","Preocupações com segurança e privacidade de dados.","4"
"2024","motivo_nao_uso_ia","Telecomunicação","Acima de 3.000","Preocupações com segurança e privacidade de dados.","4"
"2024","motivo_nao_uso_ia","Área de Consultoria","Acima de 3.000","Falta de compreensão dos casos de uso.","4"
"2024","motivo_nao_uso_ia","Tecnologia/Fábrica de Software","de 501 a 1.000","Falta de expertise das equipes técnicas ou falta de recursos internos.","4"
"2024","motivo_nao_uso_ia","Tecnologia/Fábrica de Software","de 501 a 1.000","Falta de compreensão dos casos de uso.","4"
"2024","motivo_nao_uso_ia","Outra Opção","de 11 a 50","Falta de expertise das equipes técnicas ou falta de recursos internos.","3"
"2024","motivo_nao_uso_ia","Setor Alimentício","de 101 a 500","Falta de compreensão dos casos de uso.","3"
"2024","motivo_nao_uso_ia","Área da Saúde","Acima de 3.000","Falta de expertise das equipes técnicas ou falta de recursos internos.","3"
"2024","motivo_nao_uso_ia","Tecnologia/Fábrica de Software","de 1 a 5","Falta de expertise das equipes técnicas ou falta de recursos internos.","3"
"2024","motivo_nao_uso_ia","Educação","de 1.001 a 3.000","Preocupações com segurança e privacidade de dados.","3"
"2024","motivo_nao_uso_ia","Marketing","de 101 a 500","Alta direção da empresa não vê valor ou não vê esse tipo de iniciativa como prioridade.","3"
"2024","motivo_nao_uso_ia","Educação","Acima de 3.000","Alta direção da empresa não vê valor ou não vê esse tipo de iniciativa como prioridade.","3"
"2024","motivo_nao_uso_ia","Indústria","de 51 a 100","Falta de expertise das equipes técnicas ou falta de recursos internos.","3"
"2024","motivo_nao_uso_ia","Setor Imobiliário/ Construção Civil","de 51 a 100","Falta de compreensão dos casos de uso.","3"
"2024","motivo_nao_uso_ia","Educação","de 101 a 500","Falta de expertise das equipes técnicas ou falta de recursos internos.","3"
"2024","motivo_nao_uso_ia","Área de Consultoria","de 11 a 50","Preocupações com propriedade intelectual (ou seja","3"
"2024","motivo_nao_uso_ia","Tecnologia/Fábrica de Software","de 11 a 50","Retorno sobre investimento (ROI) não comprovado de IA Generativa.","3"
"2024","motivo_nao_uso_ia","Educação","de 51 a 100","Falta de expertise das equipes técnicas ou falta de recursos internos.","3"
"2024","motivo_nao_uso_ia","Tecnologia/Fábrica de Software","de 501 a 1.000","Dados da empresa não estão prontos para uso de IA Generativa.","3"
"2024","motivo_nao_uso_ia","Área da Saúde","de 101 a 500","Falta de compreensão dos casos de uso.","3"
"2024","motivo_nao_uso_ia","Educação","de 501 a 1.000","Falta de compreensão dos casos de uso.","3"
"2024","motivo_nao_uso_ia","Outra Opção","de 51 a 100","Baixa qualidade e/ou falta de confiabilidade das saídas (alucinação dos modelos).","3"
"2024","motivo_nao_uso_ia","Área de Consultoria","de 6 a 10","Falta de expertise das equipes técnicas ou falta de recursos internos.","3"
"2024","motivo_nao_uso_ia","Setor Alimentício","Acima de 3.000","Dados da empresa não estão prontos para uso de IA Generativa.","3"
"2024","motivo_nao_uso_ia","Agronegócios","Acima de 3.000","Incerteza em relação a regulamentação ou questões regulatórias.","3"
"2024","motivo_nao_uso_ia","Setor Público","Acima de 3.000","Dados da empresa não estão prontos para uso de IA Generativa.","3"
"2024","motivo_nao_uso_ia","Setor Automotivo","Acima de 3.000","Dados da empresa não estão prontos para uso de IA Generativa.","3"
"2024","motivo_nao_uso_ia","Área de Consultoria","de 101 a 500","Retorno sobre investimento (ROI) não comprovado de IA Generativa.","3"
"2024","motivo_nao_uso_ia","Outra Opção","de 51 a 100","Falta de compreensão dos casos de uso.","3"
"2024","motivo_nao_uso_ia","Marketing","de 101 a 500","Preocupações com propriedade intelectual (ou seja","3"
"2024","motivo_nao_uso_ia","Finanças ou Bancos","de 1.001 a 3.000","Retorno sobre investimento (ROI) não comprovado de IA Generativa.","3"
"2024","motivo_nao_uso_ia","Outra Opção","de 101 a 500","Preocupações com segurança e privacidade de dados.","3"
"2024","motivo_nao_uso_ia","Setor Imobiliário/ Construção Civil","Acima de 3.000","Falta de compreensão dos casos de uso.","3"
"2024","motivo_nao_uso_ia","Internet/Ecommerce","de 101 a 500","Retorno sobre investimento (ROI) não comprovado de IA Generativa.","3"
"2024","motivo_nao_uso_ia","Tecnologia/Fábrica de Software","de 51 a 100","Baixa qualidade e/ou falta de confiabilidade das saídas (alucinação dos modelos).","3"
"2024","motivo_nao_uso_ia","Setor Alimentício","de 101 a 500","Falta de expertise das equipes técnicas ou falta de recursos internos.","3"
"2024","motivo_nao_uso_ia","Indústria","de 101 a 500","Preocupações com segurança e privacidade de dados.","3"
"2024","motivo_nao_uso_ia","Educação","Acima de 3.000","Dados da empresa não estão prontos para uso de IA Generativa.","3"
"2024","motivo_nao_uso_ia","Setor Automotivo","Acima de 3.000","Falta de expertise das equipes técnicas ou falta de recursos internos.","3"
"2024","motivo_nao_uso_ia","Área de Consultoria","de 11 a 50","tipo de dados usados para treinar um modelo de terceiros).","3"
"2024","motivo_nao_uso_ia","Área da Saúde","de 101 a 500","Retorno sobre investimento (ROI) não comprovado de IA Generativa.","3"
"2024","motivo_nao_uso_ia","Tecnologia/Fábrica de Software","de 11 a 50","tipo de dados usados para treinar um modelo de terceiros).","3"
"2024","motivo_nao_uso_ia","Tecnologia/Fábrica de Software","de 11 a 50","Falta de compreensão dos casos de uso.","3"
"2024","motivo_nao_uso_ia","Área da Saúde","de 501 a 1.000","Baixa qualidade e/ou falta de confiabilidade das saídas (alucinação dos modelos).","3"
"2024","motivo_nao_uso_ia","Tecnologia/Fábrica de Software","de 51 a 100","Incerteza em relação a regulamentação ou questões regulatórias.","3"
"2024","motivo_nao_uso_ia","Finanças ou Bancos","de 11 a 50","Falta de expertise das equipes técnicas ou falta de recursos internos.","3"
"2024","motivo_nao_uso_ia","Varejo","de 1.001 a 3.000","Dados da empresa não estão prontos para uso de IA Generativa.","3"
"2024","motivo_nao_uso_ia","Setor Público","Acima de 3.000","Preocupações com segurança e privacidade de dados.","3"
"2024","motivo_nao_uso_ia","Área de Consultoria","de 11 a 50","Dados da empresa não estão prontos para uso de IA Generativa.","3"
"2024","motivo_nao_uso_ia","Tecnologia/Fábrica de Software","de 1.001 a 3.000","tipo de dados usados para treinar um modelo de terceiros).","3"
"2024","motivo_nao_uso_ia","Outra Opção","de 101 a 500","Baixa qualidade e/ou falta de confiabilidade das saídas (alucinação dos modelos).","3"
"2024","motivo_nao_uso_ia","Outra Opção","de 501 a 1.000","Dados da empresa não estão prontos para uso de IA Generativa.","3"
"2024","motivo_nao_uso_ia","Marketing","de 1 a 5","Falta de expertise das equipes técnicas ou falta de recursos internos.","3"
"2024","motivo_nao_uso_ia","Indústria","de 51 a 100","Dados da empresa não estão prontos para uso de IA Generativa.","3"
"2024","motivo_nao_uso_ia","Marketing","de 101 a 500","Preocupações com segurança e privacidade de dados.","3"
"2024","motivo_nao_uso_ia","Área de Consultoria","Acima de 3.000","Dados da empresa não estão prontos para uso de IA Generativa.","3"
"2024","motivo_nao_uso_ia","Outra Opção","Acima de 3.000","Dados da empresa não estão prontos para uso de IA Generativa.","3"
"2024","motivo_nao_uso_ia","Finanças ou Bancos","de 101 a 500","Alta direção da empresa não vê valor ou não vê esse tipo de iniciativa como prioridade.","3"
"2024","motivo_nao_uso_ia","Indústria","Acima de 3.000","Baixa qualidade e/ou falta de confiabilidade das saídas (alucinação dos modelos).","3"
"2024","motivo_nao_uso_ia","Finanças ou Bancos","de 11 a 50","Dados da empresa não estão prontos para uso de IA Generativa.","3"
"2024","motivo_nao_uso_ia","Área de Consultoria","de 11 a 50","Preocupações com segurança e privacidade de dados.","3"
"2024","motivo_nao_uso_ia","Setor de Energia","Acima de 3.000","Dados da empresa não estão prontos para uso de IA Generativa.","3"
"2024","motivo_nao_uso_ia","Finanças ou Bancos","de 11 a 50","Falta de compreensão dos casos de uso.","3"
"2024","motivo_nao_uso_ia","Varejo","de 1.001 a 3.000","Falta de compreensão dos casos de uso.","3"
"2024","motivo_nao_uso_ia","Setor Público","Acima de 3.000","Incerteza em relação a regulamentação ou questões regulatórias.","3"
"2024","motivo_nao_uso_ia","Tecnologia/Fábrica de Software","de 11 a 50","Preocupações com propriedade intelectual (ou seja","3"
"2024","motivo_nao_uso_ia","Tecnologia/Fábrica de Software","de 1.001 a 3.000","Preocupações com propriedade intelectual (ou seja","3"
"2024","motivo_nao_uso_ia","Agronegócios","Acima de 3.000","Dados da empresa não estão prontos para uso de IA Generativa.","3"
"2024","motivo_nao_uso_ia","Área da Saúde","de 101 a 500","Falta de expertise das equipes técnicas ou falta de recursos internos.","3"
"2024","motivo_nao_uso_ia","Marketing","de 101 a 500","Baixa qualidade e/ou falta de confiabilidade das saídas (alucinação dos modelos).","3"
"2024","motivo_nao_uso_ia","Marketing","de 101 a 500","tipo de dados usados para treinar um modelo de terceiros).","3"
"2024","motivo_nao_uso_ia","Área da Saúde","de 501 a 1.000","Falta de compreensão dos casos de uso.","3"
"2024","motivo_nao_uso_ia","Setor Público","Acima de 3.000","Retorno sobre investimento (ROI) não comprovado de IA Generativa.","3"
"2024","motivo_nao_uso_ia","Finanças ou Bancos","de 501 a 1.000","Incerteza em relação a regulamentação ou questões regulatórias.","3"
"2024","motivo_nao_uso_ia","Finanças ou Bancos","de 501 a 1.000","Alta direção da empresa não vê valor ou não vê esse tipo de iniciativa como prioridade.","3"
"2024","motivo_nao_uso_ia","Indústria","de 101 a 500","Alta direção da empresa não vê valor ou não vê esse tipo de iniciativa como prioridade.","2"
"2024","motivo_nao_uso_ia","Área de Consultoria","Acima de 3.000","Retorno sobre investimento (ROI) não comprovado de IA Generativa.","2"
"2024","motivo_nao_uso_ia","Indústria","Acima de 3.000","Alta direção da empresa não vê valor ou não vê esse tipo de iniciativa como prioridade.","2"
"2024","motivo_nao_uso_ia","Marketing","de 101 a 500","Incerteza em relação a regulamentação ou questões regulatórias.","2"
"2024","motivo_nao_uso_ia","Telecomunicação","Acima de 3.000","Incerteza em relação a regulamentação ou questões regulatórias.","2"
"2024","motivo_nao_uso_ia","Setor Imobiliário/ Construção Civil","de 1.001 a 3.000","Dados da empresa não estão prontos para uso de IA Generativa.","2"
"2024","motivo_nao_uso_ia","Tecnologia/Fábrica de Software","de 6 a 10","tipo de dados usados para treinar um modelo de terceiros).","2"
"2024","motivo_nao_uso_ia","Indústria","de 1.001 a 3.000","Baixa qualidade e/ou falta de confiabilidade das saídas (alucinação dos modelos).","2"
"2024","motivo_nao_uso_ia","Setor Automotivo","de 101 a 500","Falta de compreensão dos casos de uso.","2"
"2024","motivo_nao_uso_ia","Setor Automotivo","Acima de 3.000","Falta de compreensão dos casos de uso.","2"
"2024","motivo_nao_uso_ia","Marketing","de 51 a 100","tipo de dados usados para treinar um modelo de terceiros).","2"
"2024","motivo_nao_uso_ia","Tecnologia/Fábrica de Software","de 6 a 10","Preocupações com propriedade intelectual (ou seja","2"
"2024","motivo_nao_uso_ia","Finanças ou Bancos","de 11 a 50","Baixa qualidade e/ou falta de confiabilidade das saídas (alucinação dos modelos).","2"
"2024","motivo_nao_uso_ia","Seguros ou Previdência","de 101 a 500","Baixa qualidade e/ou falta de confiabilidade das saídas (alucinação dos modelos).","2"
"2024","motivo_nao_uso_ia","Área da Saúde","de 1.001 a 3.000","Preocupações com segurança e privacidade de dados.","2"
"2024","motivo_nao_uso_ia","Seguros ou Previdência","Acima de 3.000","Dados da empresa não estão prontos para uso de IA Generativa.","2"
"2024","motivo_nao_uso_ia","Setor Imobiliário/ Construção Civil","de 501 a 1.000","Dados da empresa não estão prontos para uso de IA Generativa.","2"
"2024","motivo_nao_uso_ia","Educação","de 51 a 100","Preocupações com segurança e privacidade de dados.","2"
"2024","motivo_nao_uso_ia","Setor Público","de 101 a 500","Falta de compreensão dos casos de uso.","2"
"2024","motivo_nao_uso_ia","Setor Automotivo","Acima de 3.000","Retorno sobre investimento (ROI) não comprovado de IA Generativa.","2"
"2024","motivo_nao_uso_ia","Área de Consultoria","de 101 a 500","Dados da empresa não estão prontos para uso de IA Generativa.","2"
"2024","motivo_nao_uso_ia","Outra Opção","de 11 a 50","tipo de dados usados para treinar um modelo de terceiros).","2"
"2024","motivo_nao_uso_ia","Setor de Energia","Acima de 3.000","Baixa qualidade e/ou falta de confiabilidade das saídas (alucinação dos modelos).","2"
"2024","motivo_nao_uso_ia","Outra Opção","de 51 a 100","Dados da empresa não estão prontos para uso de IA Generativa.","2"
"2024","motivo_nao_uso_ia","Agronegócios","de 11 a 50","Falta de compreensão dos casos de uso.","2"
"2024","motivo_nao_uso_ia","Entretenimento ou Esportes","Acima de 3.000","Preocupações com segurança e privacidade de dados.","2"
"2024","motivo_nao_uso_ia","Setor Público","de 501 a 1.000","Preocupações com segurança e privacidade de dados.","2"
"2024","motivo_nao_uso_ia","Área da Saúde","de 1.001 a 3.000","Alta direção da empresa não vê valor ou não vê esse tipo de iniciativa como prioridade.","2"
"2024","motivo_nao_uso_ia","Educação","de 501 a 1.000","Falta de expertise das equipes técnicas ou falta de recursos internos.","2"
"2024","motivo_nao_uso_ia","Área da Saúde","de 501 a 1.000","Falta de expertise das equipes técnicas ou falta de recursos internos.","2"
"2024","motivo_nao_uso_ia","Outra Opção","de 1.001 a 3.000","Alta direção da empresa não vê valor ou não vê esse tipo de iniciativa como prioridade.","2"
"2024","motivo_nao_uso_ia","Área de Consultoria","de 1.001 a 3.000","Falta de expertise das equipes técnicas ou falta de recursos internos.","2"
"2024","motivo_nao_uso_ia","Finanças ou Bancos","de 101 a 500","Preocupações com propriedade intelectual (ou seja","2"
"2024","motivo_nao_uso_ia","Telecomunicação","de 501 a 1.000","Retorno sobre investimento (ROI) não comprovado de IA Generativa.","2"
"2024","motivo_nao_uso_ia","Agronegócios","Acima de 3.000","Preocupações com propriedade intelectual (ou seja","2"
"2024","motivo_nao_uso_ia","Setor Alimentício","de 101 a 500","Alta direção da empresa não vê valor ou não vê esse tipo de iniciativa como prioridade.","2"
"2024","motivo_nao_uso_ia","Área da Saúde","de 501 a 1.000","Dados da empresa não estão prontos para uso de IA Generativa.","2"
"2024","motivo_nao_uso_ia","Tecnologia/Fábrica de Software","de 501 a 1.000","Retorno sobre investimento (ROI) não comprovado de IA Generativa.","2"
"2024","motivo_nao_uso_ia","Tecnologia/Fábrica de Software","de 101 a 500","Alta direção da empresa não vê valor ou não vê esse tipo de iniciativa como prioridade.","2"
"2024","motivo_nao_uso_ia","Tecnologia/Fábrica de Software","de 501 a 1.000","Alta direção da empresa não vê valor ou não vê esse tipo de iniciativa como prioridade.","2"
"2024","motivo_nao_uso_ia","Setor Automotivo","Acima de 3.000","Preocupações com propriedade intelectual (ou seja","2"
"2024","motivo_nao_uso_ia","Internet/Ecommerce","de 101 a 500","Falta de expertise das equipes técnicas ou falta de recursos internos.","2"
"2024","motivo_nao_uso_ia","Área de Consultoria","de 101 a 500","Falta de compreensão dos casos de uso.","2"
"2024","motivo_nao_uso_ia","Educação","Acima de 3.000","Baixa qualidade e/ou falta de confiabilidade das saídas (alucinação dos modelos).","2"
"2024","motivo_nao_uso_ia","Internet/Ecommerce","Acima de 3.000","tipo de dados usados para treinar um modelo de terceiros).","2"
"2024","motivo_nao_uso_ia","Seguros ou Previdência","Acima de 3.000","Falta de expertise das equipes técnicas ou falta de recursos internos.","2"
"2024","motivo_nao_uso_ia","Outra Opção","de 11 a 50","Preocupações com segurança e privacidade de dados.","2"
"2024","motivo_nao_uso_ia","Setor Automotivo","Acima de 3.000","Preocupações com segurança e privacidade de dados.","2"
"2024","motivo_nao_uso_ia","Tecnologia/Fábrica de Software","de 1.001 a 3.000","Alta direção da empresa não vê valor ou não vê esse tipo de iniciativa como prioridade.","2"
"2024","motivo_nao_uso_ia","Indústria","de 1 a 5","Preocupações com segurança e privacidade de dados.","2"
"2024","motivo_nao_uso_ia","Área da Saúde","de 11 a 50","Dados da empresa não estão prontos para uso de IA Generativa.","2"
"2024","motivo_nao_uso_ia","Internet/Ecommerce","de 1.001 a 3.000","Falta de expertise das equipes técnicas ou falta de recursos internos.","2"
"2024","motivo_nao_uso_ia","Setor Imobiliário/ Construção Civil","Acima de 3.000","tipo de dados usados para treinar um modelo de terceiros).","2"
"2024","motivo_nao_uso_ia","Finanças ou Bancos","de 51 a 100","Preocupações com segurança e privacidade de dados.","2"
"2024","motivo_nao_uso_ia","Setor Público","de 501 a 1.000","Falta de compreensão dos casos de uso.","2"
"2024","motivo_nao_uso_ia","Marketing","Acima de 3.000","Falta de expertise das equipes técnicas ou falta de recursos internos.","2"
"2024","motivo_nao_uso_ia","Área da Saúde","de 11 a 50","Falta de expertise das equipes técnicas ou falta de recursos internos.","2"
"2024","motivo_nao_uso_ia","Finanças ou Bancos","de 1.001 a 3.000","Incerteza em relação a regulamentação ou questões regulatórias.","2"
"2024","motivo_nao_uso_ia","Marketing","de 11 a 50","Falta de compreensão dos casos de uso.","2"
"2024","motivo_nao_uso_ia","Área de Consultoria","de 101 a 500","Preocupações com segurança e privacidade de dados.","2"
"2024","motivo_nao_uso_ia","Varejo","de 101 a 500","Falta de expertise das equipes técnicas ou falta de recursos internos.","2"
"2024","motivo_nao_uso_ia","Setor Imobiliário/ Construção Civil","Acima de 3.000","Preocupações com propriedade intelectual (ou seja","2"
"2024","motivo_nao_uso_ia","Área da Saúde","de 101 a 500","Dados da empresa não estão prontos para uso de IA Generativa.","2"
"2024","motivo_nao_uso_ia","Tecnologia/Fábrica de Software","Acima de 3.000","Preocupações com propriedade intelectual (ou seja","2"
"2024","motivo_nao_uso_ia","Indústria","de 101 a 500","Retorno sobre investimento (ROI) não comprovado de IA Generativa.","2"
"2024","motivo_nao_uso_ia","Setor Imobiliário/ Construção Civil","de 51 a 100","Baixa qualidade e/ou falta de confiabilidade das saídas (alucinação dos modelos).","2"
"2024","motivo_nao_uso_ia","Área da Saúde","de 1.001 a 3.000","Falta de expertise das equipes técnicas ou falta de recursos internos.","2"
"2024","motivo_nao_uso_ia","Agronegócios","Acima de 3.000","Falta de expertise das equipes técnicas ou falta de recursos internos.","2"
"2024","motivo_nao_uso_ia","Marketing","de 1 a 5","Falta de compreensão dos casos de uso.","2"
"2024","motivo_nao_uso_ia","Agronegócios","de 11 a 50","Preocupações com propriedade intelectual (ou seja","2"
"2024","motivo_nao_uso_ia","Setor de Energia","de 1.001 a 3.000","Dados da empresa não estão prontos para uso de IA Generativa.","2"
"2024","motivo_nao_uso_ia","Tecnologia/Fábrica de Software","de 1 a 5","Preocupações com segurança e privacidade de dados.","2"
"2024","motivo_nao_uso_ia","Outra Opção","de 11 a 50","Preocupações com propriedade intelectual (ou seja","2"
"2024","motivo_nao_uso_ia","Outra Opção","de 11 a 50","Incerteza em relação a regulamentação ou questões regulatórias.","2"
"2024","motivo_nao_uso_ia","Outra Opção","de 501 a 1.000","Falta de compreensão dos casos de uso.","2"
"2024","motivo_nao_uso_ia","Agronegócios","Acima de 3.000","tipo de dados usados para treinar um modelo de terceiros).","2"
"2024","motivo_nao_uso_ia","Setor Imobiliário/ Construção Civil","de 101 a 500","Falta de compreensão dos casos de uso.","2"
"2024","motivo_nao_uso_ia","Educação","de 101 a 500","Falta de compreensão dos casos de uso.","2"
"2024","motivo_nao_uso_ia","Telecomunicação","Acima de 3.000","tipo de dados usados para treinar um modelo de terceiros).","2"
"2024","motivo_nao_uso_ia","Área da Saúde","de 501 a 1.000","Alta direção da empresa não vê valor ou não vê esse tipo de iniciativa como prioridade.","2"
"2024","motivo_nao_uso_ia","Setor Imobiliário/ Construção Civil","Acima de 3.000","Baixa qualidade e/ou falta de confiabilidade das saídas (alucinação dos modelos).","2"
"2024","motivo_nao_uso_ia","Educação","de 11 a 50","Falta de expertise das equipes técnicas ou falta de recursos internos.","2"
"2024","motivo_nao_uso_ia","Setor Alimentício","Acima de 3.000","Preocupações com propriedade intelectual (ou seja","2"
"2024","motivo_nao_uso_ia","Setor Público","de 501 a 1.000","Dados da empresa não estão prontos para uso de IA Generativa.","2"
"2024","motivo_nao_uso_ia","Varejo","de 101 a 500","Retorno sobre investimento (ROI) não comprovado de IA Generativa.","2"
"2024","motivo_nao_uso_ia","Outra Opção","de 501 a 1.000","Falta de expertise das equipes técnicas ou falta de recursos internos.","2"
"2024","motivo_nao_uso_ia","Outra Opção","de 51 a 100","Retorno sobre investimento (ROI) não comprovado de IA Generativa.","2"
"2024","motivo_nao_uso_ia","Marketing","de 51 a 100","Preocupações com propriedade intelectual (ou seja","2"
"2024","motivo_nao_uso_ia","Indústria","de 51 a 100","Falta de compreensão dos casos de uso.","2"
"2024","motivo_nao_uso_ia","Agronegócios","Acima de 3.000","Retorno sobre investimento (ROI) não comprovado de IA Generativa.","2"
"2024","motivo_nao_uso_ia","Setor Público","de 501 a 1.000","tipo de dados usados para treinar um modelo de terceiros).","2"
"2024","motivo_nao_uso_ia","Área da Saúde","de 1.001 a 3.000","Dados da empresa não estão prontos para uso de IA Generativa.","2"
"2024","motivo_nao_uso_ia","Telecomunicação","Acima de 3.000","Preocupações com propriedade intelectual (ou seja","2"
"2024","motivo_nao_uso_ia","Setor Alimentício","de 101 a 500","Dados da empresa não estão prontos para uso de IA Generativa.","2"
"2024","motivo_nao_uso_ia","Telecomunicação","de 501 a 1.000","Dados da empresa não estão prontos para uso de IA Generativa.","2"
"2024","motivo_nao_uso_ia","Área da Saúde","de 1.001 a 3.000","Falta de compreensão dos casos de uso.","2"
"2024","motivo_nao_uso_ia","Área de Consultoria","de 501 a 1.000","Retorno sobre investimento (ROI) não comprovado de IA Generativa.","2"
"2024","motivo_nao_uso_ia","Setor Automotivo","Acima de 3.000","tipo de dados usados para treinar um modelo de terceiros).","2"
"2024","motivo_nao_uso_ia","Área de Consultoria","de 101 a 500","tipo de dados usados para treinar um modelo de terceiros).","2"
"2024","motivo_nao_uso_ia","Agronegócios","de 11 a 50","Alta direção da empresa não vê valor ou não vê esse tipo de iniciativa como prioridade.","2"
"2024","motivo_nao_uso_ia","Marketing","de 101 a 500","Retorno sobre investimento (ROI) não comprovado de IA Generativa.","2"
"2024","motivo_nao_uso_ia","Seguros ou Previdência","de 101 a 500","Falta de compreensão dos casos de uso.","2"
"2024","motivo_nao_uso_ia","Educação","de 101 a 500","Baixa qualidade e/ou falta de confiabilidade das saídas (alucinação dos modelos).","2"
"2024","motivo_nao_uso_ia","Internet/Ecommerce","de 11 a 50","Dados da empresa não estão prontos para uso de IA Generativa.","2"
"2024","motivo_nao_uso_ia","Marketing","Acima de 3.000","Dados da empresa não estão prontos para uso de IA Generativa.","2"
"2024","motivo_nao_uso_ia","Tecnologia/Fábrica de Software","de 1 a 5","Preocupações com propriedade intelectual (ou seja","2"
"2024","motivo_nao_uso_ia","Setor Alimentício","Acima de 3.000","Baixa qualidade e/ou falta de confiabilidade das saídas (alucinação dos modelos).","2"
"2024","motivo_nao_uso_ia","Área da Saúde","Acima de 3.000","Preocupações com propriedade intelectual (ou seja","2"
"2024","motivo_nao_uso_ia","Setor Imobiliário/ Construção Civil","Acima de 3.000","Falta de expertise das equipes técnicas ou falta de recursos internos.","2"
"2024","motivo_nao_uso_ia","Indústria","de 1.001 a 3.000","Dados da empresa não estão prontos para uso de IA Generativa.","2"
"2024","motivo_nao_uso_ia","Educação","de 101 a 500","Alta direção da empresa não vê valor ou não vê esse tipo de iniciativa como prioridade.","2"
"2024","motivo_nao_uso_ia","Seguros ou Previdência","de 11 a 50","Dados da empresa não estão prontos para uso de IA Generativa.","2"
"2024","motivo_nao_uso_ia","Marketing","de 11 a 50","Falta de expertise das equipes técnicas ou falta de recursos internos.","2"
"2024","motivo_nao_uso_ia","Finanças ou Bancos","de 11 a 50","Retorno sobre investimento (ROI) não comprovado de IA Generativa.","2"
"2024","motivo_nao_uso_ia","Educação","Acima de 3.000","Preocupações com propriedade intelectual (ou seja","2"
"2024","motivo_nao_uso_ia","Outra Opção","de 51 a 100","Falta de expertise das equipes técnicas ou falta de recursos internos.","2"
"2024","motivo_nao_uso_ia","Área de Consultoria","de 51 a 100","Falta de expertise das equipes técnicas ou falta de recursos internos.","2"
"2024","motivo_nao_uso_ia","Área de Consultoria","de 51 a 100","Retorno sobre investimento (ROI) não comprovado de IA Generativa.","2"
"2024","motivo_nao_uso_ia","Internet/Ecommerce","de 1 a 5","Preocupações com segurança e privacidade de dados.","2"
"2024","motivo_nao_uso_ia","Agronegócios","de 11 a 50","tipo de dados usados para treinar um modelo de terceiros).","2"
"2024","motivo_nao_uso_ia","Setor Alimentício","de 51 a 100","Falta de expertise das equipes técnicas ou falta de recursos internos.","2"
"2024","motivo_nao_uso_ia","Setor Imobiliário/ Construção Civil","Acima de 3.000","Retorno sobre investimento (ROI) não comprovado de IA Generativa.","2"
"2024","motivo_nao_uso_ia","Entretenimento ou Esportes","Acima de 3.000","Baixa qualidade e/ou falta de confiabilidade das saídas (alucinação dos modelos).","2"
"2024","motivo_nao_uso_ia","Setor Público","Acima de 3.000","Baixa qualidade e/ou falta de confiabilidade das saídas (alucinação dos modelos).","2"
"2024","motivo_nao_uso_ia","Outra Opção","de 1.001 a 3.000","Retorno sobre investimento (ROI) não comprovado de IA Generativa.","2"
"2024","motivo_nao_uso_ia","Internet/Ecommerce","de 11 a 50","Baixa qualidade e/ou falta de confiabilidade das saídas (alucinação dos modelos).","2"
"2024","motivo_nao_uso_ia","Área de Consultoria","Acima de 3.000","Baixa qualidade e/ou falta de confiabilidade das saídas (alucinação dos modelos).","2"
"2024","motivo_nao_uso_ia","Tecnologia/Fábrica de Software","de 6 a 10","Retorno sobre investimento (ROI) não comprovado de IA Generativa.","2"
"2024","motivo_nao_uso_ia","Área de Consultoria","de 101 a 500","Preocupações com propriedade intelectual (ou seja","2"
"2024","motivo_nao_uso_ia","Setor de Energia","Acima de 3.000","Retorno sobre investimento (ROI) não comprovado de IA Generativa.","2"
"2024","motivo_nao_uso_ia","Área da Saúde","Acima de 3.000","tipo de dados usados para treinar um modelo de terceiros).","2"
"2024","motivo_nao_uso_ia","Tecnologia/Fábrica de Software","Acima de 3.000","tipo de dados usados para treinar um modelo de terceiros).","2"
"2024","motivo_nao_uso_ia","Outra Opção","de 11 a 50","Falta de compreensão dos casos de uso.","2"
"2024","motivo_nao_uso_ia","Marketing","Acima de 3.000","Preocupações com segurança e privacidade de dados.","2"
"2024","motivo_nao_uso_ia","Finanças ou Bancos","Acima de 3.000","Alta direção da empresa não vê valor ou não vê esse tipo de iniciativa como prioridade.","2"
"2024","motivo_nao_uso_ia","Setor Público","de 101 a 500","Falta de expertise das equipes técnicas ou falta de recursos internos.","2"
"2024","motivo_nao_uso_ia","Agronegócios","Acima de 3.000","Preocupações com segurança e privacidade de dados.","2"
"2024","motivo_nao_uso_ia","Setor Público","de 501 a 1.000","Preocupações com propriedade intelectual (ou seja","2"
"2024","motivo_nao_uso_ia","Educação","de 101 a 500","Retorno sobre investimento (ROI) não comprovado de IA Generativa.","2"
"2024","motivo_nao_uso_ia","Área de Consultoria","de 101 a 500","Baixa qualidade e/ou falta de confiabilidade das saídas (alucinação dos modelos).","2"
"2024","motivo_nao_uso_ia","Finanças ou Bancos","de 101 a 500","tipo de dados usados para treinar um modelo de terceiros).","2"
"2024","motivo_nao_uso_ia","Outra Opção","de 1 a 5","Baixa qualidade e/ou falta de confiabilidade das saídas (alucinação dos modelos).","2"
"2024","motivo_nao_uso_ia","Internet/Ecommerce","Acima de 3.000","Preocupações com propriedade intelectual (ou seja","2"
"2024","motivo_nao_uso_ia","Área de Consultoria","de 501 a 1.000","Falta de expertise das equipes técnicas ou falta de recursos internos.","2"
"2024","motivo_nao_uso_ia","Seguros ou Previdência","Acima de 3.000","Preocupações com segurança e privacidade de dados.","2"
"2024","motivo_nao_uso_ia","Educação","de 51 a 100","Dados da empresa não estão prontos para uso de IA Generativa.","2"
"2024","motivo_nao_uso_ia","Tecnologia/Fábrica de Software","de 101 a 500","Incerteza em relação a regulamentação ou questões regulatórias.","2"
"2024","motivo_nao_uso_ia","Tecnologia/Fábrica de Software","de 1 a 5","tipo de dados usados para treinar um modelo de terceiros).","2"
"2024","motivo_nao_uso_ia","Agronegócios","Acima de 3.000","Falta de compreensão dos casos de uso.","2"
"2024","motivo_nao_uso_ia","Tecnologia/Fábrica de Software","de 1 a 5","Incerteza em relação a regulamentação ou questões regulatórias.","2"
"2024","motivo_nao_uso_ia","Indústria","de 501 a 1.000","Falta de compreensão dos casos de uso.","2"
"2024","motivo_nao_uso_ia","Educação","Acima de 3.000","tipo de dados usados para treinar um modelo de terceiros).","2"
"2024","motivo_nao_uso_ia","Setor Alimentício","Acima de 3.000","tipo de dados usados para treinar um modelo de terceiros).","2"
"2024","motivo_nao_uso_ia","Indústria","de 51 a 100","Preocupações com segurança e privacidade de dados.","2"
"2024","motivo_nao_uso_ia","Indústria","de 501 a 1.000","Retorno sobre investimento (ROI) não comprovado de IA Generativa.","1"
"2024","motivo_nao_uso_ia","Tecnologia/Fábrica de Software","de 1 a 5","Sem necessidade","1"
"2024","motivo_nao_uso_ia","Área de Consultoria","de 11 a 50","Incerteza em relação a regulamentação ou questões regulatórias.","1"
"2024","motivo_nao_uso_ia","Setor Público","Acima de 3.000","se devidamente direcionadas","1"
"2024","motivo_nao_uso_ia","Finanças ou Bancos","Acima de 3.000",".","1"
"2024","motivo_nao_uso_ia","Setor Alimentício","de 11 a 50","Baixa qualidade e/ou falta de confiabilidade das saídas (alucinação dos modelos).","1"
"2024","motivo_nao_uso_ia","Setor Imobiliário/ Construção Civil","de 1.001 a 3.000","Falta de expertise das equipes técnicas ou falta de recursos internos.","1"
"2024","motivo_nao_uso_ia","Setor Automotivo","de 1.001 a 3.000","Preocupações com propriedade intelectual (ou seja","1"
"2024","motivo_nao_uso_ia","Varejo","de 1.001 a 3.000","Preocupações com segurança e privacidade de dados.","1"
"2024","motivo_nao_uso_ia","Área de Consultoria","de 501 a 1.000","Baixa qualidade e/ou falta de confiabilidade das saídas (alucinação dos modelos).","1"
"2024","motivo_nao_uso_ia","Setor Imobiliário/ Construção Civil","de 1.001 a 3.000","Baixa qualidade e/ou falta de confiabilidade das saídas (alucinação dos modelos).","1"
"2024","motivo_nao_uso_ia","Marketing","Acima de 3.000","Falta de compreensão dos casos de uso.","1"
"2024","motivo_nao_uso_ia","Entretenimento ou Esportes","Acima de 3.000","Falta de expertise das equipes técnicas ou falta de recursos internos.","1"
"2024","motivo_nao_uso_ia","Entretenimento ou Esportes","Acima de 3.000","tipo de dados usados para treinar um modelo de terceiros).","1"
"2024","motivo_nao_uso_ia","Área de Consultoria","de 1 a 5","Baixa qualidade e/ou falta de confiabilidade das saídas (alucinação dos modelos).","1"
"2024","motivo_nao_uso_ia","Setor Público","de 101 a 500","Preocupações com propriedade intelectual (ou seja","1"
"2024","motivo_nao_uso_ia","Indústria","de 51 a 100","Alta direção da empresa não vê valor ou não vê esse tipo de iniciativa como prioridade.","1"
"2024","motivo_nao_uso_ia","Área de Consultoria","de 501 a 1.000","Dados da empresa não estão prontos para uso de IA Generativa.","1"
"2024","motivo_nao_uso_ia","Marketing","de 1 a 5","Alta direção da empresa não vê valor ou não vê esse tipo de iniciativa como prioridade.","1"
"2024","motivo_nao_uso_ia","Filantropia/ONG's","de 11 a 50","Preocupações com segurança e privacidade de dados.","1"
"2024","motivo_nao_uso_ia","Indústria","de 11 a 50","Alta direção da empresa não vê valor ou não vê esse tipo de iniciativa como prioridade.","1"
"2024","motivo_nao_uso_ia","Outra Opção","de 1.001 a 3.000","Investimento em pessoas dedicadas para tal (Investimento de tempo/valor)","1"
"2024","motivo_nao_uso_ia","Setor Imobiliário/ Construção Civil","de 1.001 a 3.000","Não tem impedimento","1"
"2024","motivo_nao_uso_ia","Setor Público","de 501 a 1.000","Retorno sobre investimento (ROI) não comprovado de IA Generativa.","1"
"2024","motivo_nao_uso_ia","Seguros ou Previdência","Acima de 3.000","Incerteza em relação a regulamentação ou questões regulatórias.","1"
"2024","motivo_nao_uso_ia","Área de Consultoria","de 1.001 a 3.000","Preocupações com segurança e privacidade de dados.","1"
"2024","motivo_nao_uso_ia","Tecnologia/Fábrica de Software","de 101 a 500","Estamos criando","1"
"2024","motivo_nao_uso_ia","Telecomunicação","de 101 a 500","Falta de compreensão dos casos de uso.","1"
"2024","motivo_nao_uso_ia","Agronegócios","de 101 a 500","Alta direção da empresa não vê valor ou não vê esse tipo de iniciativa como prioridade.","1"
"2024","motivo_nao_uso_ia","Seguros ou Previdência","Acima de 3.000","Falta de compreensão dos casos de uso.","1"
"2024","motivo_nao_uso_ia","Internet/Ecommerce","de 6 a 10","Dados da empresa não estão prontos para uso de IA Generativa.","1"
"2024","motivo_nao_uso_ia","Setor Imobiliário/ Construção Civil","de 101 a 500","Preocupações com segurança e privacidade de dados.","1"
"2024","motivo_nao_uso_ia","Indústria","de 1 a 5","Retorno sobre investimento (ROI) não comprovado de IA Generativa.","1"
"2024","motivo_nao_uso_ia","Seguros ou Previdência","de 101 a 500","Falta de expertise das equipes técnicas ou falta de recursos internos.","1"
"2024","motivo_nao_uso_ia","Varejo","de 501 a 1.000","Retorno sobre investimento (ROI) não comprovado de IA Generativa.","1"
"2024","motivo_nao_uso_ia","Marketing","de 1 a 5","Dados da empresa não estão prontos para uso de IA Generativa.","1"
"2024","motivo_nao_uso_ia","Entretenimento ou Esportes","de 1.001 a 3.000","Retorno sobre investimento (ROI) não comprovado de IA Generativa.","1"
"2024","motivo_nao_uso_ia","Setor Imobiliário/ Construção Civil","de 101 a 500","Dados da empresa não estão prontos para uso de IA Generativa.","1"
"2024","motivo_nao_uso_ia","Área da Saúde","Acima de 3.000","Conhecimento","1"
"2024","motivo_nao_uso_ia","Varejo","Acima de 3.000","Outras prioridades","1"
"2024","motivo_nao_uso_ia","Telecomunicação","de 1.001 a 3.000","Incerteza em relação a regulamentação ou questões regulatórias.","1"
"2024","motivo_nao_uso_ia","Setor Alimentício","de 1 a 5","Falta de expertise das equipes técnicas ou falta de recursos internos.","1"
"2024","motivo_nao_uso_ia","Outra Opção","de 101 a 500","Alta direção da empresa não vê valor ou não vê esse tipo de iniciativa como prioridade.","1"
"2024","motivo_nao_uso_ia","Entretenimento ou Esportes","de 11 a 50","Dados da empresa não estão prontos para uso de IA Generativa.","1"
"2024","motivo_nao_uso_ia","Agronegócios","de 11 a 50","Retorno sobre investimento (ROI) não comprovado de IA Generativa.","1"
"2024","motivo_nao_uso_ia","Setor Imobiliário/ Construção Civil","de 51 a 100","Alta direção da empresa não vê valor ou não vê esse tipo de iniciativa como prioridade.","1"
"2024","motivo_nao_uso_ia","Área da Saúde","de 101 a 500","Alta direção da empresa não vê valor ou não vê esse tipo de iniciativa como prioridade.","1"
"2024","motivo_nao_uso_ia","Área de Consultoria","de 1 a 5","Incerteza em relação a regulamentação ou questões regulatórias.","1"
"2024","motivo_nao_uso_ia","Internet/Ecommerce","de 1 a 5","Baixa qualidade e/ou falta de confiabilidade das saídas (alucinação dos modelos).","1"
"2024","motivo_nao_uso_ia","Educação","de 1 a 5","tipo de dados usados para treinar um modelo de terceiros).","1"
"2024","motivo_nao_uso_ia","Entretenimento ou Esportes","Acima de 3.000","Incerteza em relação a regulamentação ou questões regulatórias.","1"
"2024","motivo_nao_uso_ia","Marketing","de 501 a 1.000","Falta de expertise das equipes técnicas ou falta de recursos internos.","1"
"2024","motivo_nao_uso_ia","Entretenimento ou Esportes","de 51 a 100","Dados da empresa não estão prontos para uso de IA Generativa.","1"
"2024","motivo_nao_uso_ia","Área da Saúde","de 501 a 1.000","Preocupações com segurança e privacidade de dados.","1"
"2024","motivo_nao_uso_ia","Setor Automotivo","de 1.001 a 3.000","Dados da empresa não estão prontos para uso de IA Generativa.","1"
"2024","motivo_nao_uso_ia","Varejo","de 101 a 500","Alta direção da empresa não vê valor ou não vê esse tipo de iniciativa como prioridade.","1"
"2024","motivo_nao_uso_ia","Outra Opção","de 1.001 a 3.000","Preocupações com segurança e privacidade de dados.","1"
"2024","motivo_nao_uso_ia","Setor Imobiliário/ Construção Civil","de 1 a 5","Falta de expertise das equipes técnicas ou falta de recursos internos.","1"
"2024","motivo_nao_uso_ia","Indústria","de 501 a 1.000","Alta direção da empresa não vê valor ou não vê esse tipo de iniciativa como prioridade.","1"
"2024","motivo_nao_uso_ia","Internet/Ecommerce","de 1.001 a 3.000","Falta de compreensão dos casos de uso.","1"
"2024","motivo_nao_uso_ia","Varejo","Acima de 3.000","Falta de Governança definida e estabelecida para o tema na Empresa","1"
"2024","motivo_nao_uso_ia","Internet/Ecommerce","de 101 a 500","para nossa empresa","1"
"2024","motivo_nao_uso_ia","Telecomunicação","de 51 a 100","Dados da empresa não estão prontos para uso de IA Generativa.","1"
"2024","motivo_nao_uso_ia","Setor Público","Acima de 3.000","Custo ainda é muito elevado","1"
"2024","motivo_nao_uso_ia","Marketing","de 51 a 100","Busca sempre por soluções gratuitas. Não investe em soluções pagas como consumo por API.","1"
"2024","motivo_nao_uso_ia","Setor Alimentício","de 101 a 500","Preocupações com segurança e privacidade de dados.","1"
"2024","motivo_nao_uso_ia","Setor Alimentício","de 51 a 100","Dados da empresa não estão prontos para uso de IA Generativa.","1"
"2024","motivo_nao_uso_ia","Tecnologia/Fábrica de Software","de 101 a 500","desenvolvendo produtos","1"
"2024","motivo_nao_uso_ia","Marketing","de 501 a 1.000","Alta direção da empresa não vê valor ou não vê esse tipo de iniciativa como prioridade.","1"
"2024","motivo_nao_uso_ia","Finanças ou Bancos","de 1 a 5","tipo de dados usados para treinar um modelo de terceiros).","1"
"2024","motivo_nao_uso_ia","Área de Consultoria","de 501 a 1.000","tipo de dados usados para treinar um modelo de terceiros).","1"
"2024","motivo_nao_uso_ia","Filantropia/ONG's","de 501 a 1.000","Falta de compreensão dos casos de uso.","1"
"2024","motivo_nao_uso_ia","Outra Opção","Acima de 3.000","Sem impedimentos","1"
"2024","motivo_nao_uso_ia","Finanças ou Bancos","de 51 a 100","Dados da empresa não estão prontos para uso de IA Generativa.","1"
"2024","motivo_nao_uso_ia","Varejo","de 1.001 a 3.000","Alta direção da empresa não vê valor ou não vê esse tipo de iniciativa como prioridade.","1"
"2024","motivo_nao_uso_ia","Internet/Ecommerce","de 1.001 a 3.000","Dados da empresa não estão prontos para uso de IA Generativa.","1"
"2024","motivo_nao_uso_ia","Seguros ou Previdência","de 101 a 500","Preocupações com segurança e privacidade de dados.","1"
"2024","motivo_nao_uso_ia","Internet/Ecommerce","de 101 a 500","Não é aplicável","1"
"2024","motivo_nao_uso_ia","Área de Consultoria","de 6 a 10","tipo de dados usados para treinar um modelo de terceiros).","1"
"2024","motivo_nao_uso_ia","Internet/Ecommerce","de 1.001 a 3.000","Retorno sobre investimento (ROI) não comprovado de IA Generativa.","1"
"2024","motivo_nao_uso_ia","Tecnologia/Fábrica de Software","de 51 a 100","tipo de dados usados para treinar um modelo de terceiros).","1"
"2024","motivo_nao_uso_ia","Área de Consultoria","de 11 a 50","IA está no nosso dia a dia","1"
"2024","motivo_nao_uso_ia","Área da Saúde","de 1.001 a 3.000","Retorno sobre investimento (ROI) não comprovado de IA Generativa.","1"
"2024","motivo_nao_uso_ia","Área de Consultoria","Acima de 3.000","Nenhuma","1"
"2024","motivo_nao_uso_ia","Setor Imobiliário/ Construção Civil","de 501 a 1.000","Falta de expertise das equipes técnicas ou falta de recursos internos.","1"
"2024","motivo_nao_uso_ia","Agronegócios","de 101 a 500","Falta de compreensão dos casos de uso.","1"
"2024","motivo_nao_uso_ia","Setor Alimentício","de 1 a 5","Incerteza em relação a regulamentação ou questões regulatórias.","1"
"2024","motivo_nao_uso_ia","Setor Farmaceutico","Acima de 3.000","Preocupações com segurança e privacidade de dados.","1"
"2024","motivo_nao_uso_ia","Varejo","de 101 a 500","Baixa qualidade e/ou falta de confiabilidade das saídas (alucinação dos modelos).","1"
"2024","motivo_nao_uso_ia","Varejo","de 1.001 a 3.000","tipo de dados usados para treinar um modelo de terceiros).","1"
"2024","motivo_nao_uso_ia","Marketing","de 11 a 50","Alta direção da empresa não vê valor ou não vê esse tipo de iniciativa como prioridade.","1"
"2024","motivo_nao_uso_ia","Varejo","de 51 a 100","Falta de compreensão dos casos de uso.","1"
"2024","motivo_nao_uso_ia","Varejo","de 501 a 1.000","Dados da empresa não estão prontos para uso de IA Generativa.","1"
"2024","motivo_nao_uso_ia","Área de Consultoria","de 1 a 5","tipo de dados usados para treinar um modelo de terceiros).","1"
"2024","motivo_nao_uso_ia","Indústria","de 101 a 500","Preocupações com propriedade intelectual (ou seja","1"
"2024","motivo_nao_uso_ia","Telecomunicação","de 51 a 100","Falta de expertise das equipes técnicas ou falta de recursos internos.","1"
"2024","motivo_nao_uso_ia","Tecnologia/Fábrica de Software","Acima de 3.000","Nao querem investir em licenças pagas","1"
"2024","motivo_nao_uso_ia","Tecnologia/Fábrica de Software","de 1.001 a 3.000","Acabei de mudar e não sei opinar sobre isso.","1"
"2024","motivo_nao_uso_ia","Outra Opção","de 1 a 5","Incerteza em relação a regulamentação ou questões regulatórias.","1"
"2024","motivo_nao_uso_ia","Outra Opção","de 6 a 10","Alta direção da empresa não vê valor ou não vê esse tipo de iniciativa como prioridade.","1"
"2024","motivo_nao_uso_ia","Entretenimento ou Esportes","de 1 a 5","Falta de expertise das equipes técnicas ou falta de recursos internos.","1"
"2024","motivo_nao_uso_ia","Setor Público","de 101 a 500","Baixa qualidade e/ou falta de confiabilidade das saídas (alucinação dos modelos).","1"
"2024","motivo_nao_uso_ia","Finanças ou Bancos","de 11 a 50","tipo de dados usados para treinar um modelo de terceiros).","1"
"2024","motivo_nao_uso_ia","Indústria","de 1.001 a 3.000","Falta de expertise das equipes técnicas ou falta de recursos internos.","1"
"2024","motivo_nao_uso_ia","Educação","de 51 a 100","Falta de compreensão dos casos de uso.","1"
"2024","motivo_nao_uso_ia","Área da Saúde","de 1.001 a 3.000","Baixa qualidade e/ou falta de confiabilidade das saídas (alucinação dos modelos).","1"
"2024","motivo_nao_uso_ia","Marketing","de 1.001 a 3.000","Retorno sobre investimento (ROI) não comprovado de IA Generativa.","1"
"2024","motivo_nao_uso_ia","Tecnologia/Fábrica de Software","de 6 a 10","Falta de compreensão dos casos de uso.","1"
"2024","motivo_nao_uso_ia","Finanças ou Bancos","de 501 a 1.000","tipo de dados usados para treinar um modelo de terceiros).","1"
"2024","motivo_nao_uso_ia","Área de Consultoria","de 101 a 500","Alta direção da empresa não vê valor ou não vê esse tipo de iniciativa como prioridade.","1"
"2024","motivo_nao_uso_ia","Setor Imobiliário/ Construção Civil","de 11 a 50","Baixa qualidade e/ou falta de confiabilidade das saídas (alucinação dos modelos).","1"
"2024","motivo_nao_uso_ia","Varejo","de 1 a 5","Preocupações com propriedade intelectual (ou seja","1"
"2024","motivo_nao_uso_ia","Área de Consultoria","de 51 a 100","N","1"
"2024","motivo_nao_uso_ia","Tecnologia/Fábrica de Software","de 501 a 1.000","A alta gestão é empolgada","1"
"2024","motivo_nao_uso_ia","Área da Saúde","de 1 a 5","Falta de compreensão dos casos de uso.","1"
"2024","motivo_nao_uso_ia","Tecnologia/Fábrica de Software","Acima de 3.000","Recurso Humano com conhecimento prévio","1"
"2024","motivo_nao_uso_ia","Marketing","de 11 a 50","Dados da empresa não estão prontos para uso de IA Generativa.","1"
"2024","motivo_nao_uso_ia","Tecnologia/Fábrica de Software","de 501 a 1.000","mas não consegue desdobrar as iniciativas/métodos","1"
"2024","motivo_nao_uso_ia","Finanças ou Bancos","de 1 a 5","Falta de expertise das equipes técnicas ou falta de recursos internos.","1"
"2024","motivo_nao_uso_ia","Setor de Energia","de 1.001 a 3.000","Alta direção da empresa não vê valor ou não vê esse tipo de iniciativa como prioridade.","1"
"2024","motivo_nao_uso_ia","Internet/Ecommerce","de 1.001 a 3.000","Baixa qualidade e/ou falta de confiabilidade das saídas (alucinação dos modelos).","1"
"2024","motivo_nao_uso_ia","Educação","de 51 a 100","Retorno sobre investimento (ROI) não comprovado de IA Generativa.","1"
"2024","motivo_nao_uso_ia","Educação","de 501 a 1.000","Preocupações com segurança e privacidade de dados.","1"
"2024","motivo_nao_uso_ia","Entretenimento ou Esportes","de 51 a 100","Falta de expertise das equipes técnicas ou falta de recursos internos.","1"
"2024","motivo_nao_uso_ia","Área de Consultoria","de 51 a 100","Preocupações com propriedade intelectual (ou seja","1"
"2024","motivo_nao_uso_ia","Outra Opção","de 501 a 1.000","Incerteza em relação a regulamentação ou questões regulatórias.","1"
"2024","motivo_nao_uso_ia","Seguros ou Previdência","de 11 a 50","Incerteza em relação a regulamentação ou questões regulatórias.","1"
"2024","motivo_nao_uso_ia","Educação","de 51 a 100","Alta direção da empresa não vê valor ou não vê esse tipo de iniciativa como prioridade.","1"
"2024","motivo_nao_uso_ia","Marketing","de 1.001 a 3.000","Dados da empresa não estão prontos para uso de IA Generativa.","1"
"2024","motivo_nao_uso_ia","Tecnologia/Fábrica de Software","de 51 a 100","Preocupações com propriedade intelectual (ou seja","1"
"2024","motivo_nao_uso_ia","Setor Alimentício","de 501 a 1.000","Retorno sobre investimento (ROI) não comprovado de IA Generativa.","1"
"2024","motivo_nao_uso_ia","Outra Opção","de 101 a 500","Incerteza em relação a regulamentação ou questões regulatórias.","1"
"2024","motivo_nao_uso_ia","Setor Público","Acima de 3.000","Preocupações com propriedade intelectual (ou seja","1"
"2024","motivo_nao_uso_ia","Agronegócios","de 101 a 500","Retorno sobre investimento (ROI) não comprovado de IA Generativa.","1"
"2024","motivo_nao_uso_ia","Setor Público","de 1.001 a 3.000","Falta de expertise das equipes técnicas ou falta de recursos internos.","1"
"2024","motivo_nao_uso_ia","Indústria","de 1.001 a 3.000","Preocupações com segurança e privacidade de dados.","1"
"2024","motivo_nao_uso_ia","Setor de Energia","de 1.001 a 3.000","Falta de expertise das equipes técnicas ou falta de recursos internos.","1"
"2024","motivo_nao_uso_ia","Telecomunicação","de 101 a 500","Dados da empresa não estão prontos para uso de IA Generativa.","1"
"2024","motivo_nao_uso_ia","Tecnologia/Fábrica de Software","de 501 a 1.000","Desconheço a resposta","1"
"2024","motivo_nao_uso_ia","Setor Alimentício","de 501 a 1.000","Dados da empresa não estão prontos para uso de IA Generativa.","1"
"2024","motivo_nao_uso_ia","Finanças ou Bancos","Acima de 3.000","Não sei opinar sobre","1"
"2024","motivo_nao_uso_ia","Outra Opção","de 6 a 10","Falta de expertise das equipes técnicas ou falta de recursos internos.","1"
"2024","motivo_nao_uso_ia","Setor Público","de 501 a 1.000","Alta direção da empresa não vê valor ou não vê esse tipo de iniciativa como prioridade.","1"
"2024","motivo_nao_uso_ia","Outra Opção","de 1 a 5","tipo de dados usados para treinar um modelo de terceiros).","1"
"2024","motivo_nao_uso_ia","Tecnologia/Fábrica de Software","de 101 a 500","foi dada aquela freada para se pensar melhor no uso","1"
"2024","motivo_nao_uso_ia","Área da Saúde","de 1.001 a 3.000","tipo de dados usados para treinar um modelo de terceiros).","1"
"2024","motivo_nao_uso_ia","Educação","de 1.001 a 3.000","Preocupações com propriedade intelectual (ou seja","1"
"2024","motivo_nao_uso_ia","Área de Consultoria","de 501 a 1.000","Preocupações com segurança e privacidade de dados.","1"
"2024","motivo_nao_uso_ia","Seguros ou Previdência","de 51 a 100","Baixa qualidade e/ou falta de confiabilidade das saídas (alucinação dos modelos).","1"
"2024","motivo_nao_uso_ia","Setor Automotivo","de 101 a 500","tipo de dados usados para treinar um modelo de terceiros).","1"
"2024","motivo_nao_uso_ia","Internet/Ecommerce","de 51 a 100","Falta de compreensão dos casos de uso.","1"
"2024","motivo_nao_uso_ia","Internet/Ecommerce","de 11 a 50","Retorno sobre investimento (ROI) não comprovado de IA Generativa.","1"
"2024","motivo_nao_uso_ia","Marketing","de 1 a 5","Incerteza em relação a regulamentação ou questões regulatórias.","1"
"2024","motivo_nao_uso_ia","Setor Imobiliário/ Construção Civil","de 11 a 50","Falta de expertise das equipes técnicas ou falta de recursos internos.","1"
"2024","motivo_nao_uso_ia","Outra Opção","de 11 a 50","Dados da empresa não estão prontos para uso de IA Generativa.","1"
"2024","motivo_nao_uso_ia","Tecnologia/Fábrica de Software","de 1.001 a 3.000","não sei opinar sobre","1"
"2024","motivo_nao_uso_ia","Tecnologia/Fábrica de Software","de 501 a 1.000","Preocupações com propriedade intelectual (ou seja","1"
"2024","motivo_nao_uso_ia","Indústria","de 501 a 1.000","tipo de dados usados para treinar um modelo de terceiros).","1"
"2024","motivo_nao_uso_ia","Internet/Ecommerce","de 1 a 5","Retorno sobre investimento (ROI) não comprovado de IA Generativa.","1"
"2024","motivo_nao_uso_ia","Finanças ou Bancos","de 51 a 100","Retorno sobre investimento (ROI) não comprovado de IA Generativa.","1"
"2024","motivo_nao_uso_ia","Outra Opção","de 1.001 a 3.000","Baixa qualidade e/ou falta de confiabilidade das saídas (alucinação dos modelos).","1"
"2024","motivo_nao_uso_ia","Educação","de 1.001 a 3.000","Baixa qualidade e/ou falta de confiabilidade das saídas (alucinação dos modelos).","1"
"2024","motivo_nao_uso_ia","Área de Consultoria","de 1.001 a 3.000","Alta direção da empresa não vê valor ou não vê esse tipo de iniciativa como prioridade.","1"
"2024","motivo_nao_uso_ia","Área de Consultoria","de 51 a 100","Baixa qualidade e/ou falta de confiabilidade das saídas (alucinação dos modelos).","1"
"2024","motivo_nao_uso_ia","Setor de Energia","Acima de 3.000","Falta de expertise das equipes técnicas ou falta de recursos internos.","1"
"2024","motivo_nao_uso_ia","Outra Opção","de 6 a 10","Dados da empresa não estão prontos para uso de IA Generativa.","1"
"2024","motivo_nao_uso_ia","Setor Imobiliário/ Construção Civil","de 51 a 100","Dados da empresa não estão prontos para uso de IA Generativa.","1"
"2024","motivo_nao_uso_ia","Agronegócios","de 11 a 50","Falta de expertise das equipes técnicas ou falta de recursos internos.","1"
"2024","motivo_nao_uso_ia","Setor Alimentício","de 501 a 1.000","Baixa qualidade e/ou falta de confiabilidade das saídas (alucinação dos modelos).","1"
"2024","motivo_nao_uso_ia","Seguros ou Previdência","de 101 a 500","tipo de dados usados para treinar um modelo de terceiros).","1"
"2024","motivo_nao_uso_ia","Setor Farmaceutico","Acima de 3.000","Preocupações com propriedade intelectual (ou seja","1"
"2024","motivo_nao_uso_ia","Área de Consultoria","de 501 a 1.000","não sei","1"
"2024","motivo_nao_uso_ia","Setor Alimentício","de 1.001 a 3.000","Preocupações com segurança e privacidade de dados.","1"
"2024","motivo_nao_uso_ia","Setor Alimentício","de 11 a 50","Dados da empresa não estão prontos para uso de IA Generativa.","1"
"2024","motivo_nao_uso_ia","Finanças ou Bancos","de 101 a 500","Incerteza em relação a regulamentação ou questões regulatórias.","1"
"2024","motivo_nao_uso_ia","Varejo","de 1 a 5","tipo de dados usados para treinar um modelo de terceiros).","1"
"2024","motivo_nao_uso_ia","Indústria","de 501 a 1.000","Preocupações com propriedade intelectual (ou seja","1"
"2024","motivo_nao_uso_ia","Área da Saúde","de 1.001 a 3.000","Preocupações com propriedade intelectual (ou seja","1"
"2024","motivo_nao_uso_ia","Setor de Energia","Acima de 3.000","Alta direção da empresa não vê valor ou não vê esse tipo de iniciativa como prioridade.","1"
"2024","motivo_nao_uso_ia","Educação","de 501 a 1.000","Dados da empresa não estão prontos para uso de IA Generativa.","1"
"2024","motivo_nao_uso_ia","Tecnologia/Fábrica de Software","de 501 a 1.000","Falta de pessoas na equipe para dar conta da demanda","1"
"2024","motivo_nao_uso_ia","Setor de Energia","Acima de 3.000","Preocupações com segurança e privacidade de dados.","1"
"2024","motivo_nao_uso_ia","Marketing","de 101 a 500","Burocracias internas","1"
"2024","motivo_nao_uso_ia","Educação","de 1.001 a 3.000","Falta de compreensão dos casos de uso.","1"
"2024","motivo_nao_uso_ia","Outra Opção","de 6 a 10","Retorno sobre investimento (ROI) não comprovado de IA Generativa.","1"
"2024","motivo_nao_uso_ia","Setor Alimentício","de 501 a 1.000","Alta direção da empresa não vê valor ou não vê esse tipo de iniciativa como prioridade.","1"
"2024","motivo_nao_uso_ia","Área da Saúde","de 1.001 a 3.000","Incerteza em relação a regulamentação ou questões regulatórias.","1"
"2024","motivo_nao_uso_ia","Internet/Ecommerce","de 51 a 100","Falta de expertise das equipes técnicas ou falta de recursos internos.","1"
"2024","motivo_nao_uso_ia","Área de Consultoria","de 1.001 a 3.000","Falta de compreensão dos casos de uso.","1"
"2024","motivo_nao_uso_ia","Indústria","Acima de 3.000","não sei","1"
"2024","motivo_nao_uso_ia","Indústria","de 11 a 50","Falta de compreensão dos casos de uso.","1"
"2024","motivo_nao_uso_ia","Setor de Energia","Acima de 3.000","Incerteza em relação a regulamentação ou questões regulatórias.","1"
"2024","motivo_nao_uso_ia","Internet/Ecommerce","de 11 a 50","Preocupações com segurança e privacidade de dados.","1"
"2024","motivo_nao_uso_ia","Setor Automotivo","de 1.001 a 3.000","tipo de dados usados para treinar um modelo de terceiros).","1"
"2024","motivo_nao_uso_ia","Setor Imobiliário/ Construção Civil","de 101 a 500","Falta de expertise das equipes técnicas ou falta de recursos internos.","1"
"2024","motivo_nao_uso_ia","Tecnologia/Fábrica de Software","de 501 a 1.000","Falta organização e planejamento para orientar como os funcionários podem utilizar a ferramenta no dia-a-dia","1"
"2024","motivo_nao_uso_ia","Internet/Ecommerce","de 1 a 5","Falta de compreensão dos casos de uso.","1"
"2024","motivo_nao_uso_ia","Setor Farmaceutico","Acima de 3.000","Incerteza em relação a regulamentação ou questões regulatórias.","1"
"2024","motivo_nao_uso_ia","Filantropia/ONG's","de 11 a 50","Preocupações com propriedade intelectual (ou seja","1"
"2024","motivo_nao_uso_ia","Setor Automotivo","de 501 a 1.000","Falta de expertise das equipes técnicas ou falta de recursos internos.","1"
"2024","motivo_nao_uso_ia","Área de Consultoria","de 1 a 5","Preocupações com propriedade intelectual (ou seja","1"
"2024","motivo_nao_uso_ia","Área de Consultoria","de 1 a 5","Tamanho da empresa","1"
"2024","motivo_nao_uso_ia","Tecnologia/Fábrica de Software","Acima de 3.000","Alta direção da empresa não vê valor ou não vê esse tipo de iniciativa como prioridade.","1"
"2024","motivo_nao_uso_ia","Varejo","de 501 a 1.000","Falta de compreensão dos casos de uso.","1"
"2024","motivo_nao_uso_ia","Tecnologia/Fábrica de Software","de 51 a 100","Não sei informar","1"
"2024","motivo_nao_uso_ia","Setor Farmaceutico","Acima de 3.000","Falta de expertise das equipes técnicas ou falta de recursos internos.","1"
"2024","motivo_nao_uso_ia","Internet/Ecommerce","de 1.001 a 3.000","Não sei opinar","1"
"2024","motivo_nao_uso_ia","Finanças ou Bancos","de 1 a 5","Preocupações com segurança e privacidade de dados.","1"
"2024","motivo_nao_uso_ia","Setor Automotivo","de 501 a 1.000","Preocupações com segurança e privacidade de dados.","1"
"2024","motivo_nao_uso_ia","Outra Opção","de 6 a 10","Falta de compreensão dos casos de uso.","1"
"2024","motivo_nao_uso_ia","Seguros ou Previdência","de 101 a 500","Preocupações com propriedade intelectual (ou seja","1"
"2024","motivo_nao_uso_ia","Setor Alimentício","de 1.001 a 3.000","Falta de expertise das equipes técnicas ou falta de recursos internos.","1"
"2024","motivo_nao_uso_ia","Área de Consultoria","Acima de 3.000","tipo de dados usados para treinar um modelo de terceiros).","1"
"2024","motivo_nao_uso_ia","Agronegócios","de 101 a 500","Falta de expertise das equipes técnicas ou falta de recursos internos.","1"
"2024","motivo_nao_uso_ia","Setor de Energia","Acima de 3.000","Falta de compreensão dos casos de uso.","1"
"2024","motivo_nao_uso_ia","Varejo","de 1.001 a 3.000","Baixa qualidade e/ou falta de confiabilidade das saídas (alucinação dos modelos).","1"
"2024","motivo_nao_uso_ia","Indústria","de 11 a 50","Dados da empresa não estão prontos para uso de IA Generativa.","1"
"2024","motivo_nao_uso_ia","Entretenimento ou Esportes","de 101 a 500","Alta direção da empresa não vê valor ou não vê esse tipo de iniciativa como prioridade.","1"
"2024","motivo_nao_uso_ia","Indústria","de 11 a 50","Falta de expertise das equipes técnicas ou falta de recursos internos.","1"
"2024","motivo_nao_uso_ia","Seguros ou Previdência","de 11 a 50","Falta de expertise das equipes técnicas ou falta de recursos internos.","1"
"2024","motivo_nao_uso_ia","Indústria","de 1.001 a 3.000","Falta de compreensão dos casos de uso.","1"
"2024","motivo_nao_uso_ia","Tecnologia/Fábrica de Software","Acima de 3.000","Baixa performance de inferência.","1"
"2024","motivo_nao_uso_ia","Outra Opção","de 1 a 5","Não precisamos 100% do das ferramentas de IA Generativa e LLMs","1"
"2024","motivo_nao_uso_ia","Marketing","de 51 a 100","Incerteza em relação a regulamentação ou questões regulatórias.","1"
"2024","motivo_nao_uso_ia","Outra Opção","de 501 a 1.000","tipo de dados usados para treinar um modelo de terceiros).","1"
"2024","motivo_nao_uso_ia","Outra Opção","de 501 a 1.000","Preocupações com propriedade intelectual (ou seja","1"
"2024","motivo_nao_uso_ia","Setor Automotivo","de 101 a 500","Dados da empresa não estão prontos para uso de IA Generativa.","1"
"2024","motivo_nao_uso_ia","Setor Alimentício","de 101 a 500","Incerteza em relação a regulamentação ou questões regulatórias.","1"
"2024","motivo_nao_uso_ia","Filantropia/ONG's","de 11 a 50","Falta de expertise das equipes técnicas ou falta de recursos internos.","1"
"2024","motivo_nao_uso_ia","Agronegócios","de 1 a 5","custo","1"
"2024","motivo_nao_uso_ia","Varejo","de 1 a 5","Preocupações com segurança e privacidade de dados.","1"
"2024","motivo_nao_uso_ia","Marketing","de 51 a 100","Baixa qualidade e/ou falta de confiabilidade das saídas (alucinação dos modelos).","1"
"2024","motivo_nao_uso_ia","Varejo","de 51 a 100","Falta de expertise das equipes técnicas ou falta de recursos internos.","1"
"2024","motivo_nao_uso_ia","Marketing","Acima de 3.000","Retorno sobre investimento (ROI) não comprovado de IA Generativa.","1"
"2024","motivo_nao_uso_ia","Internet/Ecommerce","de 101 a 500","Dados da empresa não estão prontos para uso de IA Generativa.","1"
"2024","motivo_nao_uso_ia","Área da Saúde","de 101 a 500","Incerteza em relação a regulamentação ou questões regulatórias.","1"
"2024","motivo_nao_uso_ia","Entretenimento ou Esportes","Acima de 3.000","Retorno sobre investimento (ROI) não comprovado de IA Generativa.","1"
"2024","motivo_nao_uso_ia","Área da Saúde","Acima de 3.000","Alta direção da empresa não vê valor ou não vê esse tipo de iniciativa como prioridade.","1"
"2024","motivo_nao_uso_ia","Tecnologia/Fábrica de Software","Acima de 3.000","Não temos nenhum impedimento.","1"
"2024","motivo_nao_uso_ia","Varejo","Acima de 3.000","Custo elevado das soluções","1"
"2024","motivo_nao_uso_ia","Setor Farmaceutico","Acima de 3.000","Dados da empresa não estão prontos para uso de IA Generativa.","1"
"2024","motivo_nao_uso_ia","Área de Consultoria","de 101 a 500","Incerteza em relação a regulamentação ou questões regulatórias.","1"
"2024","motivo_nao_uso_ia","Agronegócios","de 11 a 50","Dados da empresa não estão prontos para uso de IA Generativa.","1"
"2024","motivo_nao_uso_ia","Telecomunicação","de 101 a 500","Incerteza em relação a regulamentação ou questões regulatórias.","1"
"2024","motivo_nao_uso_ia","Indústria","de 501 a 1.000","Falta de expertise das equipes técnicas ou falta de recursos internos.","1"
"2024","motivo_nao_uso_ia","Internet/Ecommerce","de 51 a 100","Alta direção da empresa não vê valor ou não vê esse tipo de iniciativa como prioridade.","1"
"2024","motivo_nao_uso_ia","Tecnologia/Fábrica de Software","de 1.001 a 3.000","Usamos plenamente","1"
"2024","motivo_nao_uso_ia","Educação","de 101 a 500","Preocupações com propriedade intelectual (ou seja","1"
"2024","motivo_nao_uso_ia","Setor Alimentício","de 501 a 1.000","Preocupações com segurança e privacidade de dados.","1"
"2024","motivo_nao_uso_ia","Finanças ou Bancos","de 1 a 5","Falta de compreensão dos casos de uso.","1"
"2024","motivo_nao_uso_ia","Setor de Energia","de 1.001 a 3.000","Falta de compreensão dos casos de uso.","1"
"2024","motivo_nao_uso_ia","Varejo","de 1 a 5","Baixa qualidade e/ou falta de confiabilidade das saídas (alucinação dos modelos).","1"
"2024","motivo_nao_uso_ia","Setor Alimentício","de 1.001 a 3.000","Dados da empresa não estão prontos para uso de IA Generativa.","1"
"2024","motivo_nao_uso_ia","Educação","de 1.001 a 3.000","Retorno sobre investimento (ROI) não comprovado de IA Generativa.","1"
"2024","motivo_nao_uso_ia","Área de Consultoria","de 501 a 1.000","Preocupações com propriedade intelectual (ou seja","1"
"2024","motivo_nao_uso_ia","Tecnologia/Fábrica de Software","de 11 a 50","Alta direção da empresa não vê valor ou não vê esse tipo de iniciativa como prioridade.","1"
"2024","motivo_nao_uso_ia","Área de Consultoria","Acima de 3.000","Preocupações com propriedade intelectual (ou seja","1"
"2024","motivo_nao_uso_ia","Área de Consultoria","de 1 a 5","Esperar amadurecer","1"
"2024","motivo_nao_uso_ia","Área de Consultoria","de 1 a 5","Falta de expertise das equipes técnicas ou falta de recursos internos.","1"
"2024","motivo_nao_uso_ia","Educação","de 101 a 500","tipo de dados usados para treinar um modelo de terceiros).","1"
"2024","motivo_nao_uso_ia","Tecnologia/Fábrica de Software","de 6 a 10","Dados da empresa não estão prontos para uso de IA Generativa.","1"
"2024","motivo_nao_uso_ia","Outra Opção","de 1 a 5","Retorno sobre investimento (ROI) não comprovado de IA Generativa.","1"
"2024","motivo_nao_uso_ia","Seguros ou Previdência","Acima de 3.000","Alta direção da empresa não vê valor ou não vê esse tipo de iniciativa como prioridade.","1"
"2024","motivo_nao_uso_ia","Agronegócios","de 6 a 10","Dados da empresa não estão prontos para uso de IA Generativa.","1"
"2024","motivo_nao_uso_ia","Internet/Ecommerce","de 51 a 100","Retorno sobre investimento (ROI) não comprovado de IA Generativa.","1"
"2024","motivo_nao_uso_ia","Telecomunicação","de 501 a 1.000","Falta de compreensão dos casos de uso.","1"
"2024","motivo_nao_uso_ia","Indústria","de 501 a 1.000","Dados da empresa não estão prontos para uso de IA Generativa.","1"
"2024","motivo_nao_uso_ia","Área de Consultoria","de 1.001 a 3.000","Retorno sobre investimento (ROI) não comprovado de IA Generativa.","1"
"2024","motivo_nao_uso_ia","Setor Farmaceutico","Acima de 3.000","tipo de dados usados para treinar um modelo de terceiros).","1"
"2024","motivo_nao_uso_ia","Outra Opção","de 1 a 5","Falta de compreensão dos casos de uso.","1"
"2024","motivo_nao_uso_ia","Área de Consultoria","de 6 a 10","Alta direção da empresa não vê valor ou não vê esse tipo de iniciativa como prioridade.","1"
"2024","motivo_nao_uso_ia","Tecnologia/Fábrica de Software","de 501 a 1.000","tipo de dados usados para treinar um modelo de terceiros).","1"
"2024","motivo_nao_uso_ia","Marketing","de 51 a 100","Falta de expertise das equipes técnicas ou falta de recursos internos.","1"
"2024","motivo_nao_uso_ia","Marketing","de 1 a 5","Retorno sobre investimento (ROI) não comprovado de IA Generativa.","1"
"2024","motivo_nao_uso_ia","Varejo","de 11 a 50","Falta de compreensão dos casos de uso.","1"
"2024","motivo_nao_uso_ia","Educação","de 501 a 1.000","tipo de dados usados para treinar um modelo de terceiros).","1"
"2024","motivo_nao_uso_ia","Tecnologia/Fábrica de Software","de 51 a 100","Alta direção da empresa não vê valor ou não vê esse tipo de iniciativa como prioridade.","1"
"2024","motivo_nao_uso_ia","Seguros ou Previdência","de 101 a 500","Retorno sobre investimento (ROI) não comprovado de IA Generativa.","1"
"2024","motivo_nao_uso_ia","Setor Público","de 101 a 500","tipo de dados usados para treinar um modelo de terceiros).","1"
"2024","motivo_nao_uso_ia","Setor Público","de 1.001 a 3.000","Preocupações com segurança e privacidade de dados.","1"
"2024","motivo_nao_uso_ia","Setor Automotivo","de 1.001 a 3.000","Falta de expertise das equipes técnicas ou falta de recursos internos.","1"
"2024","motivo_nao_uso_ia","Setor Público","de 1.001 a 3.000","Não estou na área de dados","1"
"2024","motivo_nao_uso_ia","Área de Consultoria","de 6 a 10","Preocupações com propriedade intelectual (ou seja","1"
"2024","motivo_nao_uso_ia","Educação","de 501 a 1.000","Preocupações com propriedade intelectual (ou seja","1"
"2024","motivo_nao_uso_ia","Setor de Energia","de 51 a 100","tipo de dados usados para treinar um modelo de terceiros).","1"
"2024","motivo_nao_uso_ia","Educação","de 1 a 5","Preocupações com propriedade intelectual (ou seja","1"
"2024","motivo_nao_uso_ia","Setor Alimentício","de 51 a 100","Alta direção da empresa não vê valor ou não vê esse tipo de iniciativa como prioridade.","1"
"2024","motivo_nao_uso_ia","Outra Opção","de 51 a 100","Alta direção da empresa não vê valor ou não vê esse tipo de iniciativa como prioridade.","1"
"2024","motivo_nao_uso_ia","Setor de Energia","de 51 a 100","Preocupações com propriedade intelectual (ou seja","1"
"2024","motivo_nao_uso_ia","Entretenimento ou Esportes","Acima de 3.000","Falta de compreensão dos casos de uso.","1"
"2024","motivo_nao_uso_ia","Varejo","Acima de 3.000","Não serve pra nada","1"
"2024","motivo_nao_uso_ia","Varejo","de 1.001 a 3.000","Preocupações com propriedade intelectual (ou seja","1"
"2024","motivo_nao_uso_ia","Finanças ou Bancos","de 501 a 1.000","Preocupações com propriedade intelectual (ou seja","1"
"2024","motivo_nao_uso_ia","Setor Automotivo","de 501 a 1.000","Retorno sobre investimento (ROI) não comprovado de IA Generativa.","1"
"2024","motivo_nao_uso_ia","Área da Saúde","de 1 a 5","Falta de expertise das equipes técnicas ou falta de recursos internos.","1"
"2024","motivo_nao_uso_ia","Área da Saúde","de 11 a 50","Falta de compreensão dos casos de uso.","1"
"2024","motivo_nao_uso_ia","Internet/Ecommerce","de 101 a 500","Falta de compreensão dos casos de uso.","1"
"2024","motivo_nao_uso_ia","Entretenimento ou Esportes","Acima de 3.000","Preocupações com propriedade intelectual (ou seja","1"
"2024","motivo_nao_uso_ia","Área de Consultoria","de 1 a 5","Preocupações com segurança e privacidade de dados.","1"
"2024","motivo_nao_uso_ia","Área de Consultoria","de 11 a 50","Baixa qualidade e/ou falta de confiabilidade das saídas (alucinação dos modelos).","1"
"2024","motivo_nao_uso_ia","Finanças ou Bancos","Acima de 3.000","utilizamos diversas ferramentas de acordo com o orçamento.","1"
"2024","motivo_nao_uso_ia","Marketing","de 501 a 1.000","Dados da empresa não estão prontos para uso de IA Generativa.","1"
"2024","motivo_nao_uso_ia","Setor Alimentício","de 1 a 5","Dados da empresa não estão prontos para uso de IA Generativa.","1"
"2024","motivo_nao_uso_ia","Telecomunicação","de 1.001 a 3.000","Preocupações com segurança e privacidade de dados.","1"
"2024","motivo_nao_uso_ia","Setor Público","Acima de 3.000","tipo de dados usados para treinar um modelo de terceiros).","1"
"2024","motivo_nao_uso_ia","Telecomunicação","de 11 a 50","Falta de expertise das equipes técnicas ou falta de recursos internos.","1"
"2024","motivo_nao_uso_ia","Finanças ou Bancos","de 1 a 5","Preocupações com propriedade intelectual (ou seja","1"
"2024","motivo_nao_uso_ia","Filantropia/ONG's","de 11 a 50","tipo de dados usados para treinar um modelo de terceiros).","1"
"2024","motivo_nao_uso_ia","Tecnologia/Fábrica de Software","de 101 a 500","mas em geral os produtos não estão enchendo os olhos dos clientes","1"
"2024","motivo_nao_uso_ia","Educação","de 51 a 100","Baixa qualidade e/ou falta de confiabilidade das saídas (alucinação dos modelos).","1"
"2024","motivo_nao_uso_ia","Tecnologia/Fábrica de Software","de 51 a 100","dados que somos uma empresa de consultoria e serviços","1"
"2024","motivo_nao_uso_ia","Tecnologia/Fábrica de Software","de 6 a 10","Falta de expertise das equipes técnicas ou falta de recursos internos.","1"
"2024","motivo_nao_uso_ia","Entretenimento ou Esportes","de 51 a 100","Falta de compreensão dos casos de uso.","1"
"2024","motivo_nao_uso_ia","Marketing","de 501 a 1.000","Falta de compreensão dos casos de uso.","1"
"2024","motivo_nao_uso_ia","Setor Automotivo","de 1.001 a 3.000","Falta de compreensão dos casos de uso.","1"
"2024","motivo_nao_uso_ia","Setor Automotivo","de 101 a 500","Preocupações com propriedade intelectual (ou seja","1"
"2024","motivo_nao_uso_ia","Agronegócios","de 11 a 50","Baixa qualidade e/ou falta de confiabilidade das saídas (alucinação dos modelos).","1"
"2024","motivo_nao_uso_ia","Telecomunicação","de 51 a 100","Retorno sobre investimento (ROI) não comprovado de IA Generativa.","1"
"2024","motivo_nao_uso_ia","Internet/Ecommerce","de 101 a 500","ainda","1"
"2024","motivo_nao_uso_ia","Indústria","de 101 a 500","Baixa qualidade e/ou falta de confiabilidade das saídas (alucinação dos modelos).","1"
"2024","motivo_nao_uso_ia","Indústria","de 1 a 5","Incerteza em relação a regulamentação ou questões regulatórias.","1"
"2024","motivo_nao_uso_ia","Área de Consultoria","de 11 a 50","Alta direção da empresa não vê valor ou não vê esse tipo de iniciativa como prioridade.","1"
"2024","motivo_nao_uso_ia","Setor Imobiliário/ Construção Civil","de 1.001 a 3.000","Falta de compreensão dos casos de uso.","1"
"2024","motivo_nao_uso_ia","Tecnologia/Fábrica de Software","de 6 a 10","Incerteza em relação a regulamentação ou questões regulatórias.","1"
"2024","motivo_nao_uso_ia","Finanças ou Bancos","Acima de 3.000","Nenhuma das opções. Atualmente é a nossa prioridade no negócio","1"
"2024","motivo_nao_uso_ia","Finanças ou Bancos","de 11 a 50","Preocupações com propriedade intelectual (ou seja","1"
"2024","motivo_nao_uso_ia","Indústria","de 101 a 500","tipo de dados usados para treinar um modelo de terceiros).","1"
"2024","motivo_nao_uso_ia","Educação","de 1.001 a 3.000","tipo de dados usados para treinar um modelo de terceiros).","1"
"2024","motivo_nao_uso_ia","Outra Opção","de 501 a 1.000","mas está no planejamento dentro de 2 anos para aumento significativo em soluções com o uso da IA","1"
"2024","motivo_nao_uso_ia","Setor Imobiliário/ Construção Civil","de 501 a 1.000","Retorno sobre investimento (ROI) não comprovado de IA Generativa.","1"
"2024","motivo_nao_uso_ia","Marketing","de 51 a 100","Retorno sobre investimento (ROI) não comprovado de IA Generativa.","1"
"2024","motivo_nao_uso_ia","Setor de Energia","Acima de 3.000","Ferramental no mercado","1"
"2024","motivo_nao_uso_ia","Área de Consultoria","de 11 a 50","Retorno sobre investimento (ROI) não comprovado de IA Generativa.","1"
"2024","motivo_nao_uso_ia","Varejo","de 101 a 500","Dados da empresa não estão prontos para uso de IA Generativa.","1"
"2024","motivo_nao_uso_ia","Outra Opção","de 501 a 1.000","Baixa qualidade e/ou falta de confiabilidade das saídas (alucinação dos modelos).","1"
"2024","motivo_nao_uso_ia","Tecnologia/Fábrica de Software","de 51 a 100","Depende do cliente que estamos atendendo","1"
"2024","motivo_nao_uso_ia","Finanças ou Bancos","de 6 a 10","Falta de expertise das equipes técnicas ou falta de recursos internos.","1"
"2024","motivo_nao_uso_ia","Indústria","de 1 a 5","Falta de expertise das equipes técnicas ou falta de recursos internos.","1"
"2024","motivo_nao_uso_ia","Outra Opção","de 1 a 5","Preocupações com propriedade intelectual (ou seja","1"
"2024","motivo_nao_uso_ia","Agronegócios","de 101 a 500","Dados da empresa não estão prontos para uso de IA Generativa.","1"
"2024","motivo_nao_uso_ia","Setor Imobiliário/ Construção Civil","de 11 a 50","Falta de compreensão dos casos de uso.","1"
"2024","motivo_nao_uso_ia","Setor Imobiliário/ Construção Civil","de 1 a 5","Dados da empresa não estão prontos para uso de IA Generativa.","1"
"2024","motivo_nao_uso_ia","Setor Automotivo","de 6 a 10","Falta de compreensão dos casos de uso.","1"
"2024","motivo_nao_uso_ia","Setor Público","Acima de 3.000","ainda entregam resultados adequados (embora limitados ao escopo)","1"
"2024","motivo_nao_uso_ia","Setor Público","Acima de 3.000","se comparado a técnicas mais simples de NLP que","1"
"2024","motivo_nao_uso_ia","Área de Consultoria","de 51 a 100","tipo de dados usados para treinar um modelo de terceiros).","1"
"2024","motivo_nao_uso_ia","Outra Opção","de 11 a 50","Alta direção da empresa não vê valor ou não vê esse tipo de iniciativa como prioridade.","1"
"2024","motivo_nao_uso_ia","Outra Opção","de 501 a 1.000","Orçamento","1"
"2024","motivo_nao_uso_ia","Tecnologia/Fábrica de Software","de 501 a 1.000","Não temos este tipo de impedimento","1"
"2024","motivo_nao_uso_ia","Educação","de 1.001 a 3.000","Falta de expertise das equipes técnicas ou falta de recursos internos.","1"
"2024","motivo_nao_uso_ia","Área de Consultoria","de 1 a 5","Dados da empresa não estão prontos para uso de IA Generativa.","1"
"2024","motivo_nao_uso_ia","Indústria","de 1.001 a 3.000","Incerteza em relação a regulamentação ou questões regulatórias.","1"
"2024","motivo_nao_uso_ia","Varejo","Acima de 3.000","Preocupação com aspectos éticos","1"
"2024","motivo_nao_uso_ia","Setor Imobiliário/ Construção Civil","de 1 a 5","Preocupações com segurança e privacidade de dados.","1"
"2024","motivo_nao_uso_ia","Tecnologia/Fábrica de Software","de 101 a 500","que ainda não fizeram uma contratação dos mesmos. Por isso","1"
"2024","motivo_nao_uso_ia","Indústria","de 501 a 1.000","Incerteza em relação a regulamentação ou questões regulatórias.","1"
"2024","motivo_nao_uso_ia","Educação","de 11 a 50","Falta de compreensão dos casos de uso.","1"
"2024","motivo_nao_uso_ia","Área de Consultoria","de 51 a 100","Alta direção da empresa não vê valor ou não vê esse tipo de iniciativa como prioridade.","1"
"2024","motivo_nao_uso_ia","Setor Imobiliário/ Construção Civil","Acima de 3.000","Dados da empresa não estão prontos para uso de IA Generativa.","1"
"2024","motivo_nao_uso_ia","Seguros ou Previdência","de 101 a 500","Dados da empresa não estão prontos para uso de IA Generativa.","1"
"2024","motivo_nao_uso_ia","Finanças ou Bancos","de 51 a 100","Falta de expertise das equipes técnicas ou falta de recursos internos.","1"
"2024","motivo_nao_uso_ia","Internet/Ecommerce","de 6 a 10","Falta de expertise das equipes técnicas ou falta de recursos internos.","1"
"2024","motivo_nao_uso_ia","Setor Automotivo","de 101 a 500","Baixa qualidade e/ou falta de confiabilidade das saídas (alucinação dos modelos).","1"
"2024","motivo_nao_uso_ia","Marketing","de 1 a 5","Preocupações com segurança e privacidade de dados.","1"
"2024","motivo_nao_uso_ia","Área de Consultoria","de 51 a 100","Incerteza em relação a regulamentação ou questões regulatórias.","1"
"2024","motivo_nao_uso_ia","Marketing","de 51 a 100","Preocupações com segurança e privacidade de dados.","1"
"2024","motivo_nao_uso_ia","Agronegócios","de 101 a 500","Baixa qualidade e/ou falta de confiabilidade das saídas (alucinação dos modelos).","1"
"2024","motivo_nao_uso_ia","Setor Imobiliário/ Construção Civil","de 51 a 100","Falta de expertise das equipes técnicas ou falta de recursos internos.","1"
"2024","motivo_nao_uso_ia","Varejo","de 1 a 5","Falta de compreensão dos casos de uso.","1"
"2024","possui_data_lake","Finanças ou Bancos","Acima de 3.000","Sim","140"
"2024","possui_data_lake","Tecnologia/Fábrica de Software","Acima de 3.000","Sim","61"
"2024","possui_data_lake","Varejo","Acima de 3.000","Sim","55"
"2024","possui_data_lake","Indústria","Acima de 3.000","Sim","33"
"2024","possui_data_lake","Área de Consultoria","Acima de 3.000","Sim","27"
"2024","possui_data_lake","Finanças ou Bancos","de 1.001 a 3.000","Sim","24"
"2024","possui_data_lake","Tecnologia/Fábrica de Software","de 101 a 500","Sim","22"
"2024","possui_data_lake","Tecnologia/Fábrica de Software","de 1.001 a 3.000","Sim","20"
"2024","possui_data_lake","Tecnologia/Fábrica de Software","de 501 a 1.000","Sim","19"
"2024","possui_data_lake","Setor Alimentício","Acima de 3.000","Sim","18"
"2024","possui_data_lake","Finanças ou Bancos","de 101 a 500","Sim","17"
"2024","possui_data_lake","Área de Consultoria","de 101 a 500","Sim","16"
"2024","possui_data_lake","Tecnologia/Fábrica de Software","de 51 a 100","Sim","14"
"2024","possui_data_lake","Internet/Ecommerce","Acima de 3.000","Sim","13"
"2024","possui_data_lake","Finanças ou Bancos","de 501 a 1.000","Sim","13"
"2024","possui_data_lake","Outra Opção","Acima de 3.000","Sim","10"
"2024","possui_data_lake","Tecnologia/Fábrica de Software","de 501 a 1.000","Não","10"
"2024","possui_data_lake","Área de Consultoria","de 51 a 100","Sim","10"
"2024","possui_data_lake","Área da Saúde","Acima de 3.000","Sim","10"
"2024","possui_data_lake","Telecomunicação","Acima de 3.000","Sim","9"
"2024","possui_data_lake","Tecnologia/Fábrica de Software","de 11 a 50","Sim","8"
"2024","possui_data_lake","Setor Farmaceutico","Acima de 3.000","Sim","8"
"2024","possui_data_lake","Tecnologia/Fábrica de Software","de 101 a 500","Não","8"
"2024","possui_data_lake","Educação","de 1.001 a 3.000","Sim","8"
"2024","possui_data_lake","Tecnologia/Fábrica de Software","Acima de 3.000","Não","7"
"2024","possui_data_lake","Tecnologia/Fábrica de Software","de 11 a 50","Não","7"
"2024","possui_data_lake","Outra Opção","de 101 a 500","Sim","7"
"2024","possui_data_lake","Educação","de 101 a 500","Sim","7"
"2024","possui_data_lake","Área de Consultoria","de 501 a 1.000","Sim","7"
"2024","possui_data_lake","Setor Público","Acima de 3.000","Sim","7"
"2024","possui_data_lake","Entretenimento ou Esportes","de 51 a 100","Sim","6"
"2024","possui_data_lake","Entretenimento ou Esportes","de 101 a 500","Sim","6"
"2024","possui_data_lake","Setor de Energia","Acima de 3.000","Sim","6"
"2024","possui_data_lake","Outra Opção","Acima de 3.000","Não","6"
"2024","possui_data_lake","Indústria","Acima de 3.000","Não","5"
"2024","possui_data_lake","Varejo","de 101 a 500","Sim","5"
"2024","possui_data_lake","Setor de Energia","de 101 a 500","Sim","5"
"2024","possui_data_lake","Área da Saúde","de 101 a 500","Não","5"
"2024","possui_data_lake","Tecnologia/Fábrica de Software","de 51 a 100","Não","5"
"2024","possui_data_lake","Finanças ou Bancos","de 51 a 100","Não","5"
"2024","possui_data_lake","Seguros ou Previdência","Acima de 3.000","Sim","5"
"2024","possui_data_lake","Finanças ou Bancos","de 51 a 100","Sim","5"
"2024","possui_data_lake","Finanças ou Bancos","de 101 a 500","Não","5"
"2024","possui_data_lake","Área de Consultoria","de 101 a 500","Não","5"
"2024","possui_data_lake","Área da Saúde","de 101 a 500","Sim","4"
"2024","possui_data_lake","Outra Opção","de 501 a 1.000","Sim","4"
"2024","possui_data_lake","Marketing","de 101 a 500","Sim","4"
"2024","possui_data_lake","Setor Automotivo","Acima de 3.000","Sim","4"
"2024","possui_data_lake","Área de Consultoria","Acima de 3.000","Não","4"
"2024","possui_data_lake","Indústria","de 1.001 a 3.000","Sim","4"
"2024","possui_data_lake","Área da Saúde","de 1.001 a 3.000","Sim","4"
"2024","possui_data_lake","Varejo","de 1.001 a 3.000","Sim","4"
"2024","possui_data_lake","Setor Automotivo","Acima de 3.000","Não","4"
"2024","possui_data_lake","Indústria","de 101 a 500","Sim","4"
"2024","possui_data_lake","Setor Público","de 1.001 a 3.000","Sim","4"
"2024","possui_data_lake","Área de Consultoria","de 1.001 a 3.000","Sim","4"
"2024","possui_data_lake","Outra Opção","de 1.001 a 3.000","Não","4"
"2024","possui_data_lake","Educação","Acima de 3.000","Sim","4"
"2024","possui_data_lake","Finanças ou Bancos","Acima de 3.000","Não","4"
"2024","possui_data_lake","Telecomunicação","de 1.001 a 3.000","Sim","3"
"2024","possui_data_lake","Área de Consultoria","de 51 a 100","Não","3"
"2024","possui_data_lake","Finanças ou Bancos","de 1.001 a 3.000","Não","3"
"2024","possui_data_lake","Tecnologia/Fábrica de Software","de 1 a 5","Sim","3"
"2024","possui_data_lake","Setor Público","de 51 a 100","Não","3"
"2024","possui_data_lake","Outra Opção","de 101 a 500","Não","3"
"2024","possui_data_lake","Finanças ou Bancos","de 11 a 50","Sim","3"
"2024","possui_data_lake","Outra Opção","de 51 a 100","Não","3"
"2024","possui_data_lake","Setor Imobiliário/ Construção Civil","de 1.001 a 3.000","Sim","3"
"2024","possui_data_lake","Agronegócios","de 11 a 50","Sim","3"
"2024","possui_data_lake","Setor Alimentício","de 501 a 1.000","Sim","3"
"2024","possui_data_lake","Agronegócios","de 101 a 500","Sim","3"
"2024","possui_data_lake","Setor de Energia","de 501 a 1.000","Sim","3"
"2024","possui_data_lake","Área de Consultoria","de 11 a 50","Não","3"
"2024","possui_data_lake","Varejo","Acima de 3.000","Não","3"
"2024","possui_data_lake","Marketing","Acima de 3.000","Sim","3"
"2024","possui_data_lake","Área de Consultoria","de 11 a 50","Sim","3"
"2024","possui_data_lake","Setor Alimentício","de 1.001 a 3.000","Sim","2"
"2024","possui_data_lake","Agronegócios","Acima de 3.000","Sim","2"
"2024","possui_data_lake","Área da Saúde","de 51 a 100","Sim","2"
"2024","possui_data_lake","Varejo","de 51 a 100","Sim","2"
"2024","possui_data_lake","Outra Opção","de 51 a 100","Sim","2"
"2024","possui_data_lake","Área de Consultoria","de 1.001 a 3.000","Não","2"
"2024","possui_data_lake","Tecnologia/Fábrica de Software","de 6 a 10","Não","2"
"2024","possui_data_lake","Agronegócios","de 101 a 500","Não","2"
"2024","possui_data_lake","Seguros ou Previdência","de 51 a 100","Sim","2"
"2024","possui_data_lake","Internet/Ecommerce","de 1.001 a 3.000","Sim","2"
"2024","possui_data_lake","Agronegócios","Acima de 3.000","Não","2"
"2024","possui_data_lake","Educação","de 101 a 500","Não","2"
"2024","possui_data_lake","Agronegócios","de 51 a 100","Não","2"
"2024","possui_data_lake","Educação","de 501 a 1.000","Não","2"
"2024","possui_data_lake","Educação","de 11 a 50","Sim","2"
"2024","possui_data_lake","Varejo","de 101 a 500","Não","2"
"2024","possui_data_lake","Outra Opção","de 1.001 a 3.000","Sim","2"
"2024","possui_data_lake","Setor Público","de 101 a 500","Não","2"
"2024","possui_data_lake","Entretenimento ou Esportes","Acima de 3.000","Sim","2"
"2024","possui_data_lake","Indústria","de 501 a 1.000","Sim","2"
"2024","possui_data_lake","Telecomunicação","de 101 a 500","Sim","2"
"2024","possui_data_lake","Setor Alimentício","de 101 a 500","Sim","2"
"2024","possui_data_lake","Setor Imobiliário/ Construção Civil","Acima de 3.000","Sim","2"
"2024","possui_data_lake","Marketing","de 51 a 100","Sim","2"
"2024","possui_data_lake","Telecomunicação","Acima de 3.000","Não","2"
"2024","possui_data_lake","Setor Imobiliário/ Construção Civil","de 51 a 100","Sim","2"
"2024","possui_data_lake","Seguros ou Previdência","de 101 a 500","Sim","2"
"2024","possui_data_lake","Internet/Ecommerce","Acima de 3.000","Não","2"
"2024","possui_data_lake","Internet/Ecommerce","de 51 a 100","Sim","1"
"2024","possui_data_lake","Indústria","de 101 a 500","Não","1"
"2024","possui_data_lake","Área de Consultoria","de 1 a 5","Sim","1"
"2024","possui_data_lake","Setor Automotivo","de 11 a 50","Sim","1"
"2024","possui_data_lake","Área da Saúde","de 11 a 50","Sim","1"
"2024","possui_data_lake","Internet/Ecommerce","de 101 a 500","Não","1"
"2024","possui_data_lake","Marketing","de 6 a 10","Sim","1"
"2024","possui_data_lake","Indústria","de 501 a 1.000","Não","1"
"2024","possui_data_lake","Setor Público","Acima de 3.000","Não","1"
"2024","possui_data_lake","Setor de Energia","de 101 a 500","Não","1"
"2024","possui_data_lake","Telecomunicação","de 101 a 500","Não","1"
"2024","possui_data_lake","Educação","de 51 a 100","Não","1"
"2024","possui_data_lake","Setor Público","de 501 a 1.000","Não","1"
"2024","possui_data_lake","Marketing","de 101 a 500","Não","1"
"2024","possui_data_lake","Marketing","de 1.001 a 3.000","Não","1"
"2024","possui_data_lake","Seguros ou Previdência","de 1.001 a 3.000","Sim","1"
"2024","possui_data_lake","Marketing","de 11 a 50","Não","1"
"2024","possui_data_lake","Finanças ou Bancos","de 11 a 50","Não","1"
"2024","possui_data_lake","Finanças ou Bancos","de 501 a 1.000","Não","1"
"2024","possui_data_lake","Educação","de 1 a 5","Não","1"
"2024","possui_data_lake","Setor Automotivo","de 51 a 100","Não","1"
"2024","possui_data_lake","Setor de Energia","de 11 a 50","Sim","1"
"2024","possui_data_lake","Setor Imobiliário/ Construção Civil","de 11 a 50","Não","1"
"2024","possui_data_lake","Internet/Ecommerce","de 51 a 100","Não","1"
"2024","possui_data_lake","Setor Imobiliário/ Construção Civil","de 1 a 5","Sim","1"
"2024","possui_data_lake","Educação","de 11 a 50","Não","1"
"2024","possui_data_lake","Área da Saúde","de 1.001 a 3.000","Não","1"
"2024","possui_data_lake","Educação","de 51 a 100","Sim","1"
"2024","possui_data_lake","Tecnologia/Fábrica de Software","de 1 a 5","Não","1"
"2024","possui_data_lake","Finanças ou Bancos","de 6 a 10","Não","1"
"2024","possui_data_lake","Seguros ou Previdência","de 51 a 100","Não","1"
"2024","possui_data_lake","Setor Imobiliário/ Construção Civil","de 6 a 10","Sim","1"
"2024","possui_data_lake","Varejo","de 51 a 100","Não","1"
"2024","possui_data_lake","Filantropia/ONG's","de 11 a 50","Sim","1"
"2024","possui_data_lake","Telecomunicação","de 6 a 10","Sim","1"
"2024","possui_data_lake","Área da Saúde","de 501 a 1.000","Sim","1"
"2024","possui_data_lake","Seguros ou Previdência","de 501 a 1.000","Sim","1"
"2024","possui_data_lake","Setor Público","de 51 a 100","Sim","1"
"2024","possui_data_lake","Filantropia/ONG's","de 101 a 500","Não","1"
"2024","possui_data_lake","Outra Opção","de 6 a 10","Não","1"
"2024","possui_data_lake","Setor de Energia","Acima de 3.000","Não","1"
"2024","possui_data_lake","Marketing","de 501 a 1.000","Sim","1"
"2024","possui_data_lake","Área da Saúde","de 51 a 100","Não","1"
"2024","possui_data_lake","Área de Consultoria","de 6 a 10","Sim","1"
"2024","possui_data_lake","Tecnologia/Fábrica de Software","de 6 a 10","Sim","1"
"2024","possui_data_lake","Filantropia/ONG's","Acima de 3.000","Sim","1"
"2024","possui_data_lake","Setor Imobiliário/ Construção Civil","de 101 a 500","Sim","1"
"2024","possui_data_lake","Setor Automotivo","de 501 a 1.000","Sim","1"
"2024","possui_data_lake","Setor Farmaceutico","de 501 a 1.000","Não","1"
"2024","possui_data_lake","Seguros ou Previdência","de 501 a 1.000","Não","1"
"2024","possui_data_lake","Setor Público","de 6 a 10","Sim","1"
"2024","possui_data_lake","Marketing","de 501 a 1.000","Não","1"
"2024","possui_data_lake","Agronegócios","de 1.001 a 3.000","Sim","1"
"2024","possui_data_lake","Telecomunicação","de 501 a 1.000","Sim","1"
"2024","possui_data_lake","Entretenimento ou Esportes","de 11 a 50","Sim","1"
"2024","possui_data_lake","Filantropia/ONG's","de 501 a 1.000","Sim","1"
"2024","possui_data_lake","Setor Público","de 101 a 500","Sim","1"
"2024","possui_data_lake","Educação","de 501 a 1.000","Sim","1"
"2024","possui_data_lake","Indústria","de 51 a 100","Sim","1"
"2024","possui_data_lake","Tecnologia/Fábrica de Software","de 1.001 a 3.000","Não","1"
"2024","possui_data_lake","Internet/Ecommerce","de 101 a 500","Sim","1"
"2024","possui_data_lake","Setor Público","de 501 a 1.000","Sim","1"
"2024","possui_data_lake","Internet/Ecommerce","de 501 a 1.000","Sim","1"
"2024","possui_data_lake","Varejo","de 501 a 1.000","Não","1"
"2024","possui_data_lake","Telecomunicação","de 51 a 100","Sim","1"
"2024","possui_data_lake","Área da Saúde","de 11 a 50","Não","1"
"2024","possui_data_warehouse","Finanças ou Bancos","Acima de 3.000","Sim","124"
"2024","possui_data_warehouse","Varejo","Acima de 3.000","Sim","55"
"2024","possui_data_warehouse","Tecnologia/Fábrica de Software","Acima de 3.000","Sim","54"
"2024","possui_data_warehouse","Indústria","Acima de 3.000","Sim","36"
"2024","possui_data_warehouse","Tecnologia/Fábrica de Software","de 101 a 500","Sim","25"
"2024","possui_data_warehouse","Área de Consultoria","Acima de 3.000","Sim","24"
"2024","possui_data_warehouse","Finanças ou Bancos","de 1.001 a 3.000","Sim","21"
"2024","possui_data_warehouse","Tecnologia/Fábrica de Software","de 501 a 1.000","Sim","21"
"2024","possui_data_warehouse","Finanças ou Bancos","Acima de 3.000","Não","18"
"2024","possui_data_warehouse","Finanças ou Bancos","de 101 a 500","Sim","17"
"2024","possui_data_warehouse","Área de Consultoria","de 101 a 500","Sim","17"
"2024","possui_data_warehouse","Tecnologia/Fábrica de Software","de 1.001 a 3.000","Sim","16"
"2024","possui_data_warehouse","Setor Alimentício","Acima de 3.000","Sim","16"
"2024","possui_data_warehouse","Outra Opção","Acima de 3.000","Sim","14"
"2024","possui_data_warehouse","Tecnologia/Fábrica de Software","Acima de 3.000","Não","13"
"2024","possui_data_warehouse","Internet/Ecommerce","Acima de 3.000","Sim","12"
"2024","possui_data_warehouse","Tecnologia/Fábrica de Software","de 51 a 100","Sim","12"
"2024","possui_data_warehouse","Tecnologia/Fábrica de Software","de 11 a 50","Sim","11"
"2024","possui_data_warehouse","Finanças ou Bancos","de 501 a 1.000","Sim","11"
"2024","possui_data_warehouse","Área da Saúde","Acima de 3.000","Sim","10"
"2024","possui_data_warehouse","Área de Consultoria","de 51 a 100","Sim","10"
"2024","possui_data_warehouse","Finanças ou Bancos","de 51 a 100","Sim","9"
"2024","possui_data_warehouse","Tecnologia/Fábrica de Software","de 501 a 1.000","Não","8"
"2024","possui_data_warehouse","Outra Opção","de 101 a 500","Sim","8"
"2024","possui_data_warehouse","Telecomunicação","Acima de 3.000","Sim","8"
"2024","possui_data_warehouse","Educação","de 101 a 500","Sim","7"
"2024","possui_data_warehouse","Área de Consultoria","Acima de 3.000","Não","7"
"2024","possui_data_warehouse","Tecnologia/Fábrica de Software","de 51 a 100","Não","7"
"2024","possui_data_warehouse","Setor Farmaceutico","Acima de 3.000","Sim","7"
"2024","possui_data_warehouse","Setor Público","Acima de 3.000","Sim","7"
"2024","possui_data_warehouse","Área de Consultoria","de 501 a 1.000","Sim","6"
"2024","possui_data_warehouse","Entretenimento ou Esportes","de 51 a 100","Sim","6"
"2024","possui_data_warehouse","Finanças ou Bancos","de 1.001 a 3.000","Não","6"
"2024","possui_data_warehouse","Educação","de 1.001 a 3.000","Sim","6"
"2024","possui_data_warehouse","Setor de Energia","Acima de 3.000","Sim","6"
"2024","possui_data_warehouse","Tecnologia/Fábrica de Software","de 101 a 500","Não","6"
"2024","possui_data_warehouse","Setor de Energia","de 101 a 500","Sim","6"
"2024","possui_data_warehouse","Área da Saúde","de 101 a 500","Sim","5"
"2024","possui_data_warehouse","Finanças ou Bancos","de 101 a 500","Não","5"
"2024","possui_data_warehouse","Setor Automotivo","Acima de 3.000","Sim","5"
"2024","possui_data_warehouse","Entretenimento ou Esportes","de 101 a 500","Sim","5"
"2024","possui_data_warehouse","Seguros ou Previdência","Acima de 3.000","Sim","5"
"2024","possui_data_warehouse","Tecnologia/Fábrica de Software","de 1.001 a 3.000","Não","5"
"2024","possui_data_warehouse","Varejo","de 1.001 a 3.000","Sim","4"
"2024","possui_data_warehouse","Área de Consultoria","de 101 a 500","Não","4"
"2024","possui_data_warehouse","Finanças ou Bancos","de 11 a 50","Não","4"
"2024","possui_data_warehouse","Marketing","de 101 a 500","Sim","4"
"2024","possui_data_warehouse","Outra Opção","de 51 a 100","Sim","4"
"2024","possui_data_warehouse","Área da Saúde","de 101 a 500","Não","4"
"2024","possui_data_warehouse","Indústria","de 101 a 500","Sim","4"
"2024","possui_data_warehouse","Outra Opção","de 1.001 a 3.000","Não","4"
"2024","possui_data_warehouse","Varejo","Acima de 3.000","Não","4"
"2024","possui_data_warehouse","Varejo","de 101 a 500","Não","4"
"2024","possui_data_warehouse","Agronegócios","Acima de 3.000","Sim","4"
"2024","possui_data_warehouse","Indústria","de 1.001 a 3.000","Sim","4"
"2024","possui_data_warehouse","Área de Consultoria","de 11 a 50","Sim","4"
"2024","possui_data_warehouse","Setor Público","de 1.001 a 3.000","Sim","4"
"2024","possui_data_warehouse","Área da Saúde","de 1.001 a 3.000","Sim","4"
"2024","possui_data_warehouse","Varejo","de 51 a 100","Não","3"
"2024","possui_data_warehouse","Tecnologia/Fábrica de Software","de 1 a 5","Sim","3"
"2024","possui_data_warehouse","Setor Imobiliário/ Construção Civil","de 1.001 a 3.000","Sim","3"
"2024","possui_data_warehouse","Área de Consultoria","de 1.001 a 3.000","Não","3"
"2024","possui_data_warehouse","Setor Automotivo","Acima de 3.000","Não","3"
"2024","possui_data_warehouse","Finanças ou Bancos","de 501 a 1.000","Não","3"
"2024","possui_data_warehouse","Outra Opção","de 501 a 1.000","Sim","3"
"2024","possui_data_warehouse","Setor Alimentício","de 501 a 1.000","Sim","3"
"2024","possui_data_warehouse","Indústria","de 501 a 1.000","Sim","3"
"2024","possui_data_warehouse","Tecnologia/Fábrica de Software","de 11 a 50","Não","3"
"2024","possui_data_warehouse","Entretenimento ou Esportes","Acima de 3.000","Sim","3"
"2024","possui_data_warehouse","Marketing","Acima de 3.000","Sim","3"
"2024","possui_data_warehouse","Telecomunicação","Acima de 3.000","Não","3"
"2024","possui_data_warehouse","Setor Público","de 101 a 500","Sim","3"
"2024","possui_data_warehouse","Varejo","de 101 a 500","Sim","3"
"2024","possui_data_warehouse","Área de Consultoria","de 1.001 a 3.000","Sim","3"
"2024","possui_data_warehouse","Educação","Acima de 3.000","Sim","3"
"2024","possui_data_warehouse","Educação","de 11 a 50","Sim","3"
"2024","possui_data_warehouse","Agronegócios","de 101 a 500","Sim","3"
"2024","possui_data_warehouse","Setor de Energia","de 501 a 1.000","Sim","3"
"2024","possui_data_warehouse","Internet/Ecommerce","Acima de 3.000","Não","3"
"2024","possui_data_warehouse","Setor Alimentício","de 1.001 a 3.000","Sim","2"
"2024","possui_data_warehouse","Seguros ou Previdência","de 51 a 100","Sim","2"
"2024","possui_data_warehouse","Setor Público","de 51 a 100","Não","2"
"2024","possui_data_warehouse","Indústria","Acima de 3.000","Não","2"
"2024","possui_data_warehouse","Outra Opção","de 101 a 500","Não","2"
"2024","possui_data_warehouse","Setor Alimentício","Acima de 3.000","Não","2"
"2024","possui_data_warehouse","Agronegócios","de 101 a 500","Não","2"
"2024","possui_data_warehouse","Área de Consultoria","de 51 a 100","Não","2"
"2024","possui_data_warehouse","Educação","de 51 a 100","Sim","2"
"2024","possui_data_warehouse","Agronegócios","de 11 a 50","Não","2"
"2024","possui_data_warehouse","Outra Opção","de 1.001 a 3.000","Sim","2"
"2024","possui_data_warehouse","Área da Saúde","de 11 a 50","Sim","2"
"2024","possui_data_warehouse","Telecomunicação","de 101 a 500","Sim","2"
"2024","possui_data_warehouse","Setor Alimentício","de 101 a 500","Sim","2"
"2024","possui_data_warehouse","Área da Saúde","de 51 a 100","Sim","2"
"2024","possui_data_warehouse","Seguros ou Previdência","de 501 a 1.000","Não","2"
"2024","possui_data_warehouse","Setor Imobiliário/ Construção Civil","Acima de 3.000","Sim","2"
"2024","possui_data_warehouse","Educação","de 501 a 1.000","Não","2"
"2024","possui_data_warehouse","Agronegócios","de 51 a 100","Sim","2"
"2024","possui_data_warehouse","Outra Opção","Acima de 3.000","Não","2"
"2024","possui_data_warehouse","Setor Público","de 51 a 100","Sim","2"
"2024","possui_data_warehouse","Setor Público","de 501 a 1.000","Sim","2"
"2024","possui_data_warehouse","Internet/Ecommerce","de 1.001 a 3.000","Sim","2"
"2024","possui_data_warehouse","Educação","de 1.001 a 3.000","Não","2"
"2024","possui_data_warehouse","Educação","de 101 a 500","Não","2"
"2024","possui_data_warehouse","Internet/Ecommerce","de 51 a 100","Sim","2"
"2024","possui_data_warehouse","Telecomunicação","de 1.001 a 3.000","Sim","2"
"2024","possui_data_warehouse","Internet/Ecommerce","de 101 a 500","Não","1"
"2024","possui_data_warehouse","Marketing","de 51 a 100","Sim","1"
"2024","possui_data_warehouse","Área da Saúde","de 501 a 1.000","Sim","1"
"2024","possui_data_warehouse","Telecomunicação","de 101 a 500","Não","1"
"2024","possui_data_warehouse","Seguros ou Previdência","de 101 a 500","Não","1"
"2024","possui_data_warehouse","Agronegócios","de 11 a 50","Sim","1"
"2024","possui_data_warehouse","Setor Imobiliário/ Construção Civil","de 6 a 10","Sim","1"
"2024","possui_data_warehouse","Entretenimento ou Esportes","de 11 a 50","Sim","1"
"2024","possui_data_warehouse","Área da Saúde","de 1.001 a 3.000","Não","1"
"2024","possui_data_warehouse","Setor Automotivo","de 51 a 100","Não","1"
"2024","possui_data_warehouse","Área de Consultoria","de 1 a 5","Sim","1"
"2024","possui_data_warehouse","Área de Consultoria","de 11 a 50","Não","1"
"2024","possui_data_warehouse","Educação","de 501 a 1.000","Sim","1"
"2024","possui_data_warehouse","Internet/Ecommerce","de 101 a 500","Sim","1"
"2024","possui_data_warehouse","Finanças ou Bancos","de 51 a 100","Não","1"
"2024","possui_data_warehouse","Marketing","de 51 a 100","Não","1"
"2024","possui_data_warehouse","Educação","de 1 a 5","Não","1"
"2024","possui_data_warehouse","Marketing","de 501 a 1.000","Sim","1"
"2024","possui_data_warehouse","Indústria","de 51 a 100","Sim","1"
"2024","possui_data_warehouse","Setor Público","de 6 a 10","Não","1"
"2024","possui_data_warehouse","Setor Imobiliário/ Construção Civil","de 11 a 50","Não","1"
"2024","possui_data_warehouse","Outra Opção","de 6 a 10","Sim","1"
"2024","possui_data_warehouse","Marketing","de 101 a 500","Não","1"
"2024","possui_data_warehouse","Setor de Energia","Acima de 3.000","Não","1"
"2024","possui_data_warehouse","Filantropia/ONG's","de 101 a 500","Não","1"
"2024","possui_data_warehouse","Outra Opção","de 51 a 100","Não","1"
"2024","possui_data_warehouse","Tecnologia/Fábrica de Software","de 6 a 10","Sim","1"
"2024","possui_data_warehouse","Filantropia/ONG's","Acima de 3.000","Sim","1"
"2024","possui_data_warehouse","Seguros ou Previdência","de 101 a 500","Sim","1"
"2024","possui_data_warehouse","Filantropia/ONG's","de 501 a 1.000","Sim","1"
"2024","possui_data_warehouse","Marketing","de 501 a 1.000","Não","1"
"2024","possui_data_warehouse","Agronegócios","de 1.001 a 3.000","Sim","1"
"2024","possui_data_warehouse","Telecomunicação","de 6 a 10","Sim","1"
"2024","possui_data_warehouse","Setor de Energia","de 11 a 50","Sim","1"
"2024","possui_data_warehouse","Finanças ou Bancos","de 6 a 10","Não","1"
"2024","possui_data_warehouse","Setor Automotivo","de 11 a 50","Não","1"
"2024","possui_data_warehouse","Setor Farmaceutico","de 501 a 1.000","Sim","1"
"2024","possui_data_warehouse","Tecnologia/Fábrica de Software","de 6 a 10","Não","1"
"2024","possui_data_warehouse","Setor Imobiliário/ Construção Civil","de 1 a 5","Sim","1"
"2024","possui_data_warehouse","Marketing","de 6 a 10","Sim","1"
"2024","possui_data_warehouse","Área da Saúde","de 51 a 100","Não","1"
"2024","possui_data_warehouse","Filantropia/ONG's","de 11 a 50","Sim","1"
"2024","possui_data_warehouse","Área de Consultoria","de 501 a 1.000","Não","1"
"2024","possui_data_warehouse","Outra Opção","de 501 a 1.000","Não","1"
"2024","possui_data_warehouse","Setor Imobiliário/ Construção Civil","de 51 a 100","Não","1"
"2024","possui_data_warehouse","Setor Imobiliário/ Construção Civil","de 51 a 100","Sim","1"
"2024","possui_data_warehouse","Setor Farmaceutico","Acima de 3.000","Não","1"
"2024","possui_data_warehouse","Varejo","de 501 a 1.000","Sim","1"
"2024","possui_data_warehouse","Seguros ou Previdência","de 1.001 a 3.000","Sim","1"
"2024","possui_data_warehouse","Telecomunicação","de 51 a 100","Sim","1"
"2024","possui_data_warehouse","Indústria","de 101 a 500","Não","1"
"2024","possui_data_warehouse","Entretenimento ou Esportes","de 101 a 500","Não","1"
"2024","possui_data_warehouse","Setor Automotivo","de 501 a 1.000","Sim","1"
"2024","possui_data_warehouse","Setor Imobiliário/ Construção Civil","de 101 a 500","Sim","1"
"2024","possui_data_warehouse","Marketing","de 1.001 a 3.000","Sim","1"
"2024","possui_data_warehouse","Educação","Acima de 3.000","Não","1"
"2024","possui_data_warehouse","Área de Consultoria","de 6 a 10","Sim","1"
"2024","possui_data_warehouse","Internet/Ecommerce","de 501 a 1.000","Sim","1"
"2024","possui_data_warehouse","Seguros ou Previdência","de 51 a 100","Não","1"
"2024","possui_data_warehouse","Telecomunicação","de 501 a 1.000","Sim","1"
"2024","possui_data_warehouse","Setor Público","Acima de 3.000","Não","1"
"2024","possui_data_warehouse","Telecomunicação","de 1.001 a 3.000","Não","1"
"2024","risco_turnover","Finanças ou Bancos","Acima de 3.000","Não estou buscando, mas me considero aberto a outras oportunidades","242"
"2024","risco_turnover","Finanças ou Bancos","Acima de 3.000","Não estou buscando e não pretendo mudar de emprego nos próximos 6 meses","218"
"2024","risco_turnover","Varejo","Acima de 3.000","Não estou buscando e não pretendo mudar de emprego nos próximos 6 meses","137"
"2024","risco_turnover","Tecnologia/Fábrica de Software","Acima de 3.000","Não estou buscando, mas me considero aberto a outras oportunidades","133"
"2024","risco_turnover","Varejo","Acima de 3.000","Não estou buscando, mas me considero aberto a outras oportunidades","108"
"2024","risco_turnover","Finanças ou Bancos","Acima de 3.000","Estou em busca de oportunidades dentro ou fora do Brasil","106"
"2024","risco_turnover","Tecnologia/Fábrica de Software","Acima de 3.000","Não estou buscando e não pretendo mudar de emprego nos próximos 6 meses","103"
"2024","risco_turnover","Indústria","Acima de 3.000","Não estou buscando, mas me considero aberto a outras oportunidades","90"
"2024","risco_turnover","Indústria","Acima de 3.000","Não estou buscando e não pretendo mudar de emprego nos próximos 6 meses","80"
"2024","risco_turnover","Tecnologia/Fábrica de Software","de 101 a 500","Não estou buscando, mas me considero aberto a outras oportunidades","78"
"2024","risco_turnover","Tecnologia/Fábrica de Software","de 1.001 a 3.000","Não estou buscando, mas me considero aberto a outras oportunidades","62"
"2024","risco_turnover","Finanças ou Bancos","de 101 a 500","Não estou buscando, mas me considero aberto a outras oportunidades","57"
"2024","risco_turnover","Finanças ou Bancos","Acima de 3.000","Estou em busca de oportunidades, mas apenas fora do Brasil","56"
"2024","risco_turnover","Internet/Ecommerce","Acima de 3.000","Não estou buscando, mas me considero aberto a outras oportunidades","51"
"2024","risco_turnover","Finanças ou Bancos","de 1.001 a 3.000","Não estou buscando, mas me considero aberto a outras oportunidades","51"
"2024","risco_turnover","Tecnologia/Fábrica de Software","de 501 a 1.000","Não estou buscando, mas me considero aberto a outras oportunidades","49"
"2024","risco_turnover","Tecnologia/Fábrica de Software","Acima de 3.000","Estou em busca de oportunidades dentro ou fora do Brasil","46"
"2024","risco_turnover","Outra Opção","Acima de 3.000","Não estou buscando, mas me considero aberto a outras oportunidades","45"
"2024","risco_turnover","Setor Alimentício","Acima de 3.000","Não estou buscando, mas me considero aberto a outras oportunidades","45"
"2024","risco_turnover","Outra Opção","Acima de 3.000","Não estou buscando e não pretendo mudar de emprego nos próximos 6 meses","44"
"2024","risco_turnover","Varejo","Acima de 3.000","Estou em busca de oportunidades dentro ou fora do Brasil","43"
"2024","risco_turnover","Tecnologia/Fábrica de Software","de 51 a 100","Não estou buscando, mas me considero aberto a outras oportunidades","42"
"2024","risco_turnover","Finanças ou Bancos","de 501 a 1.000","Não estou buscando, mas me considero aberto a outras oportunidades","38"
"2024","risco_turnover","Indústria","Acima de 3.000","Estou em busca de oportunidades dentro ou fora do Brasil","38"
"2024","risco_turnover","Tecnologia/Fábrica de Software","de 101 a 500","Estou em busca de oportunidades dentro ou fora do Brasil","36"
"2024","risco_turnover","Finanças ou Bancos","de 101 a 500","Estou em busca de oportunidades dentro ou fora do Brasil","36"
"2024","risco_turnover","Área de Consultoria","Acima de 3.000","Não estou buscando, mas me considero aberto a outras oportunidades","36"
"2024","risco_turnover","Área de Consultoria","Acima de 3.000","Estou em busca de oportunidades dentro ou fora do Brasil","35"
"2024","risco_turnover","Setor Alimentício","Acima de 3.000","Não estou buscando e não pretendo mudar de emprego nos próximos 6 meses","33"
"2024","risco_turnover","Tecnologia/Fábrica de Software","de 1.001 a 3.000","Estou em busca de oportunidades dentro ou fora do Brasil","31"
"2024","risco_turnover","Tecnologia/Fábrica de Software","de 1.001 a 3.000","Não estou buscando e não pretendo mudar de emprego nos próximos 6 meses","30"
"2024","risco_turnover","Tecnologia/Fábrica de Software","de 11 a 50","Não estou buscando, mas me considero aberto a outras oportunidades","30"
"2024","risco_turnover","Finanças ou Bancos","de 501 a 1.000","Não estou buscando e não pretendo mudar de emprego nos próximos 6 meses","30"
"2024","risco_turnover","Internet/Ecommerce","Acima de 3.000","Não estou buscando e não pretendo mudar de emprego nos próximos 6 meses","30"
"2024","risco_turnover","Setor Público","Acima de 3.000","Estou em busca de oportunidades dentro ou fora do Brasil","29"
"2024","risco_turnover","Finanças ou Bancos","de 1.001 a 3.000","Não estou buscando e não pretendo mudar de emprego nos próximos 6 meses","29"
"2024","risco_turnover","Tecnologia/Fábrica de Software","de 101 a 500","Não estou buscando e não pretendo mudar de emprego nos próximos 6 meses","29"
"2024","risco_turnover","Área de Consultoria","de 101 a 500","Não estou buscando, mas me considero aberto a outras oportunidades","29"
"2024","risco_turnover","Área da Saúde","Acima de 3.000","Não estou buscando, mas me considero aberto a outras oportunidades","28"
"2024","risco_turnover","Tecnologia/Fábrica de Software","de 11 a 50","Não estou buscando e não pretendo mudar de emprego nos próximos 6 meses","28"
"2024","risco_turnover","Outra Opção","de 101 a 500","Não estou buscando, mas me considero aberto a outras oportunidades","28"
"2024","risco_turnover","Outra Opção","Acima de 3.000","Estou em busca de oportunidades dentro ou fora do Brasil","28"
"2024","risco_turnover","Finanças ou Bancos","de 1.001 a 3.000","Estou em busca de oportunidades dentro ou fora do Brasil","26"
"2024","risco_turnover","Tecnologia/Fábrica de Software","de 51 a 100","Estou em busca de oportunidades dentro ou fora do Brasil","26"
"2024","risco_turnover","Finanças ou Bancos","de 101 a 500","Não estou buscando e não pretendo mudar de emprego nos próximos 6 meses","25"
"2024","risco_turnover","Área de Consultoria","de 101 a 500","Estou em busca de oportunidades dentro ou fora do Brasil","24"
"2024","risco_turnover","Tecnologia/Fábrica de Software","Acima de 3.000","Estou em busca de oportunidades, mas apenas fora do Brasil","24"
"2024","risco_turnover","Telecomunicação","Acima de 3.000","Não estou buscando, mas me considero aberto a outras oportunidades","24"
"2024","risco_turnover","Área da Saúde","Acima de 3.000","Estou em busca de oportunidades dentro ou fora do Brasil","23"
"2024","risco_turnover","Tecnologia/Fábrica de Software","de 101 a 500","Estou em busca de oportunidades, mas apenas fora do Brasil","22"
"2024","risco_turnover","Educação","Acima de 3.000","Não estou buscando, mas me considero aberto a outras oportunidades","22"
"2024","risco_turnover","Tecnologia/Fábrica de Software","de 501 a 1.000","Estou em busca de oportunidades dentro ou fora do Brasil","22"
"2024","risco_turnover","Tecnologia/Fábrica de Software","de 51 a 100","Não estou buscando e não pretendo mudar de emprego nos próximos 6 meses","22"
"2024","risco_turnover","Área da Saúde","de 101 a 500","Estou em busca de oportunidades dentro ou fora do Brasil","22"
"2024","risco_turnover","Finanças ou Bancos","de 501 a 1.000","Estou em busca de oportunidades dentro ou fora do Brasil","22"
"2024","risco_turnover","Telecomunicação","Acima de 3.000","Estou em busca de oportunidades dentro ou fora do Brasil","21"
"2024","risco_turnover","Tecnologia/Fábrica de Software","de 11 a 50","Estou em busca de oportunidades dentro ou fora do Brasil","21"
"2024","risco_turnover","Área de Consultoria","de 101 a 500","Não estou buscando e não pretendo mudar de emprego nos próximos 6 meses","21"
"2024","risco_turnover","Setor Público","Acima de 3.000","Não estou buscando, mas me considero aberto a outras oportunidades","21"
"2024","risco_turnover","Educação","Acima de 3.000","Estou em busca de oportunidades dentro ou fora do Brasil","20"
"2024","risco_turnover","Outra Opção","de 101 a 500","Estou em busca de oportunidades dentro ou fora do Brasil","19"
"2024","risco_turnover","Educação","de 101 a 500","Estou em busca de oportunidades dentro ou fora do Brasil","18"
"2024","risco_turnover","Área da Saúde","Acima de 3.000","Não estou buscando e não pretendo mudar de emprego nos próximos 6 meses","17"
"2024","risco_turnover","Marketing","de 101 a 500","Não estou buscando, mas me considero aberto a outras oportunidades","17"
"2024","risco_turnover","Área da Saúde","de 101 a 500","Não estou buscando, mas me considero aberto a outras oportunidades","17"
"2024","risco_turnover","Agronegócios","Acima de 3.000","Não estou buscando, mas me considero aberto a outras oportunidades","16"
"2024","risco_turnover","Tecnologia/Fábrica de Software","de 1 a 5","Não estou buscando e não pretendo mudar de emprego nos próximos 6 meses","16"
"2024","risco_turnover","Outra Opção","de 101 a 500","Não estou buscando e não pretendo mudar de emprego nos próximos 6 meses","16"
"2024","risco_turnover","Área de Consultoria","de 51 a 100","Não estou buscando, mas me considero aberto a outras oportunidades","16"
"2024","risco_turnover","Área de Consultoria","de 51 a 100","Estou em busca de oportunidades dentro ou fora do Brasil","15"
"2024","risco_turnover","Área de Consultoria","Acima de 3.000","Estou em busca de oportunidades, mas apenas fora do Brasil","15"
"2024","risco_turnover","Área de Consultoria","de 51 a 100","Não estou buscando e não pretendo mudar de emprego nos próximos 6 meses","15"
"2024","risco_turnover","Setor de Energia","Acima de 3.000","Não estou buscando, mas me considero aberto a outras oportunidades","15"
"2024","risco_turnover","Indústria","de 101 a 500","Estou em busca de oportunidades dentro ou fora do Brasil","14"
"2024","risco_turnover","Varejo","Acima de 3.000","Estou em busca de oportunidades, mas apenas fora do Brasil","14"
"2024","risco_turnover","Área da Saúde","de 1.001 a 3.000","Não estou buscando, mas me considero aberto a outras oportunidades","14"
"2024","risco_turnover","Setor Público","Acima de 3.000","Não estou buscando e não pretendo mudar de emprego nos próximos 6 meses","14"
"2024","risco_turnover","Tecnologia/Fábrica de Software","de 501 a 1.000","Não estou buscando e não pretendo mudar de emprego nos próximos 6 meses","14"
"2024","risco_turnover","Educação","de 1.001 a 3.000","Não estou buscando, mas me considero aberto a outras oportunidades","14"
"2024","risco_turnover","Setor de Energia","Acima de 3.000","Estou em busca de oportunidades dentro ou fora do Brasil","14"
"2024","risco_turnover","Setor Alimentício","Acima de 3.000","Estou em busca de oportunidades dentro ou fora do Brasil","14"
"2024","risco_turnover","Outra Opção","de 1.001 a 3.000","Não estou buscando, mas me considero aberto a outras oportunidades","14"
"2024","risco_turnover","Outra Opção","de 501 a 1.000","Não estou buscando, mas me considero aberto a outras oportunidades","13"
"2024","risco_turnover","Educação","de 1.001 a 3.000","Não estou buscando e não pretendo mudar de emprego nos próximos 6 meses","13"
"2024","risco_turnover","Outra Opção","de 501 a 1.000","Não estou buscando e não pretendo mudar de emprego nos próximos 6 meses","13"
"2024","risco_turnover","Educação","de 101 a 500","Não estou buscando, mas me considero aberto a outras oportunidades","13"
"2024","risco_turnover","Finanças ou Bancos","de 51 a 100","Não estou buscando, mas me considero aberto a outras oportunidades","13"
"2024","risco_turnover","Seguros ou Previdência","Acima de 3.000","Não estou buscando, mas me considero aberto a outras oportunidades","13"
"2024","risco_turnover","Finanças ou Bancos","de 1.001 a 3.000","Estou em busca de oportunidades, mas apenas fora do Brasil","13"
"2024","risco_turnover","Área de Consultoria","de 11 a 50","Estou em busca de oportunidades dentro ou fora do Brasil","13"
"2024","risco_turnover","Finanças ou Bancos","de 11 a 50","Não estou buscando, mas me considero aberto a outras oportunidades","13"
"2024","risco_turnover","Educação","Acima de 3.000","Não estou buscando e não pretendo mudar de emprego nos próximos 6 meses","12"
"2024","risco_turnover","Área de Consultoria","de 1.001 a 3.000","Não estou buscando, mas me considero aberto a outras oportunidades","12"
"2024","risco_turnover","Área de Consultoria","de 11 a 50","Não estou buscando e não pretendo mudar de emprego nos próximos 6 meses","12"
"2024","risco_turnover","Seguros ou Previdência","Acima de 3.000","Estou em busca de oportunidades dentro ou fora do Brasil","12"
"2024","risco_turnover","Setor Público","de 101 a 500","Não estou buscando, mas me considero aberto a outras oportunidades","12"
"2024","risco_turnover","Agronegócios","Acima de 3.000","Estou em busca de oportunidades dentro ou fora do Brasil","12"
"2024","risco_turnover","Tecnologia/Fábrica de Software","de 1.001 a 3.000","Estou em busca de oportunidades, mas apenas fora do Brasil","12"
"2024","risco_turnover","Área de Consultoria","de 501 a 1.000","Não estou buscando, mas me considero aberto a outras oportunidades","12"
"2024","risco_turnover","Outra Opção","de 1.001 a 3.000","Estou em busca de oportunidades dentro ou fora do Brasil","12"
"2024","risco_turnover","Outra Opção","de 501 a 1.000","Estou em busca de oportunidades dentro ou fora do Brasil","12"
"2024","risco_turnover","Indústria","de 1.001 a 3.000","Não estou buscando, mas me considero aberto a outras oportunidades","12"
"2024","risco_turnover","Varejo","de 1.001 a 3.000","Não estou buscando, mas me considero aberto a outras oportunidades","11"
"2024","risco_turnover","Educação","de 501 a 1.000","Estou em busca de oportunidades dentro ou fora do Brasil","11"
"2024","risco_turnover","Outra Opção","de 1.001 a 3.000","Não estou buscando e não pretendo mudar de emprego nos próximos 6 meses","11"
"2024","risco_turnover","Tecnologia/Fábrica de Software","de 1 a 5","Estou em busca de oportunidades dentro ou fora do Brasil","11"
"2024","risco_turnover","Indústria","de 501 a 1.000","Estou em busca de oportunidades dentro ou fora do Brasil","11"
"2024","risco_turnover","Varejo","de 101 a 500","Não estou buscando, mas me considero aberto a outras oportunidades","11"
"2024","risco_turnover","Setor de Energia","Acima de 3.000","Não estou buscando e não pretendo mudar de emprego nos próximos 6 meses","10"
"2024","risco_turnover","Tecnologia/Fábrica de Software","de 51 a 100","Estou em busca de oportunidades, mas apenas fora do Brasil","10"
"2024","risco_turnover","Internet/Ecommerce","de 1.001 a 3.000","Não estou buscando e não pretendo mudar de emprego nos próximos 6 meses","10"
"2024","risco_turnover","Área de Consultoria","Acima de 3.000","Não estou buscando e não pretendo mudar de emprego nos próximos 6 meses","10"
"2024","risco_turnover","Telecomunicação","Acima de 3.000","Não estou buscando e não pretendo mudar de emprego nos próximos 6 meses","10"
"2024","risco_turnover","Tecnologia/Fábrica de Software","de 6 a 10","Estou em busca de oportunidades dentro ou fora do Brasil","10"
"2024","risco_turnover","Setor Alimentício","Acima de 3.000","Estou em busca de oportunidades, mas apenas fora do Brasil","10"
"2024","risco_turnover","Educação","de 11 a 50","Estou em busca de oportunidades dentro ou fora do Brasil","10"
"2024","risco_turnover","Área de Consultoria","de 11 a 50","Não estou buscando, mas me considero aberto a outras oportunidades","10"
"2024","risco_turnover","Indústria","de 101 a 500","Não estou buscando, mas me considero aberto a outras oportunidades","10"
"2024","risco_turnover","Indústria","Acima de 3.000","Estou em busca de oportunidades, mas apenas fora do Brasil","10"
"2024","risco_turnover","Área da Saúde","de 1.001 a 3.000","Estou em busca de oportunidades dentro ou fora do Brasil","10"
"2024","risco_turnover","Outra Opção","Acima de 3.000","Estou em busca de oportunidades, mas apenas fora do Brasil","9"
"2024","risco_turnover","Indústria","de 501 a 1.000","Não estou buscando, mas me considero aberto a outras oportunidades","9"
"2024","risco_turnover","Outra Opção","de 101 a 500","Estou em busca de oportunidades, mas apenas fora do Brasil","9"
"2024","risco_turnover","Setor Automotivo","Acima de 3.000","Não estou buscando e não pretendo mudar de emprego nos próximos 6 meses","9"
"2024","risco_turnover","Marketing","de 501 a 1.000","Estou em busca de oportunidades dentro ou fora do Brasil","9"
"2024","risco_turnover","Indústria","de 1.001 a 3.000","Estou em busca de oportunidades dentro ou fora do Brasil","9"
"2024","risco_turnover","Internet/Ecommerce","de 101 a 500","Estou em busca de oportunidades dentro ou fora do Brasil","9"
"2024","risco_turnover","Área de Consultoria","de 501 a 1.000","Estou em busca de oportunidades dentro ou fora do Brasil","9"
"2024","risco_turnover","Educação","de 501 a 1.000","Não estou buscando, mas me considero aberto a outras oportunidades","9"
"2024","risco_turnover","Setor Automotivo","Acima de 3.000","Estou em busca de oportunidades dentro ou fora do Brasil","9"
"2024","risco_turnover","Marketing","Acima de 3.000","Estou em busca de oportunidades dentro ou fora do Brasil","9"
"2024","risco_turnover","Outra Opção","de 51 a 100","Não estou buscando, mas me considero aberto a outras oportunidades","9"
"2024","risco_turnover","Setor Imobiliário/ Construção Civil","Acima de 3.000","Não estou buscando, mas me considero aberto a outras oportunidades","9"
"2024","risco_turnover","Varejo","de 101 a 500","Estou em busca de oportunidades dentro ou fora do Brasil","9"
"2024","risco_turnover","Outra Opção","de 11 a 50","Estou em busca de oportunidades dentro ou fora do Brasil","8"
"2024","risco_turnover","Setor Imobiliário/ Construção Civil","de 1.001 a 3.000","Não estou buscando, mas me considero aberto a outras oportunidades","8"
"2024","risco_turnover","Área da Saúde","de 501 a 1.000","Não estou buscando e não pretendo mudar de emprego nos próximos 6 meses","8"
"2024","risco_turnover","Indústria","de 101 a 500","Não estou buscando e não pretendo mudar de emprego nos próximos 6 meses","8"
"2024","risco_turnover","Setor Automotivo","Acima de 3.000","Não estou buscando, mas me considero aberto a outras oportunidades","8"
"2024","risco_turnover","Área da Saúde","de 11 a 50","Não estou buscando, mas me considero aberto a outras oportunidades","8"
"2024","risco_turnover","Seguros ou Previdência","de 101 a 500","Não estou buscando, mas me considero aberto a outras oportunidades","8"
"2024","risco_turnover","Marketing","de 1 a 5","Estou em busca de oportunidades dentro ou fora do Brasil","8"
"2024","risco_turnover","Área de Consultoria","de 501 a 1.000","Não estou buscando e não pretendo mudar de emprego nos próximos 6 meses","8"
"2024","risco_turnover","Setor de Energia","de 101 a 500","Não estou buscando, mas me considero aberto a outras oportunidades","8"
"2024","risco_turnover","Finanças ou Bancos","de 501 a 1.000","Estou em busca de oportunidades, mas apenas fora do Brasil","8"
"2024","risco_turnover","Indústria","de 51 a 100","Estou em busca de oportunidades dentro ou fora do Brasil","8"
"2024","risco_turnover","Setor Farmaceutico","Acima de 3.000","Não estou buscando e não pretendo mudar de emprego nos próximos 6 meses","8"
"2024","risco_turnover","Área de Consultoria","de 1.001 a 3.000","Estou em busca de oportunidades dentro ou fora do Brasil","8"
"2024","risco_turnover","Varejo","de 501 a 1.000","Estou em busca de oportunidades dentro ou fora do Brasil","8"
"2024","risco_turnover","Internet/Ecommerce","Acima de 3.000","Estou em busca de oportunidades dentro ou fora do Brasil","8"
"2024","risco_turnover","Educação","de 1.001 a 3.000","Estou em busca de oportunidades dentro ou fora do Brasil","8"
"2024","risco_turnover","Setor Imobiliário/ Construção Civil","Acima de 3.000","Não estou buscando e não pretendo mudar de emprego nos próximos 6 meses","8"
"2024","risco_turnover","Tecnologia/Fábrica de Software","de 1 a 5","Não estou buscando, mas me considero aberto a outras oportunidades","7"
"2024","risco_turnover","Marketing","de 101 a 500","Não estou buscando e não pretendo mudar de emprego nos próximos 6 meses","7"
"2024","risco_turnover","Agronegócios","de 101 a 500","Estou em busca de oportunidades dentro ou fora do Brasil","7"
"2024","risco_turnover","Marketing","de 101 a 500","Estou em busca de oportunidades dentro ou fora do Brasil","7"
"2024","risco_turnover","Outra Opção","de 51 a 100","Estou em busca de oportunidades dentro ou fora do Brasil","7"
"2024","risco_turnover","Outra Opção","de 11 a 50","Não estou buscando, mas me considero aberto a outras oportunidades","7"
"2024","risco_turnover","Setor Público","Acima de 3.000","Estou em busca de oportunidades, mas apenas fora do Brasil","7"
"2024","risco_turnover","Finanças ou Bancos","de 51 a 100","Estou em busca de oportunidades dentro ou fora do Brasil","7"
"2024","risco_turnover","Finanças ou Bancos","de 101 a 500","Estou em busca de oportunidades, mas apenas fora do Brasil","7"
"2024","risco_turnover","Telecomunicação","Acima de 3.000","Estou em busca de oportunidades, mas apenas fora do Brasil","7"
"2024","risco_turnover","Finanças ou Bancos","de 11 a 50","Não estou buscando e não pretendo mudar de emprego nos próximos 6 meses","7"
"2024","risco_turnover","Tecnologia/Fábrica de Software","de 11 a 50","Estou em busca de oportunidades, mas apenas fora do Brasil","7"
"2024","risco_turnover","Agronegócios","Acima de 3.000","Não estou buscando e não pretendo mudar de emprego nos próximos 6 meses","7"
"2024","risco_turnover","Setor Público","de 501 a 1.000","Estou em busca de oportunidades dentro ou fora do Brasil","6"
"2024","risco_turnover","Entretenimento ou Esportes","Acima de 3.000","Não estou buscando, mas me considero aberto a outras oportunidades","6"
"2024","risco_turnover","Área de Consultoria","de 1 a 5","Não estou buscando e não pretendo mudar de emprego nos próximos 6 meses","6"
"2024","risco_turnover","Setor Público","de 1.001 a 3.000","Estou em busca de oportunidades dentro ou fora do Brasil","6"
"2024","risco_turnover","Setor Público","de 101 a 500","Estou em busca de oportunidades dentro ou fora do Brasil","6"
"2024","risco_turnover","Agronegócios","de 101 a 500","Não estou buscando, mas me considero aberto a outras oportunidades","6"
"2024","risco_turnover","Setor Farmaceutico","Acima de 3.000","Não estou buscando, mas me considero aberto a outras oportunidades","6"
"2024","risco_turnover","Finanças ou Bancos","de 11 a 50","Estou em busca de oportunidades dentro ou fora do Brasil","6"
"2024","risco_turnover","Internet/Ecommerce","de 1.001 a 3.000","Não estou buscando, mas me considero aberto a outras oportunidades","6"
"2024","risco_turnover","Marketing","de 11 a 50","Estou em busca de oportunidades dentro ou fora do Brasil","6"
"2024","risco_turnover","Tecnologia/Fábrica de Software","de 501 a 1.000","Estou em busca de oportunidades, mas apenas fora do Brasil","6"
"2024","risco_turnover","Setor Imobiliário/ Construção Civil","de 1.001 a 3.000","Estou em busca de oportunidades dentro ou fora do Brasil","6"
"2024","risco_turnover","Varejo","de 1.001 a 3.000","Estou em busca de oportunidades dentro ou fora do Brasil","6"
"2024","risco_turnover","Área da Saúde","de 501 a 1.000","Não estou buscando, mas me considero aberto a outras oportunidades","6"
"2024","risco_turnover","Entretenimento ou Esportes","de 101 a 500","Não estou buscando, mas me considero aberto a outras oportunidades","6"
"2024","risco_turnover","Marketing","de 51 a 100","Estou em busca de oportunidades dentro ou fora do Brasil","6"
"2024","risco_turnover","Área de Consultoria","de 101 a 500","Estou em busca de oportunidades, mas apenas fora do Brasil","6"
"2024","risco_turnover","Setor Público","de 1.001 a 3.000","Não estou buscando e não pretendo mudar de emprego nos próximos 6 meses","5"
"2024","risco_turnover","Setor Alimentício","de 1.001 a 3.000","Não estou buscando, mas me considero aberto a outras oportunidades","5"
"2024","risco_turnover","Internet/Ecommerce","Acima de 3.000","Estou em busca de oportunidades, mas apenas fora do Brasil","5"
"2024","risco_turnover","Marketing","de 101 a 500","Estou em busca de oportunidades, mas apenas fora do Brasil","5"
"2024","risco_turnover","Internet/Ecommerce","de 101 a 500","Não estou buscando, mas me considero aberto a outras oportunidades","5"
"2024","risco_turnover","Marketing","de 11 a 50","Não estou buscando, mas me considero aberto a outras oportunidades","5"
"2024","risco_turnover","Seguros ou Previdência","de 101 a 500","Não estou buscando e não pretendo mudar de emprego nos próximos 6 meses","5"
"2024","risco_turnover","Setor Público","de 1.001 a 3.000","Não estou buscando, mas me considero aberto a outras oportunidades","5"
"2024","risco_turnover","Área de Consultoria","de 51 a 100","Estou em busca de oportunidades, mas apenas fora do Brasil","5"
"2024","risco_turnover","Outra Opção","de 1 a 5","Estou em busca de oportunidades dentro ou fora do Brasil","5"
"2024","risco_turnover","Varejo","de 101 a 500","Estou em busca de oportunidades, mas apenas fora do Brasil","5"
"2024","risco_turnover","Agronegócios","de 11 a 50","Estou em busca de oportunidades dentro ou fora do Brasil","5"
"2024","risco_turnover","Setor de Energia","de 501 a 1.000","Não estou buscando, mas me considero aberto a outras oportunidades","5"
"2024","risco_turnover","Tecnologia/Fábrica de Software","de 6 a 10","Não estou buscando, mas me considero aberto a outras oportunidades","5"
"2024","risco_turnover","Marketing","de 1.001 a 3.000","Não estou buscando, mas me considero aberto a outras oportunidades","5"
"2024","risco_turnover","Área da Saúde","de 501 a 1.000","Estou em busca de oportunidades dentro ou fora do Brasil","5"
"2024","risco_turnover","Área de Consultoria","de 1.001 a 3.000","Estou em busca de oportunidades, mas apenas fora do Brasil","5"
"2024","risco_turnover","Telecomunicação","de 101 a 500","Estou em busca de oportunidades dentro ou fora do Brasil","5"
"2024","risco_turnover","Telecomunicação","de 1.001 a 3.000","Não estou buscando, mas me considero aberto a outras oportunidades","5"
"2024","risco_turnover","Área de Consultoria","de 11 a 50","Estou em busca de oportunidades, mas apenas fora do Brasil","5"
"2024","risco_turnover","Outra Opção","de 6 a 10","Estou em busca de oportunidades dentro ou fora do Brasil","5"
"2024","risco_turnover","Setor Público","de 501 a 1.000","Não estou buscando, mas me considero aberto a outras oportunidades","5"
"2024","risco_turnover","Setor Farmaceutico","Acima de 3.000","Estou em busca de oportunidades dentro ou fora do Brasil","5"
"2024","risco_turnover","Setor Alimentício","de 501 a 1.000","Estou em busca de oportunidades dentro ou fora do Brasil","5"
"2024","risco_turnover","Área de Consultoria","de 6 a 10","Não estou buscando, mas me considero aberto a outras oportunidades","5"
"2024","risco_turnover","Educação","de 11 a 50","Não estou buscando, mas me considero aberto a outras oportunidades","5"
"2024","risco_turnover","Indústria","de 11 a 50","Não estou buscando, mas me considero aberto a outras oportunidades","5"
"2024","risco_turnover","Seguros ou Previdência","Acima de 3.000","Não estou buscando e não pretendo mudar de emprego nos próximos 6 meses","5"
"2024","risco_turnover","Educação","de 51 a 100","Não estou buscando, mas me considero aberto a outras oportunidades","4"
"2024","risco_turnover","Educação","de 51 a 100","Não estou buscando e não pretendo mudar de emprego nos próximos 6 meses","4"
"2024","risco_turnover","Finanças ou Bancos","de 11 a 50","Estou em busca de oportunidades, mas apenas fora do Brasil","4"
"2024","risco_turnover","Telecomunicação","de 1.001 a 3.000","Estou em busca de oportunidades dentro ou fora do Brasil","4"
"2024","risco_turnover","Setor de Energia","de 101 a 500","Não estou buscando e não pretendo mudar de emprego nos próximos 6 meses","4"
"2024","risco_turnover","Área de Consultoria","de 501 a 1.000","Estou em busca de oportunidades, mas apenas fora do Brasil","4"
"2024","risco_turnover","Setor de Energia","de 1.001 a 3.000","Estou em busca de oportunidades dentro ou fora do Brasil","4"
"2024","risco_turnover","Entretenimento ou Esportes","Acima de 3.000","Estou em busca de oportunidades dentro ou fora do Brasil","4"
"2024","risco_turnover","Tecnologia/Fábrica de Software","de 1 a 5","Estou em busca de oportunidades, mas apenas fora do Brasil","4"
"2024","risco_turnover","Área da Saúde","de 11 a 50","Estou em busca de oportunidades dentro ou fora do Brasil","4"
"2024","risco_turnover","Outra Opção","de 51 a 100","Estou em busca de oportunidades, mas apenas fora do Brasil","4"
"2024","risco_turnover","Setor Imobiliário/ Construção Civil","de 1.001 a 3.000","Estou em busca de oportunidades, mas apenas fora do Brasil","4"
"2024","risco_turnover","Indústria","de 1.001 a 3.000","Não estou buscando e não pretendo mudar de emprego nos próximos 6 meses","4"
"2024","risco_turnover","Área da Saúde","de 1.001 a 3.000","Não estou buscando e não pretendo mudar de emprego nos próximos 6 meses","4"
"2024","risco_turnover","Outra Opção","de 51 a 100","Não estou buscando e não pretendo mudar de emprego nos próximos 6 meses","4"
"2024","risco_turnover","Setor Automotivo","de 501 a 1.000","Não estou buscando, mas me considero aberto a outras oportunidades","4"
"2024","risco_turnover","Área da Saúde","de 51 a 100","Estou em busca de oportunidades dentro ou fora do Brasil","4"
"2024","risco_turnover","Educação","Acima de 3.000","Estou em busca de oportunidades, mas apenas fora do Brasil","4"
"2024","risco_turnover","Finanças ou Bancos","de 51 a 100","Não estou buscando e não pretendo mudar de emprego nos próximos 6 meses","4"
"2024","risco_turnover","Área da Saúde","de 101 a 500","Não estou buscando e não pretendo mudar de emprego nos próximos 6 meses","4"
"2024","risco_turnover","Setor Público","de 1.001 a 3.000","Estou em busca de oportunidades, mas apenas fora do Brasil","4"
"2024","risco_turnover","Varejo","de 1.001 a 3.000","Não estou buscando e não pretendo mudar de emprego nos próximos 6 meses","4"
"2024","risco_turnover","Varejo","de 51 a 100","Não estou buscando, mas me considero aberto a outras oportunidades","4"
"2024","risco_turnover","Agronegócios","de 11 a 50","Não estou buscando, mas me considero aberto a outras oportunidades","4"
"2024","risco_turnover","Indústria","de 11 a 50","Estou em busca de oportunidades dentro ou fora do Brasil","4"
"2024","risco_turnover","Área de Consultoria","de 1 a 5","Estou em busca de oportunidades dentro ou fora do Brasil","4"
"2024","risco_turnover","Área de Consultoria","de 1 a 5","Não estou buscando, mas me considero aberto a outras oportunidades","4"
"2024","risco_turnover","Educação","de 101 a 500","Não estou buscando e não pretendo mudar de emprego nos próximos 6 meses","4"
"2024","risco_turnover","Área da Saúde","de 11 a 50","Não estou buscando e não pretendo mudar de emprego nos próximos 6 meses","4"
"2024","risco_turnover","Setor Imobiliário/ Construção Civil","de 501 a 1.000","Estou em busca de oportunidades dentro ou fora do Brasil","4"
"2024","risco_turnover","Marketing","de 51 a 100","Não estou buscando, mas me considero aberto a outras oportunidades","4"
"2024","risco_turnover","Seguros ou Previdência","de 501 a 1.000","Não estou buscando, mas me considero aberto a outras oportunidades","4"
"2024","risco_turnover","Setor Público","de 51 a 100","Não estou buscando e não pretendo mudar de emprego nos próximos 6 meses","4"
"2024","risco_turnover","Seguros ou Previdência","de 1.001 a 3.000","Estou em busca de oportunidades dentro ou fora do Brasil","4"
"2024","risco_turnover","Setor Imobiliário/ Construção Civil","de 101 a 500","Estou em busca de oportunidades dentro ou fora do Brasil","4"
"2024","risco_turnover","Tecnologia/Fábrica de Software","de 6 a 10","Não estou buscando e não pretendo mudar de emprego nos próximos 6 meses","4"
"2024","risco_turnover","Telecomunicação","de 51 a 100","Estou em busca de oportunidades dentro ou fora do Brasil","4"
"2024","risco_turnover","Setor Alimentício","de 101 a 500","Não estou buscando, mas me considero aberto a outras oportunidades","4"
"2024","risco_turnover","Setor de Energia","de 501 a 1.000","Não estou buscando e não pretendo mudar de emprego nos próximos 6 meses","3"
"2024","risco_turnover","Entretenimento ou Esportes","de 11 a 50","Não estou buscando, mas me considero aberto a outras oportunidades","3"
"2024","risco_turnover","Telecomunicação","de 501 a 1.000","Não estou buscando, mas me considero aberto a outras oportunidades","3"
"2024","risco_turnover","Setor Público","de 101 a 500","Estou em busca de oportunidades, mas apenas fora do Brasil","3"
"2024","risco_turnover","Marketing","de 11 a 50","Estou em busca de oportunidades, mas apenas fora do Brasil","3"
"2024","risco_turnover","Setor Imobiliário/ Construção Civil","Acima de 3.000","Estou em busca de oportunidades dentro ou fora do Brasil","3"
"2024","risco_turnover","Finanças ou Bancos","de 6 a 10","Estou em busca de oportunidades, mas apenas fora do Brasil","3"
"2024","risco_turnover","Setor de Energia","de 1.001 a 3.000","Não estou buscando e não pretendo mudar de emprego nos próximos 6 meses","3"
"2024","risco_turnover","Setor Automotivo","Acima de 3.000","Estou em busca de oportunidades, mas apenas fora do Brasil","3"
"2024","risco_turnover","Setor Alimentício","de 51 a 100","Estou em busca de oportunidades dentro ou fora do Brasil","3"
"2024","risco_turnover","Indústria","de 1.001 a 3.000","Estou em busca de oportunidades, mas apenas fora do Brasil","3"
"2024","risco_turnover","Setor Automotivo","de 101 a 500","Não estou buscando, mas me considero aberto a outras oportunidades","3"
"2024","risco_turnover","Internet/Ecommerce","de 501 a 1.000","Não estou buscando, mas me considero aberto a outras oportunidades","3"
"2024","risco_turnover","Setor Automotivo","de 101 a 500","Estou em busca de oportunidades dentro ou fora do Brasil","3"
"2024","risco_turnover","Telecomunicação","de 501 a 1.000","Estou em busca de oportunidades dentro ou fora do Brasil","3"
"2024","risco_turnover","Educação","de 51 a 100","Estou em busca de oportunidades dentro ou fora do Brasil","3"
"2024","risco_turnover","Setor de Energia","de 51 a 100","Estou em busca de oportunidades dentro ou fora do Brasil","3"
"2024","risco_turnover","Outra Opção","de 1 a 5","Não estou buscando, mas me considero aberto a outras oportunidades","3"
"2024","risco_turnover","Educação","de 1 a 5","Não estou buscando, mas me considero aberto a outras oportunidades","3"
"2024","risco_turnover","Internet/Ecommerce","de 11 a 50","Estou em busca de oportunidades dentro ou fora do Brasil","3"
"2024","risco_turnover","Telecomunicação","de 501 a 1.000","Estou em busca de oportunidades, mas apenas fora do Brasil","3"
"2024","risco_turnover","Marketing","Acima de 3.000","Não estou buscando, mas me considero aberto a outras oportunidades","3"
"2024","risco_turnover","Educação","de 101 a 500","Estou em busca de oportunidades, mas apenas fora do Brasil","3"
"2024","risco_turnover","Setor Imobiliário/ Construção Civil","de 501 a 1.000","Não estou buscando, mas me considero aberto a outras oportunidades","3"
"2024","risco_turnover","Telecomunicação","de 1.001 a 3.000","Não estou buscando e não pretendo mudar de emprego nos próximos 6 meses","3"
"2024","risco_turnover","Entretenimento ou Esportes","de 51 a 100","Não estou buscando, mas me considero aberto a outras oportunidades","3"
"2024","risco_turnover","Educação","de 1.001 a 3.000","Estou em busca de oportunidades, mas apenas fora do Brasil","3"
"2024","risco_turnover","Setor Alimentício","de 101 a 500","Não estou buscando e não pretendo mudar de emprego nos próximos 6 meses","3"
"2024","risco_turnover","Educação","de 501 a 1.000","Não estou buscando e não pretendo mudar de emprego nos próximos 6 meses","3"
"2024","risco_turnover","Entretenimento ou Esportes","de 101 a 500","Não estou buscando e não pretendo mudar de emprego nos próximos 6 meses","3"
"2024","risco_turnover","Entretenimento ou Esportes","de 101 a 500","Estou em busca de oportunidades, mas apenas fora do Brasil","3"
"2024","risco_turnover","Área da Saúde","de 51 a 100","Não estou buscando, mas me considero aberto a outras oportunidades","3"
"2024","risco_turnover","Varejo","de 101 a 500","Não estou buscando e não pretendo mudar de emprego nos próximos 6 meses","3"
"2024","risco_turnover","Agronegócios","de 501 a 1.000","Não estou buscando, mas me considero aberto a outras oportunidades","3"
"2024","risco_turnover","Varejo","de 501 a 1.000","Não estou buscando, mas me considero aberto a outras oportunidades","3"
"2024","risco_turnover","Seguros ou Previdência","de 51 a 100","Não estou buscando, mas me considero aberto a outras oportunidades","3"
"2024","risco_turnover","Internet/Ecommerce","de 1 a 5","Estou em busca de oportunidades dentro ou fora do Brasil","3"
"2024","risco_turnover","Marketing","Acima de 3.000","Estou em busca de oportunidades, mas apenas fora do Brasil","3"
"2024","risco_turnover","Agronegócios","de 101 a 500","Não estou buscando e não pretendo mudar de emprego nos próximos 6 meses","3"
"2024","risco_turnover","Setor Público","de 501 a 1.000","Não estou buscando e não pretendo mudar de emprego nos próximos 6 meses","3"
"2024","risco_turnover","Setor Automotivo","de 501 a 1.000","Não estou buscando e não pretendo mudar de emprego nos próximos 6 meses","3"
"2024","risco_turnover","Finanças ou Bancos","de 51 a 100","Estou em busca de oportunidades, mas apenas fora do Brasil","3"
"2024","risco_turnover","Agronegócios","de 501 a 1.000","Estou em busca de oportunidades dentro ou fora do Brasil","3"
"2024","risco_turnover","Setor Automotivo","de 501 a 1.000","Estou em busca de oportunidades dentro ou fora do Brasil","3"
"2024","risco_turnover","Finanças ou Bancos","de 6 a 10","Estou em busca de oportunidades dentro ou fora do Brasil","3"
"2024","risco_turnover","Setor Público","de 11 a 50","Não estou buscando, mas me considero aberto a outras oportunidades","3"
"2024","risco_turnover","Varejo","de 1.001 a 3.000","Estou em busca de oportunidades, mas apenas fora do Brasil","3"
"2024","risco_turnover","Setor Alimentício","de 101 a 500","Estou em busca de oportunidades dentro ou fora do Brasil","3"
"2024","risco_turnover","Varejo","de 1 a 5","Estou em busca de oportunidades dentro ou fora do Brasil","3"
"2024","risco_turnover","Setor de Energia","de 11 a 50","Não estou buscando, mas me considero aberto a outras oportunidades","2"
"2024","risco_turnover","Setor Imobiliário/ Construção Civil","de 1 a 5","Estou em busca de oportunidades dentro ou fora do Brasil","2"
"2024","risco_turnover","Educação","de 501 a 1.000","Estou em busca de oportunidades, mas apenas fora do Brasil","2"
"2024","risco_turnover","Finanças ou Bancos","de 6 a 10","Não estou buscando e não pretendo mudar de emprego nos próximos 6 meses","2"
"2024","risco_turnover","Entretenimento ou Esportes","de 101 a 500","Estou em busca de oportunidades dentro ou fora do Brasil","2"
"2024","risco_turnover","Setor Automotivo","de 1.001 a 3.000","Não estou buscando e não pretendo mudar de emprego nos próximos 6 meses","2"
"2024","risco_turnover","Outra Opção","de 6 a 10","Não estou buscando, mas me considero aberto a outras oportunidades","2"
"2024","risco_turnover","Setor Alimentício","de 1.001 a 3.000","Estou em busca de oportunidades dentro ou fora do Brasil","2"
"2024","risco_turnover","Indústria","de 6 a 10","Estou em busca de oportunidades dentro ou fora do Brasil","2"
"2024","risco_turnover","Setor de Energia","de 51 a 100","Não estou buscando, mas me considero aberto a outras oportunidades","2"
"2024","risco_turnover","Agronegócios","de 6 a 10","Não estou buscando, mas me considero aberto a outras oportunidades","2"
"2024","risco_turnover","Setor Público","de 101 a 500","Não estou buscando e não pretendo mudar de emprego nos próximos 6 meses","2"
"2024","risco_turnover","Setor de Energia","Acima de 3.000","Estou em busca de oportunidades, mas apenas fora do Brasil","2"
"2024","risco_turnover","Setor Alimentício","de 501 a 1.000","Não estou buscando, mas me considero aberto a outras oportunidades","2"
"2024","risco_turnover","Setor Imobiliário/ Construção Civil","de 6 a 10","Não estou buscando, mas me considero aberto a outras oportunidades","2"
"2024","risco_turnover","Marketing","de 1 a 5","Não estou buscando, mas me considero aberto a outras oportunidades","2"
"2024","risco_turnover","Área da Saúde","Acima de 3.000","Estou em busca de oportunidades, mas apenas fora do Brasil","2"
"2024","risco_turnover","Área de Consultoria","de 1.001 a 3.000","Não estou buscando e não pretendo mudar de emprego nos próximos 6 meses","2"
"2024","risco_turnover","Entretenimento ou Esportes","de 1.001 a 3.000","Não estou buscando e não pretendo mudar de emprego nos próximos 6 meses","2"
"2024","risco_turnover","Área da Saúde","de 1.001 a 3.000","Estou em busca de oportunidades, mas apenas fora do Brasil","2"
"2024","risco_turnover","Área de Consultoria","de 6 a 10","Não estou buscando e não pretendo mudar de emprego nos próximos 6 meses","2"
"2024","risco_turnover","Finanças ou Bancos","de 1 a 5","Estou em busca de oportunidades dentro ou fora do Brasil","2"
"2024","risco_turnover","Setor Alimentício","de 101 a 500","Estou em busca de oportunidades, mas apenas fora do Brasil","2"
"2024","risco_turnover","Telecomunicação","de 51 a 100","Não estou buscando, mas me considero aberto a outras oportunidades","2"
"2024","risco_turnover","Outra Opção","de 11 a 50","Não estou buscando e não pretendo mudar de emprego nos próximos 6 meses","2"
"2024","risco_turnover","Setor Imobiliário/ Construção Civil","de 1 a 5","Não estou buscando, mas me considero aberto a outras oportunidades","2"
"2024","risco_turnover","Setor Imobiliário/ Construção Civil","de 51 a 100","Estou em busca de oportunidades dentro ou fora do Brasil","2"
"2024","risco_turnover","Setor Imobiliário/ Construção Civil","de 101 a 500","Não estou buscando e não pretendo mudar de emprego nos próximos 6 meses","2"
"2024","risco_turnover","Internet/Ecommerce","de 501 a 1.000","Estou em busca de oportunidades, mas apenas fora do Brasil","2"
"2024","risco_turnover","Marketing","de 1 a 5","Estou em busca de oportunidades, mas apenas fora do Brasil","2"
"2024","risco_turnover","Setor Imobiliário/ Construção Civil","de 51 a 100","Não estou buscando e não pretendo mudar de emprego nos próximos 6 meses","2"
"2024","risco_turnover","Seguros ou Previdência","de 11 a 50","Estou em busca de oportunidades dentro ou fora do Brasil","2"
"2024","risco_turnover","Marketing","de 501 a 1.000","Não estou buscando e não pretendo mudar de emprego nos próximos 6 meses","2"
"2024","risco_turnover","Agronegócios","de 101 a 500","Estou em busca de oportunidades, mas apenas fora do Brasil","2"
"2024","risco_turnover","Seguros ou Previdência","de 501 a 1.000","Estou em busca de oportunidades dentro ou fora do Brasil","2"
"2024","risco_turnover","Marketing","de 51 a 100","Não estou buscando e não pretendo mudar de emprego nos próximos 6 meses","2"
"2024","risco_turnover","Entretenimento ou Esportes","de 501 a 1.000","Estou em busca de oportunidades dentro ou fora do Brasil","2"
"2024","risco_turnover","Setor Farmaceutico","Acima de 3.000","Estou em busca de oportunidades, mas apenas fora do Brasil","2"
"2024","risco_turnover","Indústria","de 501 a 1.000","Não estou buscando e não pretendo mudar de emprego nos próximos 6 meses","2"
"2024","risco_turnover","Área de Consultoria","de 6 a 10","Estou em busca de oportunidades, mas apenas fora do Brasil","2"
"2024","risco_turnover","Área da Saúde","de 101 a 500","Estou em busca de oportunidades, mas apenas fora do Brasil","2"
"2024","risco_turnover","Entretenimento ou Esportes","de 51 a 100","Não estou buscando e não pretendo mudar de emprego nos próximos 6 meses","2"
"2024","risco_turnover","Internet/Ecommerce","de 1.001 a 3.000","Estou em busca de oportunidades dentro ou fora do Brasil","2"
"2024","risco_turnover","Setor Imobiliário/ Construção Civil","de 51 a 100","Não estou buscando, mas me considero aberto a outras oportunidades","2"
"2024","risco_turnover","Setor Automotivo","de 51 a 100","Estou em busca de oportunidades dentro ou fora do Brasil","2"
"2024","risco_turnover","Setor Alimentício","de 1.001 a 3.000","Não estou buscando e não pretendo mudar de emprego nos próximos 6 meses","2"
"2024","risco_turnover","Setor Imobiliário/ Construção Civil","de 101 a 500","Não estou buscando, mas me considero aberto a outras oportunidades","2"
"2024","risco_turnover","Marketing","de 501 a 1.000","Não estou buscando, mas me considero aberto a outras oportunidades","2"
"2024","risco_turnover","Setor Automotivo","de 1.001 a 3.000","Estou em busca de oportunidades dentro ou fora do Brasil","2"
"2024","risco_turnover","Indústria","de 1 a 5","Não estou buscando e não pretendo mudar de emprego nos próximos 6 meses","2"
"2024","risco_turnover","Marketing","de 1.001 a 3.000","Estou em busca de oportunidades, mas apenas fora do Brasil","2"
"2024","risco_turnover","Setor Alimentício","de 1 a 5","Estou em busca de oportunidades dentro ou fora do Brasil","2"
"2024","risco_turnover","Varejo","de 501 a 1.000","Não estou buscando e não pretendo mudar de emprego nos próximos 6 meses","2"
"2024","risco_turnover","Varejo","de 51 a 100","Estou em busca de oportunidades dentro ou fora do Brasil","2"
"2024","risco_turnover","Seguros ou Previdência","Acima de 3.000","Estou em busca de oportunidades, mas apenas fora do Brasil","2"
"2024","risco_turnover","Área da Saúde","de 51 a 100","Não estou buscando e não pretendo mudar de emprego nos próximos 6 meses","2"
"2024","risco_turnover","Agronegócios","de 51 a 100","Não estou buscando e não pretendo mudar de emprego nos próximos 6 meses","2"
"2024","risco_turnover","Setor de Energia","de 101 a 500","Estou em busca de oportunidades dentro ou fora do Brasil","2"
"2024","risco_turnover","Setor Imobiliário/ Construção Civil","de 51 a 100","Estou em busca de oportunidades, mas apenas fora do Brasil","2"
"2024","risco_turnover","Setor Alimentício","de 501 a 1.000","Não estou buscando e não pretendo mudar de emprego nos próximos 6 meses","2"
"2024","risco_turnover","Área de Consultoria","de 6 a 10","Estou em busca de oportunidades dentro ou fora do Brasil","2"
"2024","risco_turnover","Finanças ou Bancos","de 1 a 5","Não estou buscando e não pretendo mudar de emprego nos próximos 6 meses","2"
"2024","risco_turnover","Educação","de 11 a 50","Não estou buscando e não pretendo mudar de emprego nos próximos 6 meses","2"
"2024","risco_turnover","Setor Imobiliário/ Construção Civil","de 101 a 500","Estou em busca de oportunidades, mas apenas fora do Brasil","2"
"2024","risco_turnover","Setor Público","de 11 a 50","Não estou buscando e não pretendo mudar de emprego nos próximos 6 meses","2"
"2024","risco_turnover","Filantropia/ONG's","de 6 a 10","Estou em busca de oportunidades dentro ou fora do Brasil","2"
"2024","risco_turnover","Internet/Ecommerce","de 1 a 5","Não estou buscando, mas me considero aberto a outras oportunidades","2"
"2024","risco_turnover","Internet/Ecommerce","de 101 a 500","Não estou buscando e não pretendo mudar de emprego nos próximos 6 meses","2"
"2024","risco_turnover","Agronegócios","de 51 a 100","Estou em busca de oportunidades dentro ou fora do Brasil","2"
"2024","risco_turnover","Indústria","de 1 a 5","Estou em busca de oportunidades dentro ou fora do Brasil","2"
"2024","risco_turnover","Internet/Ecommerce","de 11 a 50","Estou em busca de oportunidades, mas apenas fora do Brasil","2"
"2024","risco_turnover","Agronegócios","Acima de 3.000","Estou em busca de oportunidades, mas apenas fora do Brasil","2"
"2024","risco_turnover","Internet/Ecommerce","de 51 a 100","Não estou buscando, mas me considero aberto a outras oportunidades","2"
"2024","risco_turnover","Filantropia/ONG's","Acima de 3.000","Estou em busca de oportunidades dentro ou fora do Brasil","1"
"2024","risco_turnover","Filantropia/ONG's","de 11 a 50","Estou em busca de oportunidades dentro ou fora do Brasil","1"
"2024","risco_turnover","Entretenimento ou Esportes","de 51 a 100","Estou em busca de oportunidades, mas apenas fora do Brasil","1"
"2024","risco_turnover","Filantropia/ONG's","de 11 a 50","Não estou buscando, mas me considero aberto a outras oportunidades","1"
"2024","risco_turnover","Telecomunicação","de 6 a 10","Estou em busca de oportunidades, mas apenas fora do Brasil","1"
"2024","risco_turnover","Internet/Ecommerce","de 101 a 500","Estou em busca de oportunidades, mas apenas fora do Brasil","1"
"2024","risco_turnover","Educação","de 1 a 5","Não estou buscando e não pretendo mudar de emprego nos próximos 6 meses","1"
"2024","risco_turnover","Telecomunicação","de 6 a 10","Estou em busca de oportunidades dentro ou fora do Brasil","1"
"2024","risco_turnover","Setor Imobiliário/ Construção Civil","de 6 a 10","Estou em busca de oportunidades dentro ou fora do Brasil","1"
"2024","risco_turnover","Varejo","de 51 a 100","Não estou buscando e não pretendo mudar de emprego nos próximos 6 meses","1"
"2024","risco_turnover","Setor Automotivo","de 11 a 50","Estou em busca de oportunidades dentro ou fora do Brasil","1"
"2024","risco_turnover","Agronegócios","de 1.001 a 3.000","Não estou buscando e não pretendo mudar de emprego nos próximos 6 meses","1"
"2024","risco_turnover","Setor Farmaceutico","de 6 a 10","Estou em busca de oportunidades dentro ou fora do Brasil","1"
"2024","risco_turnover","Entretenimento ou Esportes","de 11 a 50","Não estou buscando e não pretendo mudar de emprego nos próximos 6 meses","1"
"2024","risco_turnover","Marketing","de 11 a 50","Não estou buscando e não pretendo mudar de emprego nos próximos 6 meses","1"
"2024","risco_turnover","Filantropia/ONG's","Acima de 3.000","Estou em busca de oportunidades, mas apenas fora do Brasil","1"
"2024","risco_turnover","Filantropia/ONG's","de 501 a 1.000","Não estou buscando, mas me considero aberto a outras oportunidades","1"
"2024","risco_turnover","Filantropia/ONG's","de 1.001 a 3.000","Não estou buscando, mas me considero aberto a outras oportunidades","1"
"2024","risco_turnover","Varejo","de 501 a 1.000","Estou em busca de oportunidades, mas apenas fora do Brasil","1"
"2024","risco_turnover","Setor de Energia","de 1 a 5","Estou em busca de oportunidades dentro ou fora do Brasil","1"
"2024","risco_turnover","Filantropia/ONG's","de 101 a 500","Estou em busca de oportunidades dentro ou fora do Brasil","1"
"2024","risco_turnover","Varejo","de 51 a 100","Estou em busca de oportunidades, mas apenas fora do Brasil","1"
"2024","risco_turnover","Setor Farmaceutico","de 51 a 100","Não estou buscando, mas me considero aberto a outras oportunidades","1"
"2024","risco_turnover","Setor Alimentício","de 501 a 1.000","Estou em busca de oportunidades, mas apenas fora do Brasil","1"
"2024","risco_turnover","Filantropia/ONG's","de 101 a 500","Não estou buscando, mas me considero aberto a outras oportunidades","1"
"2024","risco_turnover","Seguros ou Previdência","de 11 a 50","Não estou buscando, mas me considero aberto a outras oportunidades","1"
"2024","risco_turnover","Setor Público","de 11 a 50","Estou em busca de oportunidades dentro ou fora do Brasil","1"
"2024","risco_turnover","Seguros ou Previdência","de 501 a 1.000","Estou em busca de oportunidades, mas apenas fora do Brasil","1"
"2024","risco_turnover","Agronegócios","de 1 a 5","Não estou buscando e não pretendo mudar de emprego nos próximos 6 meses","1"
"2024","risco_turnover","Setor Alimentício","de 11 a 50","Estou em busca de oportunidades dentro ou fora do Brasil","1"
"2024","risco_turnover","Telecomunicação","de 51 a 100","Não estou buscando e não pretendo mudar de emprego nos próximos 6 meses","1"
"2024","risco_turnover","Indústria","de 501 a 1.000","Estou em busca de oportunidades, mas apenas fora do Brasil","1"
"2024","risco_turnover","Seguros ou Previdência","de 51 a 100","Não estou buscando e não pretendo mudar de emprego nos próximos 6 meses","1"
"2024","risco_turnover","Setor Automotivo","de 11 a 50","Não estou buscando e não pretendo mudar de emprego nos próximos 6 meses","1"
"2024","risco_turnover","Setor Público","de 51 a 100","Não estou buscando, mas me considero aberto a outras oportunidades","1"
"2024","risco_turnover","Setor Imobiliário/ Construção Civil","de 501 a 1.000","Não estou buscando e não pretendo mudar de emprego nos próximos 6 meses","1"
"2024","risco_turnover","Seguros ou Previdência","de 1.001 a 3.000","Não estou buscando, mas me considero aberto a outras oportunidades","1"
"2024","risco_turnover","Setor de Energia","de 501 a 1.000","Estou em busca de oportunidades dentro ou fora do Brasil","1"
"2024","risco_turnover","Internet/Ecommerce","de 6 a 10","Estou em busca de oportunidades dentro ou fora do Brasil","1"
"2024","risco_turnover","Internet/Ecommerce","de 51 a 100","Estou em busca de oportunidades dentro ou fora do Brasil","1"
"2024","risco_turnover","Setor Automotivo","de 6 a 10","Estou em busca de oportunidades dentro ou fora do Brasil","1"
"2024","risco_turnover","Tecnologia/Fábrica de Software","de 6 a 10","Estou em busca de oportunidades, mas apenas fora do Brasil","1"
"2024","risco_turnover","Indústria","de 101 a 500","Estou em busca de oportunidades, mas apenas fora do Brasil","1"
"2024","risco_turnover","Telecomunicação","de 11 a 50","Estou em busca de oportunidades dentro ou fora do Brasil","1"
"2024","risco_turnover","Marketing","de 6 a 10","Estou em busca de oportunidades dentro ou fora do Brasil","1"
"2024","risco_turnover","Setor Público","de 51 a 100","Estou em busca de oportunidades dentro ou fora do Brasil","1"
"2024","risco_turnover","Outra Opção","de 6 a 10","Não estou buscando e não pretendo mudar de emprego nos próximos 6 meses","1"
"2024","risco_turnover","Indústria","de 51 a 100","Não estou buscando, mas me considero aberto a outras oportunidades","1"
"2024","risco_turnover","Setor Farmaceutico","de 501 a 1.000","Não estou buscando, mas me considero aberto a outras oportunidades","1"
"2024","risco_turnover","Marketing","de 6 a 10","Não estou buscando e não pretendo mudar de emprego nos próximos 6 meses","1"
"2024","risco_turnover","Agronegócios","de 6 a 10","Estou em busca de oportunidades dentro ou fora do Brasil","1"
"2024","risco_turnover","Educação","de 1 a 5","Estou em busca de oportunidades dentro ou fora do Brasil","1"
"2024","risco_turnover","Setor Imobiliário/ Construção Civil","de 6 a 10","Estou em busca de oportunidades, mas apenas fora do Brasil","1"
"2024","risco_turnover","Telecomunicação","de 101 a 500","Não estou buscando, mas me considero aberto a outras oportunidades","1"
"2024","risco_turnover","Marketing","de 1.001 a 3.000","Estou em busca de oportunidades dentro ou fora do Brasil","1"
"2024","risco_turnover","Área da Saúde","de 6 a 10","Estou em busca de oportunidades, mas apenas fora do Brasil","1"
"2024","risco_turnover","Filantropia/ONG's","de 11 a 50","Estou em busca de oportunidades, mas apenas fora do Brasil","1"
"2024","risco_turnover","Setor de Energia","de 11 a 50","Não estou buscando e não pretendo mudar de emprego nos próximos 6 meses","1"
"2024","risco_turnover","Filantropia/ONG's","de 11 a 50","Não estou buscando e não pretendo mudar de emprego nos próximos 6 meses","1"
"2024","risco_turnover","Internet/Ecommerce","de 501 a 1.000","Estou em busca de oportunidades dentro ou fora do Brasil","1"
"2024","risco_turnover","Agronegócios","de 51 a 100","Não estou buscando, mas me considero aberto a outras oportunidades","1"
"2024","risco_turnover","Setor Farmaceutico","de 1.001 a 3.000","Não estou buscando, mas me considero aberto a outras oportunidades","1"
"2024","risco_turnover","Finanças ou Bancos","de 1 a 5","Não estou buscando, mas me considero aberto a outras oportunidades","1"
"2024","risco_turnover","Setor Alimentício","de 51 a 100","Não estou buscando e não pretendo mudar de emprego nos próximos 6 meses","1"
"2024","risco_turnover","Agronegócios","de 501 a 1.000","Estou em busca de oportunidades, mas apenas fora do Brasil","1"
"2024","risco_turnover","Internet/Ecommerce","de 1.001 a 3.000","Estou em busca de oportunidades, mas apenas fora do Brasil","1"
"2024","risco_turnover","Telecomunicação","de 11 a 50","Não estou buscando, mas me considero aberto a outras oportunidades","1"
"2024","risco_turnover","Marketing","de 6 a 10","Não estou buscando, mas me considero aberto a outras oportunidades","1"
"2024","risco_turnover","Educação","de 51 a 100","Estou em busca de oportunidades, mas apenas fora do Brasil","1"
"2024","risco_turnover","Telecomunicação","de 11 a 50","Estou em busca de oportunidades, mas apenas fora do Brasil","1"
"2024","risco_turnover","Outra Opção","de 1 a 5","Não estou buscando e não pretendo mudar de emprego nos próximos 6 meses","1"
"2024","risco_turnover","Educação","de 1 a 5","Estou em busca de oportunidades, mas apenas fora do Brasil","1"
"2024","risco_turnover","Setor Alimentício","de 11 a 50","Não estou buscando, mas me considero aberto a outras oportunidades","1"
"2024","risco_turnover","Telecomunicação","de 101 a 500","Estou em busca de oportunidades, mas apenas fora do Brasil","1"
"2024","risco_turnover","Setor Alimentício","de 11 a 50","Estou em busca de oportunidades, mas apenas fora do Brasil","1"
"2024","risco_turnover","Agronegócios","de 11 a 50","Não estou buscando e não pretendo mudar de emprego nos próximos 6 meses","1"
"2024","risco_turnover","Setor Imobiliário/ Construção Civil","de 11 a 50","Não estou buscando, mas me considero aberto a outras oportunidades","1"
"2024","risco_turnover","Indústria","de 1 a 5","Estou em busca de oportunidades, mas apenas fora do Brasil","1"
"2024","risco_turnover","Setor de Energia","de 1.001 a 3.000","Não estou buscando, mas me considero aberto a outras oportunidades","1"
"2024","risco_turnover","Indústria","de 51 a 100","Não estou buscando e não pretendo mudar de emprego nos próximos 6 meses","1"
"2024","risco_turnover","Setor Farmaceutico","de 11 a 50","Não estou buscando, mas me considero aberto a outras oportunidades","1"
"2024","risco_turnover","Setor Público","de 501 a 1.000","Estou em busca de oportunidades, mas apenas fora do Brasil","1"
"2024","risco_turnover","Internet/Ecommerce","de 11 a 50","Não estou buscando e não pretendo mudar de emprego nos próximos 6 meses","1"
"2024","risco_turnover","Internet/Ecommerce","de 501 a 1.000","Não estou buscando e não pretendo mudar de emprego nos próximos 6 meses","1"
"2024","risco_turnover","Agronegócios","de 1 a 5","Não estou buscando, mas me considero aberto a outras oportunidades","1"
"2024","risco_turnover","Outra Opção","de 501 a 1.000","Estou em busca de oportunidades, mas apenas fora do Brasil","1"
"2024","risco_turnover","Área de Consultoria","de 1 a 5","Estou em busca de oportunidades, mas apenas fora do Brasil","1"
"2024","risco_turnover","Entretenimento ou Esportes","de 501 a 1.000","Não estou buscando e não pretendo mudar de emprego nos próximos 6 meses","1"
"2024","risco_turnover","Setor Alimentício","de 1 a 5","Estou em busca de oportunidades, mas apenas fora do Brasil","1"
"2024","risco_turnover","Filantropia/ONG's","de 501 a 1.000","Estou em busca de oportunidades dentro ou fora do Brasil","1"
"2024","risco_turnover","Setor Público","de 6 a 10","Estou em busca de oportunidades dentro ou fora do Brasil","1"
"2024","risco_turnover","Internet/Ecommerce","de 51 a 100","Estou em busca de oportunidades, mas apenas fora do Brasil","1"
"2024","risco_turnover","Filantropia/ONG's","de 101 a 500","Não estou buscando e não pretendo mudar de emprego nos próximos 6 meses","1"
"2024","risco_turnover","Varejo","de 11 a 50","Estou em busca de oportunidades dentro ou fora do Brasil","1"
"2024","risco_turnover","Telecomunicação","de 11 a 50","Não estou buscando e não pretendo mudar de emprego nos próximos 6 meses","1"
"2024","risco_turnover","Entretenimento ou Esportes","de 501 a 1.000","Estou em busca de oportunidades, mas apenas fora do Brasil","1"
"2024","risco_turnover","Finanças ou Bancos","de 1 a 5","Estou em busca de oportunidades, mas apenas fora do Brasil","1"
"2024","risco_turnover","Área da Saúde","de 1 a 5","Não estou buscando, mas me considero aberto a outras oportunidades","1"
"2024","risco_turnover","Área da Saúde","de 6 a 10","Estou em busca de oportunidades dentro ou fora do Brasil","1"
"2024","risco_turnover","Entretenimento ou Esportes","de 1.001 a 3.000","Estou em busca de oportunidades, mas apenas fora do Brasil","1"
"2024","risco_turnover","Área da Saúde","de 11 a 50","Estou em busca de oportunidades, mas apenas fora do Brasil","1"
"2024","risco_turnover","Setor Farmaceutico","de 101 a 500","Estou em busca de oportunidades dentro ou fora do Brasil","1"
"2024","risco_turnover","Área da Saúde","de 1 a 5","Não estou buscando e não pretendo mudar de emprego nos próximos 6 meses","1"
"2024","risco_turnover","Setor Automotivo","de 51 a 100","Estou em busca de oportunidades, mas apenas fora do Brasil","1"
"2024","risco_turnover","Entretenimento ou Esportes","de 6 a 10","Não estou buscando e não pretendo mudar de emprego nos próximos 6 meses","1"
"2024","risco_turnover","Filantropia/ONG's","de 1 a 5","Não estou buscando e não pretendo mudar de emprego nos próximos 6 meses","1"
"2024","risco_turnover","Setor de Energia","de 51 a 100","Não estou buscando e não pretendo mudar de emprego nos próximos 6 meses","1"
"2024","risco_turnover","Entretenimento ou Esportes","de 51 a 100","Estou em busca de oportunidades dentro ou fora do Brasil","1"
"2024","risco_turnover","Agronegócios","de 11 a 50","Estou em busca de oportunidades, mas apenas fora do Brasil","1"
"2024","risco_turnover","Área da Saúde","de 51 a 100","Estou em busca de oportunidades, mas apenas fora do Brasil","1"
"2024","risco_turnover","Entretenimento ou Esportes","de 1 a 5","Estou em busca de oportunidades dentro ou fora do Brasil","1"
"2024","risco_turnover","Setor Imobiliário/ Construção Civil","de 11 a 50","Estou em busca de oportunidades dentro ou fora do Brasil","1"
"2024","risco_turnover","Entretenimento ou Esportes","Acima de 3.000","Não estou buscando e não pretendo mudar de emprego nos próximos 6 meses","1"
"2024","risco_turnover","Seguros ou Previdência","de 11 a 50","Estou em busca de oportunidades, mas apenas fora do Brasil","1"
"2024","risco_turnover","Entretenimento ou Esportes","de 11 a 50","Estou em busca de oportunidades, mas apenas fora do Brasil","1"
"2025","desafio_gestor","Indústria","Acima de 3.000","Gerenciar a expectativa das áreas de negócio em relação as entregas das equipes de dados.","17"
"2025","desafio_gestor","Finanças ou Bancos","Acima de 3.000","Dividir o tempo entre entregas técnicas e gestão de pessoas.","15"
"2025","desafio_gestor","Tecnologia/Fábrica de Software","de 51 a 100","Dividir o tempo entre entregas técnicas e gestão de pessoas.","14"
"2025","desafio_gestor","Finanças ou Bancos","Acima de 3.000","Gerenciar a expectativa das áreas de negócio em relação as entregas das equipes de dados.","14"
"2025","desafio_gestor","Finanças ou Bancos","Acima de 3.000","Conseguir gerar valor para as áreas de negócios através de estudos e experimentos.","13"
"2025","desafio_gestor","Finanças ou Bancos","Acima de 3.000","em meio ao crescimento da empresa.","13"
"2025","desafio_gestor","Tecnologia/Fábrica de Software","Acima de 3.000","Gerenciar a expectativa das áreas de negócio em relação as entregas das equipes de dados.","13"
"2025","desafio_gestor","Finanças ou Bancos","Acima de 3.000","Garantir a manutenção dos projetos e modelos em produção","13"
"2025","desafio_gestor","Varejo","Acima de 3.000","Gerenciar a expectativa das áreas de negócio em relação as entregas das equipes de dados.","12"
"2025","desafio_gestor","Finanças ou Bancos","Acima de 3.000","Gestão de projetos envolvendo áreas multidisciplinares da empresa.","12"
"2025","desafio_gestor","Finanças ou Bancos","de 501 a 1.000","Gerenciar a expectativa das áreas de negócio em relação as entregas das equipes de dados.","11"
"2025","desafio_gestor","Finanças ou Bancos","Acima de 3.000","Conseguir levar inovação para a empresa através dos dados e inteligência artificial.","11"
"2025","desafio_gestor","Finanças ou Bancos","Acima de 3.000","Convencer a empresa a aumentar os investimentos na área de dados e inteligência artificial.","10"
"2025","desafio_gestor","Finanças ou Bancos","Acima de 3.000","Gerenciar a expectativa dos stakeholders em projetos de Inteligência Artificial.","10"
"2025","desafio_gestor","Finanças ou Bancos","Acima de 3.000","Gestão de equipes no ambiente remoto.","10"
"2025","desafio_gestor","Indústria","Acima de 3.000","Dividir o tempo entre entregas técnicas e gestão de pessoas.","10"
"2025","desafio_gestor","Tecnologia/Fábrica de Software","de 51 a 100","Gerenciar a expectativa das áreas de negócio em relação as entregas das equipes de dados.","10"
"2025","desafio_gestor","Tecnologia/Fábrica de Software","de 11 a 50","Dividir o tempo entre entregas técnicas e gestão de pessoas.","10"
"2025","desafio_gestor","Finanças ou Bancos","Acima de 3.000","Garantir retorno do investimento (ROI) em projetos de dados e inteligência artificial.","9"
"2025","desafio_gestor","Varejo","Acima de 3.000","Dividir o tempo entre entregas técnicas e gestão de pessoas.","9"
"2025","desafio_gestor","Varejo","Acima de 3.000","Organizar as informações e garantir a qualidade e confiabilidade.","9"
"2025","desafio_gestor","Finanças ou Bancos","Acima de 3.000","Organizar as informações e garantir a qualidade e confiabilidade.","8"
"2025","desafio_gestor","Área de Consultoria","Acima de 3.000","Gestão de projetos envolvendo áreas multidisciplinares da empresa.","8"
"2025","desafio_gestor","Área de Consultoria","Acima de 3.000","Dividir o tempo entre entregas técnicas e gestão de pessoas.","8"
"2025","desafio_gestor","Finanças ou Bancos","de 501 a 1.000","Dividir o tempo entre entregas técnicas e gestão de pessoas.","8"
"2025","desafio_gestor","Outra Opção","Acima de 3.000","Dividir o tempo entre entregas técnicas e gestão de pessoas.","8"
"2025","desafio_gestor","Tecnologia/Fábrica de Software","de 51 a 100","Garantir a manutenção dos projetos e modelos em produção","8"
"2025","desafio_gestor","Finanças ou Bancos","Acima de 3.000","Reter talentos.","8"
"2025","desafio_gestor","Indústria","Acima de 3.000","Gerenciar a expectativa dos stakeholders em projetos de Inteligência Artificial.","8"
"2025","desafio_gestor","Varejo","Acima de 3.000","Gestão de projetos envolvendo áreas multidisciplinares da empresa.","8"
"2025","desafio_gestor","Tecnologia/Fábrica de Software","de 51 a 100","em meio ao crescimento da empresa.","8"
"2025","desafio_gestor","Finanças ou Bancos","de 501 a 1.000","Gestão de equipes no ambiente remoto.","8"
"2025","desafio_gestor","Varejo","Acima de 3.000","Garantir a manutenção dos projetos e modelos em produção","7"
"2025","desafio_gestor","Tecnologia/Fábrica de Software","Acima de 3.000","Gestão de projetos envolvendo áreas multidisciplinares da empresa.","7"
"2025","desafio_gestor","Tecnologia/Fábrica de Software","de 101 a 500","Gestão de projetos envolvendo áreas multidisciplinares da empresa.","7"
"2025","desafio_gestor","Indústria","Acima de 3.000","Conseguir gerar valor para as áreas de negócios através de estudos e experimentos.","7"
"2025","desafio_gestor","Indústria","Acima de 3.000","Gestão de projetos envolvendo áreas multidisciplinares da empresa.","7"
"2025","desafio_gestor","Varejo","Acima de 3.000","em meio ao crescimento da empresa.","7"
"2025","desafio_gestor","Tecnologia/Fábrica de Software","de 51 a 100","Gestão de projetos envolvendo áreas multidisciplinares da empresa.","7"
"2025","desafio_gestor","Tecnologia/Fábrica de Software","Acima de 3.000","Gerenciar a expectativa dos stakeholders em projetos de Inteligência Artificial.","7"
"2025","desafio_gestor","Área de Consultoria","Acima de 3.000","Gerenciar a expectativa das áreas de negócio em relação as entregas das equipes de dados.","7"
"2025","desafio_gestor","Tecnologia/Fábrica de Software","de 101 a 500","Gerenciar a expectativa das áreas de negócio em relação as entregas das equipes de dados.","7"
"2025","desafio_gestor","Indústria","Acima de 3.000","Garantir retorno do investimento (ROI) em projetos de dados e inteligência artificial.","7"
"2025","desafio_gestor","Indústria","de 501 a 1.000","Gerenciar a expectativa das áreas de negócio em relação as entregas das equipes de dados.","6"
"2025","desafio_gestor","Tecnologia/Fábrica de Software","de 1.001 a 3.000","Gestão de projetos envolvendo áreas multidisciplinares da empresa.","6"
"2025","desafio_gestor","Tecnologia/Fábrica de Software","de 11 a 50","Conseguir levar inovação para a empresa através dos dados e inteligência artificial.","6"
"2025","desafio_gestor","Área de Consultoria","de 11 a 50","Dividir o tempo entre entregas técnicas e gestão de pessoas.","6"
"2025","desafio_gestor","Tecnologia/Fábrica de Software","de 101 a 500","Garantir a manutenção dos projetos e modelos em produção","6"
"2025","desafio_gestor","Tecnologia/Fábrica de Software","de 101 a 500","em meio ao crescimento da empresa.","6"
"2025","desafio_gestor","Tecnologia/Fábrica de Software","de 1.001 a 3.000","Dividir o tempo entre entregas técnicas e gestão de pessoas.","6"
"2025","desafio_gestor","Tecnologia/Fábrica de Software","Acima de 3.000","Conseguir levar inovação para a empresa através dos dados e inteligência artificial.","6"
"2025","desafio_gestor","Varejo","Acima de 3.000","Gerenciar a expectativa dos stakeholders em projetos de Inteligência Artificial.","6"
"2025","desafio_gestor","Indústria","Acima de 3.000","Garantir a manutenção dos projetos e modelos em produção","5"
"2025","desafio_gestor","Outra Opção","Acima de 3.000","Convencer a empresa a aumentar os investimentos na área de dados e inteligência artificial.","5"
"2025","desafio_gestor","Indústria","Acima de 3.000","Organizar as informações e garantir a qualidade e confiabilidade.","5"
"2025","desafio_gestor","Tecnologia/Fábrica de Software","de 11 a 50","Garantir a manutenção dos projetos e modelos em produção","5"
"2025","desafio_gestor","Área de Consultoria","de 101 a 500","Dividir o tempo entre entregas técnicas e gestão de pessoas.","5"
"2025","desafio_gestor","Tecnologia/Fábrica de Software","de 11 a 50","Garantir retorno do investimento (ROI) em projetos de dados e inteligência artificial.","5"
"2025","desafio_gestor","Tecnologia/Fábrica de Software","de 11 a 50","Gerenciar a expectativa das áreas de negócio em relação as entregas das equipes de dados.","5"
"2025","desafio_gestor","Setor Público","de 1.001 a 3.000","Dividir o tempo entre entregas técnicas e gestão de pessoas.","5"
"2025","desafio_gestor","Tecnologia/Fábrica de Software","Acima de 3.000","Garantir a manutenção dos projetos e modelos em produção","5"
"2025","desafio_gestor","Outra Opção","de 101 a 500","Dividir o tempo entre entregas técnicas e gestão de pessoas.","5"
"2025","desafio_gestor","Tecnologia/Fábrica de Software","Acima de 3.000","em meio ao crescimento da empresa.","5"
"2025","desafio_gestor","Área de Consultoria","de 1 a 5","Garantir retorno do investimento (ROI) em projetos de dados e inteligência artificial.","5"
"2025","desafio_gestor","Área de Consultoria","de 101 a 500","Gerenciar a expectativa das áreas de negócio em relação as entregas das equipes de dados.","5"
"2025","desafio_gestor","Tecnologia/Fábrica de Software","Acima de 3.000","Gestão de equipes no ambiente remoto.","5"
"2025","desafio_gestor","Tecnologia/Fábrica de Software","Acima de 3.000","Dividir o tempo entre entregas técnicas e gestão de pessoas.","5"
"2025","desafio_gestor","Outra Opção","de 101 a 500","Gerenciar a expectativa das áreas de negócio em relação as entregas das equipes de dados.","5"
"2025","desafio_gestor","Área de Consultoria","de 11 a 50","Conseguir levar inovação para a empresa através dos dados e inteligência artificial.","5"
"2025","desafio_gestor","Tecnologia/Fábrica de Software","de 101 a 500","Dividir o tempo entre entregas técnicas e gestão de pessoas.","5"
"2025","desafio_gestor","Finanças ou Bancos","de 1.001 a 3.000","Gestão de projetos envolvendo áreas multidisciplinares da empresa.","5"
"2025","desafio_gestor","Indústria","Acima de 3.000","Conseguir levar inovação para a empresa através dos dados e inteligência artificial.","5"
"2025","desafio_gestor","Tecnologia/Fábrica de Software","de 101 a 500","Conseguir levar inovação para a empresa através dos dados e inteligência artificial.","5"
"2025","desafio_gestor","Indústria","Acima de 3.000","em meio ao crescimento da empresa.","5"
"2025","desafio_gestor","Finanças ou Bancos","Acima de 3.000","Contratar novos talentos.","5"
"2025","desafio_gestor","Tecnologia/Fábrica de Software","de 101 a 500","Contratar novos talentos.","5"
"2025","desafio_gestor","Tecnologia/Fábrica de Software","de 1.001 a 3.000","Conseguir gerar valor para as áreas de negócios através de estudos e experimentos.","5"
"2025","desafio_gestor","Tecnologia/Fábrica de Software","de 11 a 50","em meio ao crescimento da empresa.","5"
"2025","desafio_gestor","Varejo","Acima de 3.000","Reter talentos.","4"
"2025","desafio_gestor","Finanças ou Bancos","de 501 a 1.000","Gestão de projetos envolvendo áreas multidisciplinares da empresa.","4"
"2025","desafio_gestor","Área de Consultoria","de 1 a 5","Conseguir levar inovação para a empresa através dos dados e inteligência artificial.","4"
"2025","desafio_gestor","Tecnologia/Fábrica de Software","de 11 a 50","Gerenciar a expectativa dos stakeholders em projetos de Inteligência Artificial.","4"
"2025","desafio_gestor","Tecnologia/Fábrica de Software","de 501 a 1.000","Gestão de projetos envolvendo áreas multidisciplinares da empresa.","4"
"2025","desafio_gestor","Varejo","de 101 a 500","Gestão de projetos envolvendo áreas multidisciplinares da empresa.","4"
"2025","desafio_gestor","Setor Público","Acima de 3.000","Dividir o tempo entre entregas técnicas e gestão de pessoas.","4"
"2025","desafio_gestor","Área de Consultoria","de 1 a 5","Gerenciar a expectativa das áreas de negócio em relação as entregas das equipes de dados.","4"
"2025","desafio_gestor","Área da Saúde","Acima de 3.000","Organizar as informações e garantir a qualidade e confiabilidade.","4"
"2025","desafio_gestor","Tecnologia/Fábrica de Software","Acima de 3.000","Organizar as informações e garantir a qualidade e confiabilidade.","4"
"2025","desafio_gestor","Tecnologia/Fábrica de Software","de 101 a 500","Conseguir gerar valor para as áreas de negócios através de estudos e experimentos.","4"
"2025","desafio_gestor","Finanças ou Bancos","de 501 a 1.000","em meio ao crescimento da empresa.","4"
"2025","desafio_gestor","Finanças ou Bancos","de 501 a 1.000","Contratar novos talentos.","4"
"2025","desafio_gestor","Marketing","de 101 a 500","em meio ao crescimento da empresa.","4"
"2025","desafio_gestor","Tecnologia/Fábrica de Software","Acima de 3.000","Conseguir gerar valor para as áreas de negócios através de estudos e experimentos.","4"
"2025","desafio_gestor","Finanças ou Bancos","de 501 a 1.000","Garantir a manutenção dos projetos e modelos em produção","4"
"2025","desafio_gestor","Finanças ou Bancos","de 1.001 a 3.000","Organizar as informações e garantir a qualidade e confiabilidade.","4"
"2025","desafio_gestor","Setor Alimentício","Acima de 3.000","Garantir a manutenção dos projetos e modelos em produção","4"
"2025","desafio_gestor","Tecnologia/Fábrica de Software","Acima de 3.000","Garantir retorno do investimento (ROI) em projetos de dados e inteligência artificial.","4"
"2025","desafio_gestor","Tecnologia/Fábrica de Software","de 51 a 100","Organizar as informações e garantir a qualidade e confiabilidade.","4"
"2025","desafio_gestor","Finanças ou Bancos","de 1.001 a 3.000","Conseguir gerar valor para as áreas de negócios através de estudos e experimentos.","4"
"2025","desafio_gestor","Marketing","de 51 a 100","Conseguir gerar valor para as áreas de negócios através de estudos e experimentos.","4"
"2025","desafio_gestor","Varejo","Acima de 3.000","Conseguir gerar valor para as áreas de negócios através de estudos e experimentos.","4"
"2025","desafio_gestor","Setor Público","Acima de 3.000","Gerenciar a expectativa das áreas de negócio em relação as entregas das equipes de dados.","4"
"2025","desafio_gestor","Marketing","de 101 a 500","Garantir a manutenção dos projetos e modelos em produção","4"
"2025","desafio_gestor","Outra Opção","de 101 a 500","Gestão de projetos envolvendo áreas multidisciplinares da empresa.","4"
"2025","desafio_gestor","Indústria","de 501 a 1.000","Organizar as informações e garantir a qualidade e confiabilidade.","4"
"2025","desafio_gestor","Tecnologia/Fábrica de Software","de 11 a 50","Gestão de equipes no ambiente remoto.","4"
"2025","desafio_gestor","Área de Consultoria","de 101 a 500","Gestão de projetos envolvendo áreas multidisciplinares da empresa.","4"
"2025","desafio_gestor","Tecnologia/Fábrica de Software","de 1 a 5","Dividir o tempo entre entregas técnicas e gestão de pessoas.","4"
"2025","desafio_gestor","Setor Alimentício","Acima de 3.000","Dividir o tempo entre entregas técnicas e gestão de pessoas.","4"
"2025","desafio_gestor","Tecnologia/Fábrica de Software","de 11 a 50","Gestão de projetos envolvendo áreas multidisciplinares da empresa.","4"
"2025","desafio_gestor","Área da Saúde","de 101 a 500","Gerenciar a expectativa das áreas de negócio em relação as entregas das equipes de dados.","4"
"2025","desafio_gestor","Indústria","Acima de 3.000","Convencer a empresa a aumentar os investimentos na área de dados e inteligência artificial.","4"
"2025","desafio_gestor","Outra Opção","Acima de 3.000","Gerenciar a expectativa dos stakeholders em projetos de Inteligência Artificial.","4"
"2025","desafio_gestor","Marketing","de 101 a 500","Conseguir gerar valor para as áreas de negócios através de estudos e experimentos.","4"
"2025","desafio_gestor","Setor Automotivo","Acima de 3.000","Gerenciar a expectativa das áreas de negócio em relação as entregas das equipes de dados.","4"
"2025","desafio_gestor","Setor Alimentício","Acima de 3.000","em meio ao crescimento da empresa.","4"
"2025","desafio_gestor","Varejo","Acima de 3.000","Conseguir levar inovação para a empresa através dos dados e inteligência artificial.","4"
"2025","desafio_gestor","Área de Consultoria","de 11 a 50","Conseguir gerar valor para as áreas de negócios através de estudos e experimentos.","4"
"2025","desafio_gestor","Tecnologia/Fábrica de Software","de 101 a 500","Gerenciar a expectativa dos stakeholders em projetos de Inteligência Artificial.","4"
"2025","desafio_gestor","Área de Consultoria","de 11 a 50","Organizar as informações e garantir a qualidade e confiabilidade.","4"
"2025","desafio_gestor","Educação","Acima de 3.000","Conseguir levar inovação para a empresa através dos dados e inteligência artificial.","3"
"2025","desafio_gestor","Finanças ou Bancos","de 501 a 1.000","Desenvolver e manter modelos Machine Learning em produção.","3"
"2025","desafio_gestor","Setor Público","de 101 a 500","Organizar as informações e garantir a qualidade e confiabilidade.","3"
"2025","desafio_gestor","Varejo","de 1.001 a 3.000","Conseguir gerar valor para as áreas de negócios através de estudos e experimentos.","3"
"2025","desafio_gestor","Área da Saúde","de 1.001 a 3.000","Conseguir levar inovação para a empresa através dos dados e inteligência artificial.","3"
"2025","desafio_gestor","Área da Saúde","de 101 a 500","Gerenciar a expectativa dos stakeholders em projetos de Inteligência Artificial.","3"
"2025","desafio_gestor","Setor Automotivo","Acima de 3.000","Dividir o tempo entre entregas técnicas e gestão de pessoas.","3"
"2025","desafio_gestor","Outra Opção","de 101 a 500","Conseguir gerar valor para as áreas de negócios através de estudos e experimentos.","3"
"2025","desafio_gestor","Área de Consultoria","de 11 a 50","Gerenciar a expectativa das áreas de negócio em relação as entregas das equipes de dados.","3"
"2025","desafio_gestor","Área de Consultoria","de 11 a 50","em meio ao crescimento da empresa.","3"
"2025","desafio_gestor","Varejo","de 11 a 50","Organizar as informações e garantir a qualidade e confiabilidade.","3"
"2025","desafio_gestor","Tecnologia/Fábrica de Software","de 501 a 1.000","Gestão de equipes no ambiente remoto.","3"
"2025","desafio_gestor","Outra Opção","Acima de 3.000","Conseguir levar inovação para a empresa através dos dados e inteligência artificial.","3"
"2025","desafio_gestor","Área de Consultoria","Acima de 3.000","Garantir a manutenção dos projetos e modelos em produção","3"
"2025","desafio_gestor","Setor Público","de 1.001 a 3.000","Conseguir gerar valor para as áreas de negócios através de estudos e experimentos.","3"
"2025","desafio_gestor","Outra Opção","Acima de 3.000","Gerenciar a expectativa das áreas de negócio em relação as entregas das equipes de dados.","3"
"2025","desafio_gestor","Tecnologia/Fábrica de Software","de 501 a 1.000","Dividir o tempo entre entregas técnicas e gestão de pessoas.","3"
"2025","desafio_gestor","Varejo","de 101 a 500","Dividir o tempo entre entregas técnicas e gestão de pessoas.","3"
"2025","desafio_gestor","Finanças ou Bancos","de 101 a 500","em meio ao crescimento da empresa.","3"
"2025","desafio_gestor","Finanças ou Bancos","de 1.001 a 3.000","Garantir a manutenção dos projetos e modelos em produção","3"
"2025","desafio_gestor","Agronegócios","Acima de 3.000","Gestão de projetos envolvendo áreas multidisciplinares da empresa.","3"
"2025","desafio_gestor","Setor Público","Acima de 3.000","Garantir a manutenção dos projetos e modelos em produção","3"
"2025","desafio_gestor","Outra Opção","Acima de 3.000","Conseguir gerar valor para as áreas de negócios através de estudos e experimentos.","3"
"2025","desafio_gestor","Finanças ou Bancos","de 101 a 500","Dividir o tempo entre entregas técnicas e gestão de pessoas.","3"
"2025","desafio_gestor","Tecnologia/Fábrica de Software","de 1.001 a 3.000","em meio ao crescimento da empresa.","3"
"2025","desafio_gestor","Tecnologia/Fábrica de Software","Acima de 3.000","Convencer a empresa a aumentar os investimentos na área de dados e inteligência artificial.","3"
"2025","desafio_gestor","Setor Público","de 1.001 a 3.000","Gerenciar a expectativa das áreas de negócio em relação as entregas das equipes de dados.","3"
"2025","desafio_gestor","Setor Público","Acima de 3.000","Conseguir gerar valor para as áreas de negócios através de estudos e experimentos.","3"
"2025","desafio_gestor","Setor Alimentício","de 501 a 1.000","Conseguir processar e armazenar um alto volume de dados.","3"
"2025","desafio_gestor","Tecnologia/Fábrica de Software","de 11 a 50","Reter talentos.","3"
"2025","desafio_gestor","Indústria","de 101 a 500","Gerenciar a expectativa das áreas de negócio em relação as entregas das equipes de dados.","3"
"2025","desafio_gestor","Área da Saúde","de 1.001 a 3.000","Dividir o tempo entre entregas técnicas e gestão de pessoas.","3"
"2025","desafio_gestor","Finanças ou Bancos","de 501 a 1.000","Conseguir levar inovação para a empresa através dos dados e inteligência artificial.","3"
"2025","desafio_gestor","Tecnologia/Fábrica de Software","de 51 a 100","Conseguir processar e armazenar um alto volume de dados.","3"
"2025","desafio_gestor","Área de Consultoria","de 101 a 500","Garantir retorno do investimento (ROI) em projetos de dados e inteligência artificial.","3"
"2025","desafio_gestor","Área de Consultoria","de 1 a 5","Conseguir gerar valor para as áreas de negócios através de estudos e experimentos.","3"
"2025","desafio_gestor","Área de Consultoria","de 11 a 50","Gestão de projetos envolvendo áreas multidisciplinares da empresa.","3"
"2025","desafio_gestor","Setor Imobiliário/ Construção Civil","de 11 a 50","Gestão de projetos envolvendo áreas multidisciplinares da empresa.","3"
"2025","desafio_gestor","Tecnologia/Fábrica de Software","de 51 a 100","Garantir retorno do investimento (ROI) em projetos de dados e inteligência artificial.","3"
"2025","desafio_gestor","Marketing","de 101 a 500","Dividir o tempo entre entregas técnicas e gestão de pessoas.","3"
"2025","desafio_gestor","Outra Opção","Acima de 3.000","Organizar as informações e garantir a qualidade e confiabilidade.","3"
"2025","desafio_gestor","Internet/Ecommerce","de 101 a 500","Organizar as informações e garantir a qualidade e confiabilidade.","3"
"2025","desafio_gestor","Finanças ou Bancos","de 101 a 500","Gestão de projetos envolvendo áreas multidisciplinares da empresa.","3"
"2025","desafio_gestor","Tecnologia/Fábrica de Software","de 1.001 a 3.000","Gerenciar a expectativa das áreas de negócio em relação as entregas das equipes de dados.","3"
"2025","desafio_gestor","Setor de Energia","Acima de 3.000","Dividir o tempo entre entregas técnicas e gestão de pessoas.","3"
"2025","desafio_gestor","Finanças ou Bancos","de 101 a 500","Garantir a manutenção dos projetos e modelos em produção","3"
"2025","desafio_gestor","Área de Consultoria","Acima de 3.000","Conseguir levar inovação para a empresa através dos dados e inteligência artificial.","3"
"2025","desafio_gestor","Setor Público","de 1.001 a 3.000","Conseguir levar inovação para a empresa através dos dados e inteligência artificial.","3"
"2025","desafio_gestor","Setor de Energia","Acima de 3.000","em meio ao crescimento da empresa.","3"
"2025","desafio_gestor","Tecnologia/Fábrica de Software","de 51 a 100","Gestão de equipes no ambiente remoto.","3"
"2025","desafio_gestor","Varejo","Acima de 3.000","Garantir retorno do investimento (ROI) em projetos de dados e inteligência artificial.","3"
"2025","desafio_gestor","Tecnologia/Fábrica de Software","de 11 a 50","Conseguir gerar valor para as áreas de negócios através de estudos e experimentos.","3"
"2025","desafio_gestor","Área de Consultoria","de 1 a 5","Gestão de projetos envolvendo áreas multidisciplinares da empresa.","3"
"2025","desafio_gestor","Educação","Acima de 3.000","Gestão de equipes no ambiente remoto.","3"
"2025","desafio_gestor","Indústria","Acima de 3.000","Desenvolver e manter modelos Machine Learning em produção.","3"
"2025","desafio_gestor","Educação","Acima de 3.000","Dividir o tempo entre entregas técnicas e gestão de pessoas.","3"
"2025","desafio_gestor","Tecnologia/Fábrica de Software","de 11 a 50","Convencer a empresa a aumentar os investimentos na área de dados e inteligência artificial.","3"
"2025","desafio_gestor","Finanças ou Bancos","de 101 a 500","Gerenciar a expectativa das áreas de negócio em relação as entregas das equipes de dados.","3"
"2025","desafio_gestor","Educação","de 1.001 a 3.000","Convencer a empresa a aumentar os investimentos na área de dados e inteligência artificial.","3"
"2025","desafio_gestor","Finanças ou Bancos","de 101 a 500","Conseguir gerar valor para as áreas de negócios através de estudos e experimentos.","3"
"2025","desafio_gestor","Tecnologia/Fábrica de Software","de 6 a 10","Dividir o tempo entre entregas técnicas e gestão de pessoas.","3"
"2025","desafio_gestor","Agronegócios","Acima de 3.000","Dividir o tempo entre entregas técnicas e gestão de pessoas.","3"
"2025","desafio_gestor","Marketing","de 51 a 100","Gerenciar a expectativa das áreas de negócio em relação as entregas das equipes de dados.","3"
"2025","desafio_gestor","Setor de Energia","Acima de 3.000","Garantir a manutenção dos projetos e modelos em produção","3"
"2025","desafio_gestor","Varejo","de 101 a 500","em meio ao crescimento da empresa.","3"
"2025","desafio_gestor","Área de Consultoria","de 1 a 5","Dividir o tempo entre entregas técnicas e gestão de pessoas.","3"
"2025","desafio_gestor","Área de Consultoria","Acima de 3.000","Conseguir gerar valor para as áreas de negócios através de estudos e experimentos.","3"
"2025","desafio_gestor","Área de Consultoria","de 11 a 50","Garantir a manutenção dos projetos e modelos em produção","3"
"2025","desafio_gestor","Finanças ou Bancos","de 1.001 a 3.000","em meio ao crescimento da empresa.","3"
"2025","desafio_gestor","Outra Opção","Acima de 3.000","Garantir retorno do investimento (ROI) em projetos de dados e inteligência artificial.","3"
"2025","desafio_gestor","Tecnologia/Fábrica de Software","de 1.001 a 3.000","Garantir a manutenção dos projetos e modelos em produção","3"
"2025","desafio_gestor","Indústria","de 11 a 50","Gestão de projetos envolvendo áreas multidisciplinares da empresa.","3"
"2025","desafio_gestor","Educação","de 501 a 1.000","Reter talentos.","3"
"2025","desafio_gestor","Setor Público","Acima de 3.000","em meio ao crescimento da empresa.","3"
"2025","desafio_gestor","Finanças ou Bancos","de 101 a 500","Garantir retorno do investimento (ROI) em projetos de dados e inteligência artificial.","3"
"2025","desafio_gestor","Internet/Ecommerce","Acima de 3.000","Gestão de projetos envolvendo áreas multidisciplinares da empresa.","3"
"2025","desafio_gestor","Área de Consultoria","Acima de 3.000","em meio ao crescimento da empresa.","3"
"2025","desafio_gestor","Tecnologia/Fábrica de Software","de 101 a 500","Gestão de equipes no ambiente remoto.","3"
"2025","desafio_gestor","Varejo","de 101 a 500","Garantir a manutenção dos projetos e modelos em produção","3"
"2025","desafio_gestor","Área de Consultoria","de 51 a 100","Reter talentos.","3"
"2025","desafio_gestor","Indústria","de 501 a 1.000","Conseguir gerar valor para as áreas de negócios através de estudos e experimentos.","3"
"2025","desafio_gestor","Área de Consultoria","de 51 a 100","Gestão de equipes no ambiente remoto.","3"
"2025","desafio_gestor","Educação","Acima de 3.000","Gerenciar a expectativa das áreas de negócio em relação as entregas das equipes de dados.","3"
"2025","desafio_gestor","Educação","de 1.001 a 3.000","Conseguir gerar valor para as áreas de negócios através de estudos e experimentos.","3"
"2025","desafio_gestor","Área da Saúde","de 101 a 500","Organizar as informações e garantir a qualidade e confiabilidade.","2"
"2025","desafio_gestor","Outra Opção","de 1.001 a 3.000","Dividir o tempo entre entregas técnicas e gestão de pessoas.","2"
"2025","desafio_gestor","Telecomunicação","Acima de 3.000","Conseguir gerar valor para as áreas de negócios através de estudos e experimentos.","2"
"2025","desafio_gestor","Setor Alimentício","Acima de 3.000","Gestão de projetos envolvendo áreas multidisciplinares da empresa.","2"
"2025","desafio_gestor","Internet/Ecommerce","Acima de 3.000","Gerenciar a expectativa dos stakeholders em projetos de Inteligência Artificial.","2"
"2025","desafio_gestor","Seguros ou Previdência","de 101 a 500","Organizar as informações e garantir a qualidade e confiabilidade.","2"
"2025","desafio_gestor","Indústria","de 51 a 100","Gerenciar a expectativa das áreas de negócio em relação as entregas das equipes de dados.","2"
"2025","desafio_gestor","Indústria","de 51 a 100","Dividir o tempo entre entregas técnicas e gestão de pessoas.","2"
"2025","desafio_gestor","Tecnologia/Fábrica de Software","de 1.001 a 3.000","Reter talentos.","2"
"2025","desafio_gestor","Indústria","de 51 a 100","Reter talentos.","2"
"2025","desafio_gestor","Indústria","de 11 a 50","Organizar as informações e garantir a qualidade e confiabilidade.","2"
"2025","desafio_gestor","Setor Imobiliário/ Construção Civil","Acima de 3.000","Conseguir levar inovação para a empresa através dos dados e inteligência artificial.","2"
"2025","desafio_gestor","Marketing","de 11 a 50","Gestão de projetos envolvendo áreas multidisciplinares da empresa.","2"
"2025","desafio_gestor","Setor de Energia","de 501 a 1.000","Conseguir levar inovação para a empresa através dos dados e inteligência artificial.","2"
"2025","desafio_gestor","Área da Saúde","de 1.001 a 3.000","Gestão de projetos envolvendo áreas multidisciplinares da empresa.","2"
"2025","desafio_gestor","Finanças ou Bancos","Acima de 3.000","Desenvolver e manter modelos Machine Learning em produção.","2"
"2025","desafio_gestor","Área da Saúde","Acima de 3.000","Dividir o tempo entre entregas técnicas e gestão de pessoas.","2"
"2025","desafio_gestor","Telecomunicação","de 101 a 500","Gerenciar a expectativa das áreas de negócio em relação as entregas das equipes de dados.","2"
"2025","desafio_gestor","Marketing","de 11 a 50","Gerenciar a expectativa das áreas de negócio em relação as entregas das equipes de dados.","2"
"2025","desafio_gestor","Indústria","de 51 a 100","Gerenciar a expectativa dos stakeholders em projetos de Inteligência Artificial.","2"
"2025","desafio_gestor","Varejo","Acima de 3.000","Desenvolver e manter modelos Machine Learning em produção.","2"
"2025","desafio_gestor","Varejo","de 51 a 100","Dividir o tempo entre entregas técnicas e gestão de pessoas.","2"
"2025","desafio_gestor","Internet/Ecommerce","Acima de 3.000","Convencer a empresa a aumentar os investimentos na área de dados e inteligência artificial.","2"
"2025","desafio_gestor","Filantropia/ONG's","de 1.001 a 3.000","Conseguir levar inovação para a empresa através dos dados e inteligência artificial.","2"
"2025","desafio_gestor","Seguros ou Previdência","de 101 a 500","Dividir o tempo entre entregas técnicas e gestão de pessoas.","2"
"2025","desafio_gestor","Outra Opção","de 101 a 500","Organizar as informações e garantir a qualidade e confiabilidade.","2"
"2025","desafio_gestor","Área de Consultoria","de 11 a 50","Gestão de equipes no ambiente remoto.","2"
"2025","desafio_gestor","Finanças ou Bancos","de 501 a 1.000","Conseguir gerar valor para as áreas de negócios através de estudos e experimentos.","2"
"2025","desafio_gestor","Área da Saúde","Acima de 3.000","Gerenciar a expectativa das áreas de negócio em relação as entregas das equipes de dados.","2"
"2025","desafio_gestor","Finanças ou Bancos","de 101 a 500","Contratar novos talentos.","2"
"2025","desafio_gestor","Setor Automotivo","Acima de 3.000","Garantir a manutenção dos projetos e modelos em produção","2"
"2025","desafio_gestor","Finanças ou Bancos","de 101 a 500","Gestão de equipes no ambiente remoto.","2"
"2025","desafio_gestor","Educação","de 1.001 a 3.000","Gestão de equipes no ambiente remoto.","2"
"2025","desafio_gestor","Área de Consultoria","de 101 a 500","Conseguir gerar valor para as áreas de negócios através de estudos e experimentos.","2"
"2025","desafio_gestor","Setor Alimentício","de 501 a 1.000","Organizar as informações e garantir a qualidade e confiabilidade.","2"
"2025","desafio_gestor","Finanças ou Bancos","de 51 a 100","Organizar as informações e garantir a qualidade e confiabilidade.","2"
"2025","desafio_gestor","Área de Consultoria","de 6 a 10","Conseguir gerar valor para as áreas de negócios através de estudos e experimentos.","2"
"2025","desafio_gestor","Filantropia/ONG's","de 51 a 100","Organizar as informações e garantir a qualidade e confiabilidade.","2"
"2025","desafio_gestor","Internet/Ecommerce","Acima de 3.000","Conseguir gerar valor para as áreas de negócios através de estudos e experimentos.","2"
"2025","desafio_gestor","Indústria","Acima de 3.000","Contratar novos talentos.","2"
"2025","desafio_gestor","Setor Automotivo","de 1.001 a 3.000","Garantir a manutenção dos projetos e modelos em produção","2"
"2025","desafio_gestor","Finanças ou Bancos","de 101 a 500","Gerenciar a expectativa dos stakeholders em projetos de Inteligência Artificial.","2"
"2025","desafio_gestor","Área de Consultoria","Acima de 3.000","Gestão de equipes no ambiente remoto.","2"
"2025","desafio_gestor","Área de Consultoria","de 1 a 5","Convencer a empresa a aumentar os investimentos na área de dados e inteligência artificial.","2"
"2025","desafio_gestor","Filantropia/ONG's","de 51 a 100","Dividir o tempo entre entregas técnicas e gestão de pessoas.","2"
"2025","desafio_gestor","Varejo","de 101 a 500","Conseguir levar inovação para a empresa através dos dados e inteligência artificial.","2"
"2025","desafio_gestor","Setor Público","de 1.001 a 3.000","Organizar as informações e garantir a qualidade e confiabilidade.","2"
"2025","desafio_gestor","Marketing","de 1 a 5","Garantir retorno do investimento (ROI) em projetos de dados e inteligência artificial.","2"
"2025","desafio_gestor","Finanças ou Bancos","Acima de 3.000","Conseguir processar e armazenar um alto volume de dados.","2"
"2025","desafio_gestor","Entretenimento ou Esportes","de 51 a 100","Organizar as informações e garantir a qualidade e confiabilidade.","2"
"2025","desafio_gestor","Área de Consultoria","de 1 a 5","Gerenciar a expectativa dos stakeholders em projetos de Inteligência Artificial.","2"
"2025","desafio_gestor","Outra Opção","de 501 a 1.000","Gerenciar a expectativa das áreas de negócio em relação as entregas das equipes de dados.","2"
"2025","desafio_gestor","Tecnologia/Fábrica de Software","de 501 a 1.000","Organizar as informações e garantir a qualidade e confiabilidade.","2"
"2025","desafio_gestor","Área da Saúde","de 501 a 1.000","Garantir retorno do investimento (ROI) em projetos de dados e inteligência artificial.","2"
"2025","desafio_gestor","Finanças ou Bancos","de 501 a 1.000","Convencer a empresa a aumentar os investimentos na área de dados e inteligência artificial.","2"
"2025","desafio_gestor","Área de Consultoria","de 51 a 100","Gestão de projetos envolvendo áreas multidisciplinares da empresa.","2"
"2025","desafio_gestor","Educação","de 1.001 a 3.000","Dividir o tempo entre entregas técnicas e gestão de pessoas.","2"
"2025","desafio_gestor","Marketing","de 101 a 500","Gestão de projetos envolvendo áreas multidisciplinares da empresa.","2"
"2025","desafio_gestor","Área de Consultoria","de 501 a 1.000","Convencer a empresa a aumentar os investimentos na área de dados e inteligência artificial.","2"
"2025","desafio_gestor","Setor Alimentício","de 1.001 a 3.000","Gestão de projetos envolvendo áreas multidisciplinares da empresa.","2"
"2025","desafio_gestor","Marketing","de 1 a 5","Conseguir gerar valor para as áreas de negócios através de estudos e experimentos.","2"
"2025","desafio_gestor","Setor Alimentício","Acima de 3.000","Gerenciar a expectativa das áreas de negócio em relação as entregas das equipes de dados.","2"
"2025","desafio_gestor","Filantropia/ONG's","de 101 a 500","Gestão de projetos envolvendo áreas multidisciplinares da empresa.","2"
"2025","desafio_gestor","Internet/Ecommerce","de 101 a 500","Conseguir levar inovação para a empresa através dos dados e inteligência artificial.","2"
"2025","desafio_gestor","Tecnologia/Fábrica de Software","Acima de 3.000","Contratar novos talentos.","2"
"2025","desafio_gestor","Setor Automotivo","Acima de 3.000","Conseguir gerar valor para as áreas de negócios através de estudos e experimentos.","2"
"2025","desafio_gestor","Tecnologia/Fábrica de Software","de 501 a 1.000","Garantir retorno do investimento (ROI) em projetos de dados e inteligência artificial.","2"
"2025","desafio_gestor","Indústria","de 501 a 1.000","Gerenciar a expectativa dos stakeholders em projetos de Inteligência Artificial.","2"
"2025","desafio_gestor","Setor Imobiliário/ Construção Civil","Acima de 3.000","Gerenciar a expectativa dos stakeholders em projetos de Inteligência Artificial.","2"
"2025","desafio_gestor","Agronegócios","de 11 a 50","Dividir o tempo entre entregas técnicas e gestão de pessoas.","2"
"2025","desafio_gestor","Setor Alimentício","Acima de 3.000","Conseguir levar inovação para a empresa através dos dados e inteligência artificial.","2"
"2025","desafio_gestor","Setor Público","de 1.001 a 3.000","Convencer a empresa a aumentar os investimentos na área de dados e inteligência artificial.","2"
"2025","desafio_gestor","Área de Consultoria","de 51 a 100","Gerenciar a expectativa das áreas de negócio em relação as entregas das equipes de dados.","2"
"2025","desafio_gestor","Área da Saúde","de 101 a 500","Conseguir gerar valor para as áreas de negócios através de estudos e experimentos.","2"
"2025","desafio_gestor","Setor Automotivo","Acima de 3.000","em meio ao crescimento da empresa.","2"
"2025","desafio_gestor","Setor Público","Acima de 3.000","Conseguir levar inovação para a empresa através dos dados e inteligência artificial.","2"
"2025","desafio_gestor","Área de Consultoria","de 51 a 100","Contratar novos talentos.","2"
"2025","desafio_gestor","Tecnologia/Fábrica de Software","de 11 a 50","Organizar as informações e garantir a qualidade e confiabilidade.","2"
"2025","desafio_gestor","Internet/Ecommerce","Acima de 3.000","Organizar as informações e garantir a qualidade e confiabilidade.","2"
"2025","desafio_gestor","Marketing","de 51 a 100","Dividir o tempo entre entregas técnicas e gestão de pessoas.","2"
"2025","desafio_gestor","Área da Saúde","de 11 a 50","Garantir a manutenção dos projetos e modelos em produção","2"
"2025","desafio_gestor","Varejo","de 1.001 a 3.000","Dividir o tempo entre entregas técnicas e gestão de pessoas.","2"
"2025","desafio_gestor","Tecnologia/Fábrica de Software","de 1.001 a 3.000","Gerenciar a expectativa dos stakeholders em projetos de Inteligência Artificial.","2"
"2025","desafio_gestor","Área de Consultoria","de 501 a 1.000","Reter talentos.","2"
"2025","desafio_gestor","Área da Saúde","de 11 a 50","em meio ao crescimento da empresa.","2"
"2025","desafio_gestor","Telecomunicação","de 101 a 500","Dividir o tempo entre entregas técnicas e gestão de pessoas.","2"
"2025","desafio_gestor","Outra Opção","de 501 a 1.000","Gestão de projetos envolvendo áreas multidisciplinares da empresa.","2"
"2025","desafio_gestor","Outra Opção","de 51 a 100","Gestão de projetos envolvendo áreas multidisciplinares da empresa.","2"
"2025","desafio_gestor","Educação","de 11 a 50","Gestão de projetos envolvendo áreas multidisciplinares da empresa.","2"
"2025","desafio_gestor","Educação","Acima de 3.000","Conseguir gerar valor para as áreas de negócios através de estudos e experimentos.","2"
"2025","desafio_gestor","Área da Saúde","de 51 a 100","Dividir o tempo entre entregas técnicas e gestão de pessoas.","2"
"2025","desafio_gestor","Varejo","Acima de 3.000","Convencer a empresa a aumentar os investimentos na área de dados e inteligência artificial.","2"
"2025","desafio_gestor","Tecnologia/Fábrica de Software","de 1 a 5","Gestão de projetos envolvendo áreas multidisciplinares da empresa.","2"
"2025","desafio_gestor","Outra Opção","de 101 a 500","Conseguir levar inovação para a empresa através dos dados e inteligência artificial.","2"
"2025","desafio_gestor","Finanças ou Bancos","de 1.001 a 3.000","Gerenciar a expectativa das áreas de negócio em relação as entregas das equipes de dados.","2"
"2025","desafio_gestor","Área de Consultoria","de 501 a 1.000","Gerenciar a expectativa das áreas de negócio em relação as entregas das equipes de dados.","2"
"2025","desafio_gestor","Área da Saúde","de 501 a 1.000","Gerenciar a expectativa dos stakeholders em projetos de Inteligência Artificial.","2"
"2025","desafio_gestor","Tecnologia/Fábrica de Software","de 1.001 a 3.000","Gestão de equipes no ambiente remoto.","2"
"2025","desafio_gestor","Outra Opção","de 101 a 500","Garantir a manutenção dos projetos e modelos em produção","2"
"2025","desafio_gestor","Área de Consultoria","de 6 a 10","Organizar as informações e garantir a qualidade e confiabilidade.","2"
"2025","desafio_gestor","Internet/Ecommerce","de 101 a 500","Reter talentos.","2"
"2025","desafio_gestor","Setor Automotivo","de 1.001 a 3.000","em meio ao crescimento da empresa.","2"
"2025","desafio_gestor","Tecnologia/Fábrica de Software","de 51 a 100","Desenvolver e manter modelos Machine Learning em produção.","2"
"2025","desafio_gestor","Varejo","de 101 a 500","Gerenciar a expectativa dos stakeholders em projetos de Inteligência Artificial.","2"
"2025","desafio_gestor","Marketing","de 11 a 50","Dividir o tempo entre entregas técnicas e gestão de pessoas.","2"
"2025","desafio_gestor","Outra Opção","de 101 a 500","Garantir retorno do investimento (ROI) em projetos de dados e inteligência artificial.","2"
"2025","desafio_gestor","Internet/Ecommerce","de 101 a 500","Conseguir gerar valor para as áreas de negócios através de estudos e experimentos.","2"
"2025","desafio_gestor","Marketing","de 11 a 50","Organizar as informações e garantir a qualidade e confiabilidade.","2"
"2025","desafio_gestor","Outra Opção","Acima de 3.000","Gestão de projetos envolvendo áreas multidisciplinares da empresa.","2"
"2025","desafio_gestor","Internet/Ecommerce","de 501 a 1.000","Conseguir processar e armazenar um alto volume de dados.","2"
"2025","desafio_gestor","Tecnologia/Fábrica de Software","de 1.001 a 3.000","Contratar novos talentos.","2"
"2025","desafio_gestor","Área de Consultoria","de 101 a 500","Gerenciar a expectativa dos stakeholders em projetos de Inteligência Artificial.","2"
"2025","desafio_gestor","Tecnologia/Fábrica de Software","de 1 a 5","Garantir retorno do investimento (ROI) em projetos de dados e inteligência artificial.","2"
"2025","desafio_gestor","Tecnologia/Fábrica de Software","de 6 a 10","Conseguir gerar valor para as áreas de negócios através de estudos e experimentos.","2"
"2025","desafio_gestor","Área de Consultoria","Acima de 3.000","Reter talentos.","2"
"2025","desafio_gestor","Área da Saúde","Acima de 3.000","Garantir retorno do investimento (ROI) em projetos de dados e inteligência artificial.","2"
"2025","desafio_gestor","Varejo","de 101 a 500","Conseguir gerar valor para as áreas de negócios através de estudos e experimentos.","2"
"2025","desafio_gestor","Setor Público","Acima de 3.000","Organizar as informações e garantir a qualidade e confiabilidade.","2"
"2025","desafio_gestor","Área da Saúde","de 501 a 1.000","Conseguir levar inovação para a empresa através dos dados e inteligência artificial.","2"
"2025","desafio_gestor","Outra Opção","de 1.001 a 3.000","Organizar as informações e garantir a qualidade e confiabilidade.","2"
"2025","desafio_gestor","Setor Público","Acima de 3.000","Gestão de projetos envolvendo áreas multidisciplinares da empresa.","2"
"2025","desafio_gestor","Setor Imobiliário/ Construção Civil","Acima de 3.000","Gestão de projetos envolvendo áreas multidisciplinares da empresa.","2"
"2025","desafio_gestor","Outra Opção","de 51 a 100","Conseguir gerar valor para as áreas de negócios através de estudos e experimentos.","2"
"2025","desafio_gestor","Indústria","de 501 a 1.000","Dividir o tempo entre entregas técnicas e gestão de pessoas.","2"
"2025","desafio_gestor","Educação","de 101 a 500","Conseguir gerar valor para as áreas de negócios através de estudos e experimentos.","2"
"2025","desafio_gestor","Educação","de 1 a 5","Organizar as informações e garantir a qualidade e confiabilidade.","2"
"2025","desafio_gestor","Área da Saúde","Acima de 3.000","Conseguir gerar valor para as áreas de negócios através de estudos e experimentos.","2"
"2025","desafio_gestor","Varejo","de 11 a 50","Garantir retorno do investimento (ROI) em projetos de dados e inteligência artificial.","2"
"2025","desafio_gestor","Área da Saúde","de 1.001 a 3.000","Organizar as informações e garantir a qualidade e confiabilidade.","2"
"2025","desafio_gestor","Educação","Acima de 3.000","Reter talentos.","2"
"2025","desafio_gestor","Finanças ou Bancos","de 501 a 1.000","Garantir retorno do investimento (ROI) em projetos de dados e inteligência artificial.","2"
"2025","desafio_gestor","Setor Imobiliário/ Construção Civil","de 51 a 100","Gerenciar a expectativa das áreas de negócio em relação as entregas das equipes de dados.","2"
"2025","desafio_gestor","Educação","Acima de 3.000","Gestão de projetos envolvendo áreas multidisciplinares da empresa.","2"
"2025","desafio_gestor","Educação","de 101 a 500","Conseguir levar inovação para a empresa através dos dados e inteligência artificial.","2"
"2025","desafio_gestor","Área de Consultoria","de 6 a 10","Dividir o tempo entre entregas técnicas e gestão de pessoas.","2"
"2025","desafio_gestor","Setor Alimentício","Acima de 3.000","Gestão de equipes no ambiente remoto.","2"
"2025","desafio_gestor","Área de Consultoria","Acima de 3.000","Contratar novos talentos.","2"
"2025","desafio_gestor","Setor Alimentício","Acima de 3.000","Conseguir gerar valor para as áreas de negócios através de estudos e experimentos.","2"
"2025","desafio_gestor","Educação","Acima de 3.000","Organizar as informações e garantir a qualidade e confiabilidade.","2"
"2025","desafio_gestor","Indústria","de 501 a 1.000","Gestão de projetos envolvendo áreas multidisciplinares da empresa.","2"
"2025","desafio_gestor","Marketing","de 1 a 5","Dividir o tempo entre entregas técnicas e gestão de pessoas.","2"
"2025","desafio_gestor","Tecnologia/Fábrica de Software","de 101 a 500","Desenvolver e manter modelos Machine Learning em produção.","2"
"2025","desafio_gestor","Educação","de 1.001 a 3.000","Reter talentos.","2"
"2025","desafio_gestor","Finanças ou Bancos","de 1 a 5","Conseguir gerar valor para as áreas de negócios através de estudos e experimentos.","2"
"2025","desafio_gestor","Área de Consultoria","de 101 a 500","Reter talentos.","2"
"2025","desafio_gestor","Agronegócios","Acima de 3.000","Conseguir levar inovação para a empresa através dos dados e inteligência artificial.","2"
"2025","desafio_gestor","Telecomunicação","de 101 a 500","Organizar as informações e garantir a qualidade e confiabilidade.","2"
"2025","desafio_gestor","Indústria","Acima de 3.000","Conseguir processar e armazenar um alto volume de dados.","2"
"2025","desafio_gestor","Varejo","de 101 a 500","Gerenciar a expectativa das áreas de negócio em relação as entregas das equipes de dados.","2"
"2025","desafio_gestor","Setor de Energia","Acima de 3.000","Gerenciar a expectativa dos stakeholders em projetos de Inteligência Artificial.","2"
"2025","desafio_gestor","Indústria","de 501 a 1.000","Garantir retorno do investimento (ROI) em projetos de dados e inteligência artificial.","2"
"2025","desafio_gestor","Setor Imobiliário/ Construção Civil","de 51 a 100","Organizar as informações e garantir a qualidade e confiabilidade.","2"
"2025","desafio_gestor","Área da Saúde","de 51 a 100","Conseguir levar inovação para a empresa através dos dados e inteligência artificial.","2"
"2025","desafio_gestor","Setor de Energia","de 1.001 a 3.000","Reter talentos.","2"
"2025","desafio_gestor","Área de Consultoria","de 1 a 5","Organizar as informações e garantir a qualidade e confiabilidade.","2"
"2025","desafio_gestor","Indústria","de 11 a 50","Gerenciar a expectativa das áreas de negócio em relação as entregas das equipes de dados.","2"
"2025","desafio_gestor","Outra Opção","Acima de 3.000","Reter talentos.","2"
"2025","desafio_gestor","Outra Opção","de 101 a 500","em meio ao crescimento da empresa.","2"
"2025","desafio_gestor","Outra Opção","Acima de 3.000","Garantir a manutenção dos projetos e modelos em produção","2"
"2025","desafio_gestor","Tecnologia/Fábrica de Software","de 1.001 a 3.000","Organizar as informações e garantir a qualidade e confiabilidade.","2"
"2025","desafio_gestor","Tecnologia/Fábrica de Software","de 1 a 5","Conseguir gerar valor para as áreas de negócios através de estudos e experimentos.","2"
"2025","desafio_gestor","Outra Opção","Acima de 3.000","em meio ao crescimento da empresa.","2"
"2025","desafio_gestor","Seguros ou Previdência","Acima de 3.000","Gestão de projetos envolvendo áreas multidisciplinares da empresa.","2"
"2025","desafio_gestor","Setor Alimentício","Acima de 3.000","Organizar as informações e garantir a qualidade e confiabilidade.","2"
"2025","desafio_gestor","Área da Saúde","Acima de 3.000","Gestão de equipes no ambiente remoto.","2"
"2025","desafio_gestor","Varejo","de 11 a 50","Gerenciar a expectativa dos stakeholders em projetos de Inteligência Artificial.","2"
"2025","desafio_gestor","Área de Consultoria","Acima de 3.000","Gerenciar a expectativa dos stakeholders em projetos de Inteligência Artificial.","2"
"2025","desafio_gestor","Internet/Ecommerce","Acima de 3.000","Gerenciar a expectativa das áreas de negócio em relação as entregas das equipes de dados.","2"
"2025","desafio_gestor","Setor de Energia","de 51 a 100","Organizar as informações e garantir a qualidade e confiabilidade.","2"
"2025","desafio_gestor","Setor Público","de 101 a 500","Dividir o tempo entre entregas técnicas e gestão de pessoas.","2"
"2025","desafio_gestor","Setor Automotivo","Acima de 3.000","Reter talentos.","2"
"2025","desafio_gestor","Setor Automotivo","de 1.001 a 3.000","Gerenciar a expectativa das áreas de negócio em relação as entregas das equipes de dados.","2"
"2025","desafio_gestor","Setor Imobiliário/ Construção Civil","Acima de 3.000","Gerenciar a expectativa das áreas de negócio em relação as entregas das equipes de dados.","2"
"2025","desafio_gestor","Tecnologia/Fábrica de Software","de 1.001 a 3.000","Garantir retorno do investimento (ROI) em projetos de dados e inteligência artificial.","1"
"2025","desafio_gestor","Educação","de 11 a 50","Dividir o tempo entre entregas técnicas e gestão de pessoas.","1"
"2025","desafio_gestor","Finanças ou Bancos","de 1.001 a 3.000","Contratar novos talentos.","1"
"2025","desafio_gestor","Tecnologia/Fábrica de Software","de 1.001 a 3.000","Conseguir levar inovação para a empresa através dos dados e inteligência artificial.","1"
"2025","desafio_gestor","Área da Saúde","de 501 a 1.000","Organizar as informações e garantir a qualidade e confiabilidade.","1"
"2025","desafio_gestor","Outra Opção","de 101 a 500","Reter talentos.","1"
"2025","desafio_gestor","Setor de Energia","de 1.001 a 3.000","Dividir o tempo entre entregas técnicas e gestão de pessoas.","1"
"2025","desafio_gestor","Finanças ou Bancos","de 6 a 10","Dividir o tempo entre entregas técnicas e gestão de pessoas.","1"
"2025","desafio_gestor","Setor Público","de 501 a 1.000","Gerenciar a expectativa das áreas de negócio em relação as entregas das equipes de dados.","1"
"2025","desafio_gestor","Área de Consultoria","de 501 a 1.000","Gestão de equipes no ambiente remoto.","1"
"2025","desafio_gestor","Seguros ou Previdência","Acima de 3.000","Gerenciar a expectativa dos stakeholders em projetos de Inteligência Artificial.","1"
"2025","desafio_gestor","Setor de Energia","Acima de 3.000","Organizar as informações e garantir a qualidade e confiabilidade.","1"
"2025","desafio_gestor","Educação","de 101 a 500","Organizar as informações e garantir a qualidade e confiabilidade.","1"
"2025","desafio_gestor","Área da Saúde","Acima de 3.000","Garantir a manutenção dos projetos e modelos em produção","1"
"2025","desafio_gestor","Finanças ou Bancos","de 101 a 500","Organizar as informações e garantir a qualidade e confiabilidade.","1"
"2025","desafio_gestor","Setor Farmaceutico","Acima de 3.000","Dividir o tempo entre entregas técnicas e gestão de pessoas.","1"
"2025","desafio_gestor","Setor de Energia","de 501 a 1.000","Conseguir gerar valor para as áreas de negócios através de estudos e experimentos.","1"
"2025","desafio_gestor","Agronegócios","Acima de 3.000","em meio ao crescimento da empresa.","1"
"2025","desafio_gestor","Outra Opção","de 501 a 1.000","Conseguir gerar valor para as áreas de negócios através de estudos e experimentos.","1"
"2025","desafio_gestor","Setor de Energia","de 6 a 10","Conseguir gerar valor para as áreas de negócios através de estudos e experimentos.","1"
"2025","desafio_gestor","Outra Opção","de 1.001 a 3.000","Convencer a empresa a aumentar os investimentos na área de dados e inteligência artificial.","1"
"2025","desafio_gestor","Setor Imobiliário/ Construção Civil","de 11 a 50","Organizar as informações e garantir a qualidade e confiabilidade.","1"
"2025","desafio_gestor","Marketing","de 51 a 100","Garantir a manutenção dos projetos e modelos em produção","1"
"2025","desafio_gestor","Varejo","de 101 a 500","Garantir retorno do investimento (ROI) em projetos de dados e inteligência artificial.","1"
"2025","desafio_gestor","Agronegócios","de 11 a 50","Desenvolver e manter modelos Machine Learning em produção.","1"
"2025","desafio_gestor","Filantropia/ONG's","de 101 a 500","Organizar as informações e garantir a qualidade e confiabilidade.","1"
"2025","desafio_gestor","Setor Imobiliário/ Construção Civil","de 11 a 50","Conseguir gerar valor para as áreas de negócios através de estudos e experimentos.","1"
"2025","desafio_gestor","Agronegócios","de 11 a 50","Convencer a empresa a aumentar os investimentos na área de dados e inteligência artificial.","1"
"2025","desafio_gestor","Indústria","de 11 a 50","Garantir a manutenção dos projetos e modelos em produção","1"
"2025","desafio_gestor","Outra Opção","de 11 a 50","Convencer a empresa a aumentar os investimentos na área de dados e inteligência artificial.","1"
"2025","desafio_gestor","Marketing","de 1 a 5","Gestão de equipes no ambiente remoto.","1"
"2025","desafio_gestor","Seguros ou Previdência","de 101 a 500","Garantir retorno do investimento (ROI) em projetos de dados e inteligência artificial.","1"
"2025","desafio_gestor","Indústria","de 51 a 100","Gestão de projetos envolvendo áreas multidisciplinares da empresa.","1"
"2025","desafio_gestor","Agronegócios","de 101 a 500","em meio ao crescimento da empresa.","1"
"2025","desafio_gestor","Telecomunicação","de 11 a 50","Contratar novos talentos.","1"
"2025","desafio_gestor","Agronegócios","de 101 a 500","Garantir a manutenção dos projetos e modelos em produção","1"
"2025","desafio_gestor","Outra Opção","de 501 a 1.000","Conseguir levar inovação para a empresa através dos dados e inteligência artificial.","1"
"2025","desafio_gestor","Outra Opção","de 1 a 5","Contratar novos talentos.","1"
"2025","desafio_gestor","Área de Consultoria","Acima de 3.000","Convencer a empresa a aumentar os investimentos na área de dados e inteligência artificial.","1"
"2025","desafio_gestor","Tecnologia/Fábrica de Software","de 1 a 5","Desenvolver e manter modelos Machine Learning em produção.","1"
"2025","desafio_gestor","Agronegócios","de 501 a 1.000","Contratar novos talentos.","1"
"2025","desafio_gestor","Área da Saúde","Acima de 3.000","Gestão de projetos envolvendo áreas multidisciplinares da empresa.","1"
"2025","desafio_gestor","Educação","de 1 a 5","Garantir retorno do investimento (ROI) em projetos de dados e inteligência artificial.","1"
"2025","desafio_gestor","Outra Opção","de 6 a 10","Garantir retorno do investimento (ROI) em projetos de dados e inteligência artificial.","1"
"2025","desafio_gestor","Área da Saúde","Acima de 3.000","Conseguir processar e armazenar um alto volume de dados.","1"
"2025","desafio_gestor","Área de Consultoria","de 101 a 500","em meio ao crescimento da empresa.","1"
"2025","desafio_gestor","Marketing","de 1 a 5","Garantir a manutenção dos projetos e modelos em produção","1"
"2025","desafio_gestor","Área da Saúde","de 1.001 a 3.000","Convencer a empresa a aumentar os investimentos na área de dados e inteligência artificial.","1"
"2025","desafio_gestor","Outra Opção","de 6 a 10",".","1"
"2025","desafio_gestor","Setor de Energia","de 51 a 100","Convencer a empresa a aumentar os investimentos na área de dados e inteligência artificial.","1"
"2025","desafio_gestor","Tecnologia/Fábrica de Software","de 101 a 500","Reter talentos.","1"
"2025","desafio_gestor","Área da Saúde","de 11 a 50","Contratar novos talentos.","1"
"2025","desafio_gestor","Outra Opção","de 501 a 1.000","Garantir a manutenção dos projetos e modelos em produção","1"
"2025","desafio_gestor","Área de Consultoria","de 101 a 500","Garantir a manutenção dos projetos e modelos em produção","1"
"2025","desafio_gestor","Filantropia/ONG's","de 101 a 500","Conseguir gerar valor para as áreas de negócios através de estudos e experimentos.","1"
"2025","desafio_gestor","Área de Consultoria","de 501 a 1.000","Dividir o tempo entre entregas técnicas e gestão de pessoas.","1"
"2025","desafio_gestor","Finanças ou Bancos","de 51 a 100","Dividir o tempo entre entregas técnicas e gestão de pessoas.","1"
"2025","desafio_gestor","Varejo","de 6 a 10","Conseguir gerar valor para as áreas de negócios através de estudos e experimentos.","1"
"2025","desafio_gestor","Filantropia/ONG's","de 1.001 a 3.000","Conseguir gerar valor para as áreas de negócios através de estudos e experimentos.","1"
"2025","desafio_gestor","Varejo","de 11 a 50","em meio ao crescimento da empresa.","1"
"2025","desafio_gestor","Área de Consultoria","de 501 a 1.000","em meio ao crescimento da empresa.","1"
"2025","desafio_gestor","Educação","Acima de 3.000","Contratar novos talentos.","1"
"2025","desafio_gestor","Área da Saúde","de 1 a 5","Gerenciar a expectativa dos stakeholders em projetos de Inteligência Artificial.","1"
"2025","desafio_gestor","Área de Consultoria","de 6 a 10","Gerenciar a expectativa das áreas de negócio em relação as entregas das equipes de dados.","1"
"2025","desafio_gestor","Filantropia/ONG's","de 101 a 500","Gerenciar a expectativa das áreas de negócio em relação as entregas das equipes de dados.","1"
"2025","desafio_gestor","Setor Farmaceutico","de 51 a 100","Organizar as informações e garantir a qualidade e confiabilidade.","1"
"2025","desafio_gestor","Entretenimento ou Esportes","de 101 a 500","Gerenciar a expectativa das áreas de negócio em relação as entregas das equipes de dados.","1"
"2025","desafio_gestor","Finanças ou Bancos","de 51 a 100","Garantir a manutenção dos projetos e modelos em produção","1"
"2025","desafio_gestor","Finanças ou Bancos","de 11 a 50","em meio ao crescimento da empresa.","1"
"2025","desafio_gestor","Telecomunicação","Acima de 3.000","Garantir retorno do investimento (ROI) em projetos de dados e inteligência artificial.","1"
"2025","desafio_gestor","Área de Consultoria","de 11 a 50","Garantir retorno do investimento (ROI) em projetos de dados e inteligência artificial.","1"
"2025","desafio_gestor","Setor Alimentício","de 101 a 500","Garantir a manutenção dos projetos e modelos em produção","1"
"2025","desafio_gestor","Área da Saúde","de 501 a 1.000","Dividir o tempo entre entregas técnicas e gestão de pessoas.","1"
"2025","desafio_gestor","Outra Opção","de 51 a 100","Conseguir levar inovação para a empresa através dos dados e inteligência artificial.","1"
"2025","desafio_gestor","Internet/Ecommerce","de 501 a 1.000","Gestão de projetos envolvendo áreas multidisciplinares da empresa.","1"
"2025","desafio_gestor","Outra Opção","de 101 a 500","Conseguir processar e armazenar um alto volume de dados.","1"
"2025","desafio_gestor","Setor de Energia","de 6 a 10","Dividir o tempo entre entregas técnicas e gestão de pessoas.","1"
"2025","desafio_gestor","Seguros ou Previdência","de 101 a 500","Gerenciar a expectativa das áreas de negócio em relação as entregas das equipes de dados.","1"
"2025","desafio_gestor","Setor Alimentício","de 1.001 a 3.000","Garantir a manutenção dos projetos e modelos em produção","1"
"2025","desafio_gestor","Setor de Energia","Acima de 3.000","Gerenciar a expectativa das áreas de negócio em relação as entregas das equipes de dados.","1"
"2025","desafio_gestor","Finanças ou Bancos","de 11 a 50","Conseguir processar e armazenar um alto volume de dados.","1"
"2025","desafio_gestor","Agronegócios","Acima de 3.000","Garantir a manutenção dos projetos e modelos em produção","1"
"2025","desafio_gestor","Outra Opção","de 6 a 10","Conseguir levar inovação para a empresa através dos dados e inteligência artificial.","1"
"2025","desafio_gestor","Agronegócios","Acima de 3.000","Garantir retorno do investimento (ROI) em projetos de dados e inteligência artificial.","1"
"2025","desafio_gestor","Tecnologia/Fábrica de Software","de 501 a 1.000","Convencer a empresa a aumentar os investimentos na área de dados e inteligência artificial.","1"
"2025","desafio_gestor","Setor de Energia","de 501 a 1.000","Gestão de projetos envolvendo áreas multidisciplinares da empresa.","1"
"2025","desafio_gestor","Setor Alimentício","de 1.001 a 3.000","Reuniões","1"
"2025","desafio_gestor","Indústria","de 1.001 a 3.000","Organizar as informações e garantir a qualidade e confiabilidade.","1"
"2025","desafio_gestor","Setor Público","de 101 a 500","Gestão de projetos envolvendo áreas multidisciplinares da empresa.","1"
"2025","desafio_gestor","Marketing","de 1.001 a 3.000","Contratar novos talentos.","1"
"2025","desafio_gestor","Educação","de 501 a 1.000","Organizar as informações e garantir a qualidade e confiabilidade.","1"
"2025","desafio_gestor","Internet/Ecommerce","de 101 a 500","Garantir a manutenção dos projetos e modelos em produção","1"
"2025","desafio_gestor","Setor de Energia","de 11 a 50","Gerenciar a expectativa dos stakeholders em projetos de Inteligência Artificial.","1"
"2025","desafio_gestor","Tecnologia/Fábrica de Software","Acima de 3.000","Conseguir processar e armazenar um alto volume de dados.","1"
"2025","desafio_gestor","Tecnologia/Fábrica de Software","de 501 a 1.000","Conseguir gerar valor para as áreas de negócios através de estudos e experimentos.","1"
"2025","desafio_gestor","Internet/Ecommerce","de 501 a 1.000","Desenvolver e manter modelos Machine Learning em produção.","1"
"2025","desafio_gestor","Agronegócios","de 501 a 1.000","Atividades operacionais.","1"
"2025","desafio_gestor","Outra Opção","de 501 a 1.000","Convencer a empresa a aumentar os investimentos na área de dados e inteligência artificial.","1"
"2025","desafio_gestor","Marketing","de 51 a 100","Organizar as informações e garantir a qualidade e confiabilidade.","1"
"2025","desafio_gestor","Setor de Energia","de 6 a 10","Convencer a empresa a aumentar os investimentos na área de dados e inteligência artificial.","1"
"2025","desafio_gestor","Varejo","de 11 a 50","Dividir o tempo entre entregas técnicas e gestão de pessoas.","1"
"2025","desafio_gestor","Tecnologia/Fábrica de Software","de 51 a 100","Gerenciar a expectativa dos stakeholders em projetos de Inteligência Artificial.","1"
"2025","desafio_gestor","Área de Consultoria","de 1.001 a 3.000","Dividir o tempo entre entregas técnicas e gestão de pessoas.","1"
"2025","desafio_gestor","Seguros ou Previdência","de 101 a 500","em meio ao crescimento da empresa.","1"
"2025","desafio_gestor","Filantropia/ONG's","de 11 a 50","Organizar as informações e garantir a qualidade e confiabilidade.","1"
"2025","desafio_gestor","Outra Opção","de 6 a 10","Garantir a manutenção dos projetos e modelos em produção","1"
"2025","desafio_gestor","Setor Farmaceutico","de 101 a 500","Reter talentos.","1"
"2025","desafio_gestor","Setor Público","Acima de 3.000","Motivar e desenvolver equipe","1"
"2025","desafio_gestor","Área da Saúde","de 101 a 500","Conseguir levar inovação para a empresa através dos dados e inteligência artificial.","1"
"2025","desafio_gestor","Educação","de 51 a 100","Conseguir levar inovação para a empresa através dos dados e inteligência artificial.","1"
"2025","desafio_gestor","Indústria","de 6 a 10","Desenvolver e manter modelos Machine Learning em produção.","1"
"2025","desafio_gestor","Indústria","de 51 a 100","Organizar as informações e garantir a qualidade e confiabilidade.","1"
"2025","desafio_gestor","Área de Consultoria","de 6 a 10","Convencer a empresa a aumentar os investimentos na área de dados e inteligência artificial.","1"
"2025","desafio_gestor","Área da Saúde","Acima de 3.000","em meio ao crescimento da empresa.","1"
"2025","desafio_gestor","Setor Público","Acima de 3.000","Convencer a empresa a aumentar os investimentos na área de dados e inteligência artificial.","1"
"2025","desafio_gestor","Filantropia/ONG's","de 51 a 100","em meio ao crescimento da empresa.","1"
"2025","desafio_gestor","Tecnologia/Fábrica de Software","de 501 a 1.000","Conseguir levar inovação para a empresa através dos dados e inteligência artificial.","1"
"2025","desafio_gestor","Educação","de 1.001 a 3.000","Organizar as informações e garantir a qualidade e confiabilidade.","1"
"2025","desafio_gestor","Internet/Ecommerce","Acima de 3.000","Gestão de equipes no ambiente remoto.","1"
"2025","desafio_gestor","Educação","de 501 a 1.000","Garantir a manutenção dos projetos e modelos em produção","1"
"2025","desafio_gestor","Marketing","de 1.001 a 3.000","Gerenciar a expectativa das áreas de negócio em relação as entregas das equipes de dados.","1"
"2025","desafio_gestor","Filantropia/ONG's","Acima de 3.000","Gestão de projetos envolvendo áreas multidisciplinares da empresa.","1"
"2025","desafio_gestor","Setor de Energia","Acima de 3.000","Conseguir levar inovação para a empresa através dos dados e inteligência artificial.","1"
"2025","desafio_gestor","Internet/Ecommerce","de 101 a 500","Gestão de projetos envolvendo áreas multidisciplinares da empresa.","1"
"2025","desafio_gestor","Setor Alimentício","de 501 a 1.000","em meio ao crescimento da empresa.","1"
"2025","desafio_gestor","Setor Farmaceutico","Acima de 3.000","Gerenciar a expectativa das áreas de negócio em relação as entregas das equipes de dados.","1"
"2025","desafio_gestor","Outra Opção","de 11 a 50","Gestão de equipes no ambiente remoto.","1"
"2025","desafio_gestor","Setor Alimentício","de 101 a 500","Dividir o tempo entre entregas técnicas e gestão de pessoas.","1"
"2025","desafio_gestor","Setor Público","de 501 a 1.000","Convencer a empresa a aumentar os investimentos na área de dados e inteligência artificial.","1"
"2025","desafio_gestor","Telecomunicação","de 11 a 50","Conseguir gerar valor para as áreas de negócios através de estudos e experimentos.","1"
"2025","desafio_gestor","Indústria","de 101 a 500","Organizar as informações e garantir a qualidade e confiabilidade.","1"
"2025","desafio_gestor","Setor Alimentício","de 101 a 500","em meio ao crescimento da empresa.","1"
"2025","desafio_gestor","Entretenimento ou Esportes","de 101 a 500","Conseguir gerar valor para as áreas de negócios através de estudos e experimentos.","1"
"2025","desafio_gestor","Tecnologia/Fábrica de Software","de 1 a 5","em meio ao crescimento da empresa.","1"
"2025","desafio_gestor","Setor de Energia","de 501 a 1.000","Garantir retorno do investimento (ROI) em projetos de dados e inteligência artificial.","1"
"2025","desafio_gestor","Indústria","de 101 a 500","Gestão de projetos envolvendo áreas multidisciplinares da empresa.","1"
"2025","desafio_gestor","Finanças ou Bancos","de 1.001 a 3.000","Conseguir levar inovação para a empresa através dos dados e inteligência artificial.","1"
"2025","desafio_gestor","Marketing","de 51 a 100","Gerenciar a expectativa dos stakeholders em projetos de Inteligência Artificial.","1"
"2025","desafio_gestor","Outra Opção","Acima de 3.000","Contratar novos talentos.","1"
"2025","desafio_gestor","Setor Farmaceutico","de 101 a 500","Dividir o tempo entre entregas técnicas e gestão de pessoas.","1"
"2025","desafio_gestor","Tecnologia/Fábrica de Software","de 501 a 1.000","Gerenciar a expectativa das áreas de negócio em relação as entregas das equipes de dados.","1"
"2025","desafio_gestor","Internet/Ecommerce","de 101 a 500","Chefes irresponsáveis","1"
"2025","desafio_gestor","Seguros ou Previdência","Acima de 3.000","Contratar novos talentos.","1"
"2025","desafio_gestor","Entretenimento ou Esportes","de 51 a 100","Dividir o tempo entre entregas técnicas e gestão de pessoas.","1"
"2025","desafio_gestor","Finanças ou Bancos","de 51 a 100","em meio ao crescimento da empresa.","1"
"2025","desafio_gestor","Seguros ou Previdência","Acima de 3.000","Reter talentos.","1"
"2025","desafio_gestor","Setor Automotivo","Acima de 3.000","Gestão de projetos envolvendo áreas multidisciplinares da empresa.","1"
"2025","desafio_gestor","Finanças ou Bancos","de 51 a 100","Conseguir processar e armazenar um alto volume de dados.","1"
"2025","desafio_gestor","Marketing","de 501 a 1.000","Contratar novos talentos.","1"
"2025","desafio_gestor","Setor Imobiliário/ Construção Civil","de 51 a 100","Gestão de projetos envolvendo áreas multidisciplinares da empresa.","1"
"2025","desafio_gestor","Filantropia/ONG's","Acima de 3.000","Organizar as informações e garantir a qualidade e confiabilidade.","1"
"2025","desafio_gestor","Setor Farmaceutico","de 51 a 100","Gestão de projetos envolvendo áreas multidisciplinares da empresa.","1"
"2025","desafio_gestor","Marketing","de 101 a 500","Gerenciar a expectativa das áreas de negócio em relação as entregas das equipes de dados.","1"
"2025","desafio_gestor","Agronegócios","Acima de 3.000","Reter talentos.","1"
"2025","desafio_gestor","Indústria","de 501 a 1.000","em meio ao crescimento da empresa.","1"
"2025","desafio_gestor","Varejo","de 51 a 100","Convencer a empresa a aumentar os investimentos na área de dados e inteligência artificial.","1"
"2025","desafio_gestor","Área de Consultoria","Acima de 3.000","Organizar as informações e garantir a qualidade e confiabilidade.","1"
"2025","desafio_gestor","Agronegócios","Acima de 3.000","Gerenciar a expectativa das áreas de negócio em relação as entregas das equipes de dados.","1"
"2025","desafio_gestor","Setor Alimentício","de 51 a 100","Conseguir gerar valor para as áreas de negócios através de estudos e experimentos.","1"
"2025","desafio_gestor","Tecnologia/Fábrica de Software","de 6 a 10","em meio ao crescimento da empresa.","1"
"2025","desafio_gestor","Telecomunicação","de 101 a 500","Garantir a manutenção dos projetos e modelos em produção","1"
"2025","desafio_gestor","Educação","de 51 a 100","Dividir o tempo entre entregas técnicas e gestão de pessoas.","1"
"2025","desafio_gestor","Internet/Ecommerce","de 101 a 500","Contratar novos talentos.","1"
"2025","desafio_gestor","Internet/Ecommerce","de 501 a 1.000","Dividir o tempo entre entregas técnicas e gestão de pessoas.","1"
"2025","desafio_gestor","Marketing","Acima de 3.000","Conseguir levar inovação para a empresa através dos dados e inteligência artificial.","1"
"2025","desafio_gestor","Finanças ou Bancos","de 11 a 50","Conseguir gerar valor para as áreas de negócios através de estudos e experimentos.","1"
"2025","desafio_gestor","Área da Saúde","de 501 a 1.000","Gerenciar a expectativa das áreas de negócio em relação as entregas das equipes de dados.","1"
"2025","desafio_gestor","Educação","de 1.001 a 3.000","Gestão de projetos envolvendo áreas multidisciplinares da empresa.","1"
"2025","desafio_gestor","Setor Alimentício","de 501 a 1.000","Dividir o tempo entre entregas técnicas e gestão de pessoas.","1"
"2025","desafio_gestor","Educação","Acima de 3.000","Gerenciar a expectativa dos stakeholders em projetos de Inteligência Artificial.","1"
"2025","desafio_gestor","Seguros ou Previdência","de 101 a 500","Conseguir gerar valor para as áreas de negócios através de estudos e experimentos.","1"
"2025","desafio_gestor","Setor de Energia","de 51 a 100","Gestão de equipes no ambiente remoto.","1"
"2025","desafio_gestor","Indústria","de 11 a 50","Convencer a empresa a aumentar os investimentos na área de dados e inteligência artificial.","1"
"2025","desafio_gestor","Setor Automotivo","de 1.001 a 3.000","Gestão de projetos envolvendo áreas multidisciplinares da empresa.","1"
"2025","desafio_gestor","Tecnologia/Fábrica de Software","de 1 a 5","Conseguir levar inovação para a empresa através dos dados e inteligência artificial.","1"
"2025","desafio_gestor","Educação","de 1 a 5","Gestão de projetos envolvendo áreas multidisciplinares da empresa.","1"
"2025","desafio_gestor","Setor Imobiliário/ Construção Civil","Acima de 3.000","Garantir retorno do investimento (ROI) em projetos de dados e inteligência artificial.","1"
"2025","desafio_gestor","Marketing","de 11 a 50","Garantir a manutenção dos projetos e modelos em produção","1"
"2025","desafio_gestor","Agronegócios","de 11 a 50","Conseguir gerar valor para as áreas de negócios através de estudos e experimentos.","1"
"2025","desafio_gestor","Área de Consultoria","de 101 a 500","Conseguir levar inovação para a empresa através dos dados e inteligência artificial.","1"
"2025","desafio_gestor","Finanças ou Bancos","de 101 a 500","Conseguir levar inovação para a empresa através dos dados e inteligência artificial.","1"
"2025","desafio_gestor","Marketing","de 101 a 500","Organizar as informações e garantir a qualidade e confiabilidade.","1"
"2025","desafio_gestor","Setor Público","de 1.001 a 3.000","Gestão de equipes no ambiente remoto.","1"
"2025","desafio_gestor","Área da Saúde","de 11 a 50","Organizar as informações e garantir a qualidade e confiabilidade.","1"
"2025","desafio_gestor","Filantropia/ONG's","de 11 a 50","Garantir retorno do investimento (ROI) em projetos de dados e inteligência artificial.","1"
"2025","desafio_gestor","Tecnologia/Fábrica de Software","de 1.001 a 3.000","Desenvolver e manter modelos Machine Learning em produção.","1"
"2025","desafio_gestor","Setor Imobiliário/ Construção Civil","de 1 a 5","Organizar as informações e garantir a qualidade e confiabilidade.","1"
"2025","desafio_gestor","Agronegócios","de 11 a 50","Garantir a manutenção dos projetos e modelos em produção","1"
"2025","desafio_gestor","Setor Imobiliário/ Construção Civil","Acima de 3.000","Gestão de equipes no ambiente remoto.","1"
"2025","desafio_gestor","Seguros ou Previdência","de 51 a 100","em meio ao crescimento da empresa.","1"
"2025","desafio_gestor","Outra Opção","de 11 a 50","Gerenciar a expectativa dos stakeholders em projetos de Inteligência Artificial.","1"
"2025","desafio_gestor","Setor Público","de 51 a 100","Gerenciar a expectativa das áreas de negócio em relação as entregas das equipes de dados.","1"
"2025","desafio_gestor","Seguros ou Previdência","de 51 a 100","Garantir a manutenção dos projetos e modelos em produção","1"
"2025","desafio_gestor","Setor Público","de 101 a 500","Gestão de equipes no ambiente remoto.","1"
"2025","desafio_gestor","Área da Saúde","de 501 a 1.000","Gestão de projetos envolvendo áreas multidisciplinares da empresa.","1"
"2025","desafio_gestor","Área de Consultoria","de 101 a 500","Gerenciar os líderes","1"
"2025","desafio_gestor","Setor Alimentício","Acima de 3.000","Gerenciar a expectativa dos stakeholders em projetos de Inteligência Artificial.","1"
"2025","desafio_gestor","Tecnologia/Fábrica de Software","de 501 a 1.000","Gerenciar a expectativa dos stakeholders em projetos de Inteligência Artificial.","1"
"2025","desafio_gestor","Educação","de 101 a 500","Gestão de projetos envolvendo áreas multidisciplinares da empresa.","1"
"2025","desafio_gestor","Finanças ou Bancos","de 11 a 50","Gerenciar a expectativa dos stakeholders em projetos de Inteligência Artificial.","1"
"2025","desafio_gestor","Varejo","de 51 a 100","Reter talentos.","1"
"2025","desafio_gestor","Educação","de 501 a 1.000","Gerenciar a expectativa das áreas de negócio em relação as entregas das equipes de dados.","1"
"2025","desafio_gestor","Indústria","de 101 a 500","Dividir o tempo entre entregas técnicas e gestão de pessoas.","1"
"2025","desafio_gestor","Finanças ou Bancos","de 501 a 1.000","Conseguir processar e armazenar um alto volume de dados.","1"
"2025","desafio_gestor","Área da Saúde","de 51 a 100","Contratar novos talentos.","1"
"2025","desafio_gestor","Educação","de 11 a 50","Garantir a manutenção dos projetos e modelos em produção","1"
"2025","desafio_gestor","Agronegócios","Acima de 3.000","Convencer a empresa a aumentar os investimentos na área de dados e inteligência artificial.","1"
"2025","desafio_gestor","Telecomunicação","de 11 a 50","Reter talentos.","1"
"2025","desafio_gestor","Finanças ou Bancos","de 51 a 100","Gestão de projetos envolvendo áreas multidisciplinares da empresa.","1"
"2025","desafio_gestor","Indústria","de 11 a 50","em meio ao crescimento da empresa.","1"
"2025","desafio_gestor","Outra Opção","de 11 a 50","Conseguir gerar valor para as áreas de negócios através de estudos e experimentos.","1"
"2025","desafio_gestor","Educação","de 1.001 a 3.000","Conseguir levar inovação para a empresa através dos dados e inteligência artificial.","1"
"2025","desafio_gestor","Outra Opção","de 101 a 500","Gestão de equipes no ambiente remoto.","1"
"2025","desafio_gestor","Indústria","de 11 a 50","Contratar novos talentos.","1"
"2025","desafio_gestor","Finanças ou Bancos","de 1.001 a 3.000","Gerenciar a expectativa dos stakeholders em projetos de Inteligência Artificial.","1"
"2025","desafio_gestor","Educação","de 11 a 50","em meio ao crescimento da empresa.","1"
"2025","desafio_gestor","Filantropia/ONG's","de 11 a 50","Conseguir gerar valor para as áreas de negócios através de estudos e experimentos.","1"
"2025","desafio_gestor","Setor Imobiliário/ Construção Civil","Acima de 3.000","Dividir o tempo entre entregas técnicas e gestão de pessoas.","1"
"2025","desafio_gestor","Varejo","de 1.001 a 3.000","Garantir retorno do investimento (ROI) em projetos de dados e inteligência artificial.","1"
"2025","desafio_gestor","Setor Alimentício","de 51 a 100","Gerenciar a expectativa das áreas de negócio em relação as entregas das equipes de dados.","1"
"2025","desafio_gestor","Outra Opção","de 501 a 1.000","em meio ao crescimento da empresa.","1"
"2025","desafio_gestor","Internet/Ecommerce","de 101 a 500","Desenvolver e manter modelos Machine Learning em produção.","1"
"2025","desafio_gestor","Setor Alimentício","de 501 a 1.000","Gestão de projetos envolvendo áreas multidisciplinares da empresa.","1"
"2025","desafio_gestor","Marketing","de 51 a 100","em meio ao crescimento da empresa.","1"
"2025","desafio_gestor","Agronegócios","de 501 a 1.000","Organizar as informações e garantir a qualidade e confiabilidade.","1"
"2025","desafio_gestor","Educação","de 501 a 1.000","Garantir retorno do investimento (ROI) em projetos de dados e inteligência artificial.","1"
"2025","desafio_gestor","Área da Saúde","de 101 a 500","Garantir retorno do investimento (ROI) em projetos de dados e inteligência artificial.","1"
"2025","desafio_gestor","Filantropia/ONG's","de 51 a 100","Gerenciar a expectativa das áreas de negócio em relação as entregas das equipes de dados.","1"
"2025","desafio_gestor","Educação","de 1.001 a 3.000","Contratar novos talentos.","1"
"2025","desafio_gestor","Setor de Energia","de 11 a 50","Dividir o tempo entre entregas técnicas e gestão de pessoas.","1"
"2025","desafio_gestor","Seguros ou Previdência","de 51 a 100","Desenvolver e manter modelos Machine Learning em produção.","1"
"2025","desafio_gestor","Telecomunicação","de 51 a 100","Gerenciar a expectativa das áreas de negócio em relação as entregas das equipes de dados.","1"
"2025","desafio_gestor","Setor Público","de 51 a 100","Gestão de equipes no ambiente remoto.","1"
"2025","desafio_gestor","Área da Saúde","de 51 a 100","Conseguir gerar valor para as áreas de negócios através de estudos e experimentos.","1"
"2025","desafio_gestor","Outra Opção","de 1.001 a 3.000","Reter talentos.","1"
"2025","desafio_gestor","Telecomunicação","de 1 a 5","Garantir a manutenção dos projetos e modelos em produção","1"
"2025","desafio_gestor","Setor Público","de 101 a 500","Conseguir levar inovação para a empresa através dos dados e inteligência artificial.","1"
"2025","desafio_gestor","Varejo","de 11 a 50","Conseguir levar inovação para a empresa através dos dados e inteligência artificial.","1"
"2025","desafio_gestor","Varejo","de 1.001 a 3.000","Organizar as informações e garantir a qualidade e confiabilidade.","1"
"2025","desafio_gestor","Marketing","de 1.001 a 3.000","Gestão de projetos envolvendo áreas multidisciplinares da empresa.","1"
"2025","desafio_gestor","Setor Automotivo","Acima de 3.000","Convencer a empresa a aumentar os investimentos na área de dados e inteligência artificial.","1"
"2025","desafio_gestor","Outra Opção","de 1.001 a 3.000","Gerenciar a expectativa das áreas de negócio em relação as entregas das equipes de dados.","1"
"2025","desafio_gestor","Educação","de 501 a 1.000","Dividir o tempo entre entregas técnicas e gestão de pessoas.","1"
"2025","desafio_gestor","Área de Consultoria","de 1.001 a 3.000","Gestão de projetos envolvendo áreas multidisciplinares da empresa.","1"
"2025","desafio_gestor","Setor Público","de 51 a 100","Gestão de projetos envolvendo áreas multidisciplinares da empresa.","1"
"2025","desafio_gestor","Entretenimento ou Esportes","de 51 a 100","em meio ao crescimento da empresa.","1"
"2025","desafio_gestor","Setor Imobiliário/ Construção Civil","de 1 a 5","Conseguir gerar valor para as áreas de negócios através de estudos e experimentos.","1"
"2025","desafio_gestor","Indústria","de 1.001 a 3.000","Gerenciar a expectativa das áreas de negócio em relação as entregas das equipes de dados.","1"
"2025","desafio_gestor","Área de Consultoria","de 101 a 500","Organizar as informações e garantir a qualidade e confiabilidade.","1"
"2025","desafio_gestor","Outra Opção","de 11 a 50","Dividir o tempo entre entregas técnicas e gestão de pessoas.","1"
"2025","desafio_gestor","Área de Consultoria","de 6 a 10","Reter talentos.","1"
"2025","desafio_gestor","Área da Saúde","Acima de 3.000","Gerenciar a expectativa dos stakeholders em projetos de Inteligência Artificial.","1"
"2025","desafio_gestor","Setor de Energia","de 51 a 100","Dividir o tempo entre entregas técnicas e gestão de pessoas.","1"
"2025","desafio_gestor","Outra Opção","Acima de 3.000","Conseguir processar e armazenar um alto volume de dados.","1"
"2025","desafio_gestor","Finanças ou Bancos","de 11 a 50","Dividir o tempo entre entregas técnicas e gestão de pessoas.","1"
"2025","desafio_gestor","Varejo","de 501 a 1.000","Organizar as informações e garantir a qualidade e confiabilidade.","1"
"2025","desafio_gestor","Telecomunicação","Acima de 3.000","Dividir o tempo entre entregas técnicas e gestão de pessoas.","1"
"2025","desafio_gestor","Outra Opção","de 51 a 100","Dividir o tempo entre entregas técnicas e gestão de pessoas.","1"
"2025","desafio_gestor","Área da Saúde","de 11 a 50","Conseguir gerar valor para as áreas de negócios através de estudos e experimentos.","1"
"2025","desafio_gestor","Telecomunicação","de 101 a 500","em meio ao crescimento da empresa.","1"
"2025","desafio_gestor","Filantropia/ONG's","de 51 a 100","Garantir a manutenção dos projetos e modelos em produção","1"
"2025","desafio_gestor","Setor Alimentício","de 501 a 1.000","Gerenciar a expectativa dos stakeholders em projetos de Inteligência Artificial.","1"
"2025","desafio_gestor","Internet/Ecommerce","de 501 a 1.000","Conseguir gerar valor para as áreas de negócios através de estudos e experimentos.","1"
"2025","desafio_gestor","Educação","de 1 a 5","Conseguir levar inovação para a empresa através dos dados e inteligência artificial.","1"
"2025","desafio_gestor","Área de Consultoria","de 501 a 1.000","Gestão de projetos envolvendo áreas multidisciplinares da empresa.","1"
"2025","desafio_gestor","Varejo","de 101 a 500","Reter talentos.","1"
"2025","desafio_gestor","Filantropia/ONG's","de 101 a 500","Convencer a empresa a aumentar os investimentos na área de dados e inteligência artificial.","1"
"2025","desafio_gestor","Área de Consultoria","de 501 a 1.000","Garantir a manutenção dos projetos e modelos em produção","1"
"2025","desafio_gestor","Indústria","de 6 a 10","Gerenciar a expectativa das áreas de negócio em relação as entregas das equipes de dados.","1"
"2025","desafio_gestor","Internet/Ecommerce","de 501 a 1.000","Conseguir levar inovação para a empresa através dos dados e inteligência artificial.","1"
"2025","desafio_gestor","Seguros ou Previdência","de 101 a 500","Garantir a manutenção dos projetos e modelos em produção","1"
"2025","desafio_gestor","Tecnologia/Fábrica de Software","de 501 a 1.000","Contratar novos talentos.","1"
"2025","desafio_gestor","Tecnologia/Fábrica de Software","de 101 a 500","Garantir retorno do investimento (ROI) em projetos de dados e inteligência artificial.","1"
"2025","desafio_gestor","Internet/Ecommerce","de 501 a 1.000","Gerenciar a expectativa dos stakeholders em projetos de Inteligência Artificial.","1"
"2025","desafio_gestor","Setor Alimentício","de 51 a 100",".","1"
"2025","desafio_gestor","Área da Saúde","Acima de 3.000","Realizar análise de dados e elaborar painéis em Power BI","1"
"2025","desafio_gestor","Área de Consultoria","de 11 a 50","Gerenciar a expectativa dos stakeholders em projetos de Inteligência Artificial.","1"
"2025","desafio_gestor","Agronegócios","Acima de 3.000","Gerenciar a expectativa dos stakeholders em projetos de Inteligência Artificial.","1"
"2025","desafio_gestor","Marketing","de 1 a 5","em meio ao crescimento da empresa.","1"
"2025","desafio_gestor","Tecnologia/Fábrica de Software","de 101 a 500","Conseguir processar e armazenar um alto volume de dados.","1"
"2025","desafio_gestor","Setor Público","de 1.001 a 3.000","Gerenciar a expectativa dos stakeholders em projetos de Inteligência Artificial.","1"
"2025","desafio_gestor","Outra Opção","de 501 a 1.000","Reter talentos.","1"
"2025","desafio_gestor","Internet/Ecommerce","de 1.001 a 3.000","Garantir retorno do investimento (ROI) em projetos de dados e inteligência artificial.","1"
"2025","desafio_gestor","Setor de Energia","de 11 a 50","Gerenciar a expectativa das áreas de negócio em relação as entregas das equipes de dados.","1"
"2025","desafio_gestor","Área de Consultoria","de 6 a 10","Contratar novos talentos.","1"
"2025","desafio_gestor","Outra Opção","de 11 a 50","Organizar as informações e garantir a qualidade e confiabilidade.","1"
"2025","desafio_gestor","Outra Opção","de 1 a 5","Garantir retorno do investimento (ROI) em projetos de dados e inteligência artificial.","1"
"2025","desafio_gestor","Entretenimento ou Esportes","de 51 a 100","Garantir a manutenção dos projetos e modelos em produção","1"
"2025","desafio_gestor","Área de Consultoria","de 51 a 100","Organizar as informações e garantir a qualidade e confiabilidade.","1"
"2025","desafio_gestor","Setor Imobiliário/ Construção Civil","de 11 a 50","Garantir a manutenção dos projetos e modelos em produção","1"
"2025","desafio_gestor","Setor Alimentício","de 101 a 500","Conseguir levar inovação para a empresa através dos dados e inteligência artificial.","1"
"2025","desafio_gestor","Outra Opção","de 11 a 50","Conseguir levar inovação para a empresa através dos dados e inteligência artificial.","1"
"2025","desafio_gestor","Setor Público","de 101 a 500","Contratar novos talentos.","1"
"2025","desafio_gestor","Setor de Energia","de 1.001 a 3.000","Gerenciar a expectativa das áreas de negócio em relação as entregas das equipes de dados.","1"
"2025","desafio_gestor","Educação","de 101 a 500","Reter talentos.","1"
"2025","desafio_gestor","Setor Automotivo","de 51 a 100","Conseguir gerar valor para as áreas de negócios através de estudos e experimentos.","1"
"2025","desafio_gestor","Seguros ou Previdência","de 101 a 500","Gerenciar a expectativa dos stakeholders em projetos de Inteligência Artificial.","1"
"2025","desafio_gestor","Outra Opção","de 11 a 50","Gestão de projetos envolvendo áreas multidisciplinares da empresa.","1"
"2025","desafio_gestor","Indústria","Acima de 3.000","Gestão de equipes no ambiente remoto.","1"
"2025","desafio_gestor","Tecnologia/Fábrica de Software","de 6 a 10","Gerenciar a expectativa dos stakeholders em projetos de Inteligência Artificial.","1"
"2025","desafio_gestor","Área de Consultoria","Acima de 3.000","x","1"
"2025","desafio_gestor","Setor de Energia","de 6 a 10","Organizar as informações e garantir a qualidade e confiabilidade.","1"
"2025","desafio_gestor","Setor de Energia","de 501 a 1.000","Dividir o tempo entre entregas técnicas e gestão de pessoas.","1"
"2025","desafio_gestor","Área de Consultoria","de 11 a 50","Contratar novos talentos.","1"
"2025","desafio_gestor","Tecnologia/Fábrica de Software","de 11 a 50","Contratar novos talentos.","1"
"2025","desafio_gestor","Internet/Ecommerce","de 51 a 100","Gestão de equipes no ambiente remoto.","1"
"2025","desafio_gestor","Entretenimento ou Esportes","de 51 a 100","Gestão de projetos envolvendo áreas multidisciplinares da empresa.","1"
"2025","desafio_gestor","Marketing","de 501 a 1.000","Gerenciar a expectativa das áreas de negócio em relação as entregas das equipes de dados.","1"
"2025","desafio_gestor","Varejo","de 1.001 a 3.000","Conseguir levar inovação para a empresa através dos dados e inteligência artificial.","1"
"2025","desafio_gestor","Telecomunicação","Acima de 3.000","Gestão de projetos envolvendo áreas multidisciplinares da empresa.","1"
"2025","desafio_gestor","Setor Público","de 501 a 1.000","Gestão de projetos envolvendo áreas multidisciplinares da empresa.","1"
"2025","desafio_gestor","Finanças ou Bancos","de 1.001 a 3.000","Gestão de equipes no ambiente remoto.","1"
"2025","desafio_gestor","Outra Opção","de 1.001 a 3.000","Conseguir levar inovação para a empresa através dos dados e inteligência artificial.","1"
"2025","desafio_gestor","Área da Saúde","de 11 a 50","Gerenciar a expectativa das áreas de negócio em relação as entregas das equipes de dados.","1"
"2025","desafio_gestor","Setor Imobiliário/ Construção Civil","de 1 a 5","Dividir o tempo entre entregas técnicas e gestão de pessoas.","1"
"2025","desafio_gestor","Tecnologia/Fábrica de Software","de 51 a 100","Conseguir levar inovação para a empresa através dos dados e inteligência artificial.","1"
"2025","desafio_gestor","Setor Imobiliário/ Construção Civil","Acima de 3.000","Contratar novos talentos.","1"
"2025","desafio_gestor","Área da Saúde","de 51 a 100","Gestão de projetos envolvendo áreas multidisciplinares da empresa.","1"
"2025","desafio_gestor","Área de Consultoria","de 1.001 a 3.000","Organizar as informações e garantir a qualidade e confiabilidade.","1"
"2025","desafio_gestor","Área da Saúde","Acima de 3.000","Conseguir levar inovação para a empresa através dos dados e inteligência artificial.","1"
"2025","desafio_gestor","Setor Alimentício","de 51 a 100","em meio ao crescimento da empresa.","1"
"2025","desafio_gestor","Setor Farmaceutico","Acima de 3.000","Gestão de projetos envolvendo áreas multidisciplinares da empresa.","1"
"2025","desafio_gestor","Outra Opção","de 101 a 500","Desenvolver e manter modelos Machine Learning em produção.","1"
"2025","desafio_gestor","Área de Consultoria","de 51 a 100","Garantir retorno do investimento (ROI) em projetos de dados e inteligência artificial.","1"
"2025","desafio_gestor","Indústria","de 51 a 100","Convencer a empresa a aumentar os investimentos na área de dados e inteligência artificial.","1"
"2025","desafio_gestor","Educação","de 101 a 500","Garantir a manutenção dos projetos e modelos em produção","1"
"2025","desafio_gestor","Internet/Ecommerce","Acima de 3.000","Contratar novos talentos.","1"
"2025","desafio_gestor","Internet/Ecommerce","Acima de 3.000","Garantir retorno do investimento (ROI) em projetos de dados e inteligência artificial.","1"
"2025","desafio_gestor","Outra Opção","Acima de 3.000","Desenvolver e manter modelos Machine Learning em produção.","1"
"2025","desafio_gestor","Tecnologia/Fábrica de Software","de 1 a 5","Garantir a manutenção dos projetos e modelos em produção","1"
"2025","desafio_gestor","Agronegócios","Acima de 3.000","Organizar as informações e garantir a qualidade e confiabilidade.","1"
"2025","desafio_gestor","Setor de Energia","de 6 a 10","Gestão de projetos envolvendo áreas multidisciplinares da empresa.","1"
"2025","desafio_gestor","Tecnologia/Fábrica de Software","de 501 a 1.000","Reter talentos.","1"
"2025","desafio_gestor","Tecnologia/Fábrica de Software","de 1.001 a 3.000","Convencer a empresa a aumentar os investimentos na área de dados e inteligência artificial.","1"
"2025","desafio_gestor","Educação","de 1 a 5","Conseguir processar e armazenar um alto volume de dados.","1"
"2025","desafio_gestor","Outra Opção","de 51 a 100","em meio ao crescimento da empresa.","1"
"2025","desafio_gestor","Área de Consultoria","Acima de 3.000","Conseguir processar e armazenar um alto volume de dados.","1"
"2025","desafio_gestor","Tecnologia/Fábrica de Software","de 6 a 10","Organizar as informações e garantir a qualidade e confiabilidade.","1"
"2025","desafio_gestor","Outra Opção","de 1.001 a 3.000","Gestão de projetos envolvendo áreas multidisciplinares da empresa.","1"
"2025","desafio_gestor","Tecnologia/Fábrica de Software","de 6 a 10","Gestão de projetos envolvendo áreas multidisciplinares da empresa.","1"
"2025","desafio_gestor","Internet/Ecommerce","de 101 a 500","Dividir o tempo entre entregas técnicas e gestão de pessoas.","1"
"2025","desafio_gestor","Marketing","de 11 a 50","N/A","1"
"2025","desafio_gestor","Indústria","de 11 a 50","Conseguir gerar valor para as áreas de negócios através de estudos e experimentos.","1"
"2025","desafio_gestor","Tecnologia/Fábrica de Software","de 6 a 10","Garantir a manutenção dos projetos e modelos em produção","1"
"2025","desafio_gestor","Marketing","de 11 a 50","em meio ao crescimento da empresa.","1"
"2025","desafio_gestor","Área da Saúde","de 101 a 500","Não sou gestor de dados","1"
"2025","desafio_gestor","Indústria","de 51 a 100","Conseguir gerar valor para as áreas de negócios através de estudos e experimentos.","1"
"2025","desafio_gestor","Marketing","de 1 a 5","Conseguir levar inovação para a empresa através dos dados e inteligência artificial.","1"
"2025","desafio_gestor","Outra Opção","de 51 a 100","Garantir a manutenção dos projetos e modelos em produção","1"
"2025","desafio_gestor","Tecnologia/Fábrica de Software","de 51 a 100","Contratar novos talentos.","1"
"2025","desafio_gestor","Setor de Energia","de 501 a 1.000","Convencer a empresa a aumentar os investimentos na área de dados e inteligência artificial.","1"
"2025","desafio_gestor","Setor Automotivo","Acima de 3.000","Conseguir processar e armazenar um alto volume de dados.","1"
"2025","desafio_gestor","Setor Automotivo","de 1.001 a 3.000","Dividir o tempo entre entregas técnicas e gestão de pessoas.","1"
"2025","desafio_gestor","Área de Consultoria","de 501 a 1.000","Conseguir levar inovação para a empresa através dos dados e inteligência artificial.","1"
"2025","desafio_gestor","Setor de Energia","de 1.001 a 3.000","Conseguir levar inovação para a empresa através dos dados e inteligência artificial.","1"
"2025","desafio_gestor","Internet/Ecommerce","de 51 a 100","Dividir o tempo entre entregas técnicas e gestão de pessoas.","1"
"2025","desafio_gestor","Tecnologia/Fábrica de Software","de 6 a 10","Garantir retorno do investimento (ROI) em projetos de dados e inteligência artificial.","1"
"2025","desafio_gestor","Outra Opção","de 1.001 a 3.000","Garantir a manutenção dos projetos e modelos em produção","1"
"2025","desafio_gestor","Setor de Energia","de 51 a 100","Reter talentos.","1"
"2025","desafio_gestor","Setor Alimentício","de 51 a 100","Gestão de equipes no ambiente remoto.","1"
"2025","desafio_gestor","Finanças ou Bancos","de 51 a 100","Conseguir levar inovação para a empresa através dos dados e inteligência artificial.","1"
"2025","desafio_gestor","Finanças ou Bancos","de 6 a 10","Gestão de equipes no ambiente remoto.","1"
"2025","desafio_gestor","Setor Farmaceutico","de 51 a 100","em meio ao crescimento da empresa.","1"
"2025","desafio_gestor","Educação","de 101 a 500","Garantir retorno do investimento (ROI) em projetos de dados e inteligência artificial.","1"
"2025","desafio_gestor","Telecomunicação","de 101 a 500","Gestão de projetos envolvendo áreas multidisciplinares da empresa.","1"
"2025","desafio_gestor","Finanças ou Bancos","de 11 a 50","Reter talentos.","1"
"2025","desafio_gestor","Indústria","de 1.001 a 3.000","Dividir o tempo entre entregas técnicas e gestão de pessoas.","1"
"2025","desafio_gestor","Marketing","de 51 a 100","Gestão de projetos envolvendo áreas multidisciplinares da empresa.","1"
"2025","desafio_gestor","Varejo","Acima de 3.000","Conseguir processar e armazenar um alto volume de dados.","1"
"2025","desafio_gestor","Setor Alimentício","de 1.001 a 3.000","em meio ao crescimento da empresa.","1"
"2025","desafio_gestor","Filantropia/ONG's","de 101 a 500","Dividir o tempo entre entregas técnicas e gestão de pessoas.","1"
"2025","desafio_gestor","Marketing","de 501 a 1.000","Conseguir gerar valor para as áreas de negócios através de estudos e experimentos.","1"
"2025","desafio_gestor","Filantropia/ONG's","de 1.001 a 3.000","Conseguir processar e armazenar um alto volume de dados.","1"
"2025","desafio_gestor","Tecnologia/Fábrica de Software","de 51 a 100","Convencer a empresa a aumentar os investimentos na área de dados e inteligência artificial.","1"
"2025","desafio_gestor","Finanças ou Bancos","de 1 a 5","Gestão de projetos envolvendo áreas multidisciplinares da empresa.","1"
"2025","desafio_gestor","Indústria","de 1.001 a 3.000","Gestão de projetos envolvendo áreas multidisciplinares da empresa.","1"
"2025","desafio_gestor","Internet/Ecommerce","Acima de 3.000","Dividir o tempo entre entregas técnicas e gestão de pessoas.","1"
"2025","desafio_gestor","Filantropia/ONG's","Acima de 3.000","Dividir o tempo entre entregas técnicas e gestão de pessoas.","1"
"2025","desafio_gestor","Educação","de 501 a 1.000","Contratar novos talentos.","1"
"2025","desafio_gestor","Varejo","de 11 a 50","Gestão de equipes no ambiente remoto.","1"
"2025","desafio_gestor","Internet/Ecommerce","de 51 a 100","Conseguir levar inovação para a empresa através dos dados e inteligência artificial.","1"
"2025","desafio_gestor","Internet/Ecommerce","de 1.001 a 3.000","Gerenciar a expectativa das áreas de negócio em relação as entregas das equipes de dados.","1"
"2025","desafio_gestor","Agronegócios","de 101 a 500","Conseguir gerar valor para as áreas de negócios através de estudos e experimentos.","1"
"2025","desafio_gestor","Outra Opção","de 11 a 50","Gerenciar a expectativa das áreas de negócio em relação as entregas das equipes de dados.","1"
"2025","desafio_gestor","Setor Farmaceutico","de 51 a 100","Gerenciar a expectativa dos stakeholders em projetos de Inteligência Artificial.","1"
"2025","desafio_gestor","Outra Opção","de 1.001 a 3.000","em meio ao crescimento da empresa.","1"
"2025","desafio_gestor","Indústria","de 501 a 1.000","Convencer a empresa a aumentar os investimentos na área de dados e inteligência artificial.","1"
"2025","desafio_gestor","Setor Automotivo","Acima de 3.000","Gerenciar a expectativa dos stakeholders em projetos de Inteligência Artificial.","1"
"2025","desafio_gestor","Varejo","de 101 a 500","Organizar as informações e garantir a qualidade e confiabilidade.","1"
"2025","desafio_gestor","Outra Opção","de 1 a 5","Gestão de projetos envolvendo áreas multidisciplinares da empresa.","1"
"2025","desafio_gestor","Educação","de 11 a 50","Conseguir levar inovação para a empresa através dos dados e inteligência artificial.","1"
"2025","desafio_gestor","Setor Farmaceutico","de 101 a 500","Gestão de projetos envolvendo áreas multidisciplinares da empresa.","1"
"2025","desafio_gestor","Seguros ou Previdência","Acima de 3.000","Gerenciar a expectativa das áreas de negócio em relação as entregas das equipes de dados.","1"
"2025","desafio_gestor","Educação","de 51 a 100","Gestão de projetos envolvendo áreas multidisciplinares da empresa.","1"
"2025","desafio_gestor","Setor de Energia","de 1.001 a 3.000","Conseguir gerar valor para as áreas de negócios através de estudos e experimentos.","1"
"2025","desafio_gestor","Finanças ou Bancos","de 51 a 100","Contratar novos talentos.","1"
"2025","desafio_gestor","Tecnologia/Fábrica de Software","de 11 a 50","Desenvolver e manter modelos Machine Learning em produção.","1"
"2025","desafio_gestor","Internet/Ecommerce","de 101 a 500","em meio ao crescimento da empresa.","1"
"2025","desafio_gestor","Tecnologia/Fábrica de Software","de 6 a 10","Gestão de equipes no ambiente remoto.","1"
"2025","desafio_gestor","Educação","de 11 a 50","Conseguir gerar valor para as áreas de negócios através de estudos e experimentos.","1"
"2025","desafio_gestor","Área da Saúde","de 1 a 5","Convencer a empresa a aumentar os investimentos na área de dados e inteligência artificial.","1"
"2025","desafio_gestor","Internet/Ecommerce","de 101 a 500","Convencer a empresa a aumentar os investimentos na área de dados e inteligência artificial.","1"
"2025","desafio_gestor","Varejo","de 501 a 1.000","Gerenciar a expectativa dos stakeholders em projetos de Inteligência Artificial.","1"
"2025","desafio_gestor","Setor Farmaceutico","de 51 a 100","Garantir a manutenção dos projetos e modelos em produção","1"
"2025","desafio_gestor","Educação","de 501 a 1.000","em meio ao crescimento da empresa.","1"
"2025","desafio_gestor","Área de Consultoria","Acima de 3.000","Desenvolver e manter modelos Machine Learning em produção.","1"
"2025","desafio_gestor","Finanças ou Bancos","de 501 a 1.000","Reter talentos.","1"
"2025","desafio_gestor","Seguros ou Previdência","de 101 a 500","Gestão de projetos envolvendo áreas multidisciplinares da empresa.","1"
"2025","desafio_gestor","Finanças ou Bancos","de 51 a 100","Convencer a empresa a aumentar os investimentos na área de dados e inteligência artificial.","1"
"2025","desafio_gestor","Outra Opção","de 1.001 a 3.000","Contratar novos talentos.","1"
"2025","desafio_gestor","Outra Opção","de 1.001 a 3.000","Conseguir processar e armazenar um alto volume de dados.","1"
"2025","desafio_gestor","Educação","de 101 a 500","Gestão de equipes no ambiente remoto.","1"
"2025","desafio_gestor","Outra Opção","de 101 a 500","Convencer a empresa a aumentar os investimentos na área de dados e inteligência artificial.","1"
"2025","desafio_gestor","Setor Farmaceutico","de 51 a 100","Gestão de equipes no ambiente remoto.","1"
"2025","desafio_gestor","Setor Alimentício","Acima de 3.000","Convencer a empresa a aumentar os investimentos na área de dados e inteligência artificial.","1"
"2025","desafio_gestor","Indústria","de 501 a 1.000","Garantir a manutenção dos projetos e modelos em produção","1"
"2025","desafio_gestor","Internet/Ecommerce","de 1.001 a 3.000","Gerenciar a expectativa dos stakeholders em projetos de Inteligência Artificial.","1"
"2025","desafio_gestor","Entretenimento ou Esportes","de 51 a 100","Conseguir levar inovação para a empresa através dos dados e inteligência artificial.","1"
"2025","desafio_gestor","Internet/Ecommerce","de 501 a 1.000","Contratar novos talentos.","1"
"2025","desafio_gestor","Finanças ou Bancos","de 1.001 a 3.000","Conseguir processar e armazenar um alto volume de dados.","1"
"2025","desafio_gestor","Marketing","de 11 a 50","Conseguir gerar valor para as áreas de negócios através de estudos e experimentos.","1"
"2025","desafio_gestor","Agronegócios","de 11 a 50","em meio ao crescimento da empresa.","1"
"2025","desafio_gestor","Agronegócios","de 11 a 50","Gestão de projetos envolvendo áreas multidisciplinares da empresa.","1"
"2025","desafio_gestor","Educação","de 101 a 500","Dividir o tempo entre entregas técnicas e gestão de pessoas.","1"
"2025","desafio_gestor","Varejo","de 501 a 1.000","em meio ao crescimento da empresa.","1"
"2025","desafio_gestor","Varejo","de 501 a 1.000","Garantir a manutenção dos projetos e modelos em produção","1"
"2025","desafio_gestor","Setor Alimentício","Acima de 3.000","Reter talentos.","1"
"2025","desafio_gestor","Indústria","de 101 a 500","Gerenciar a expectativa dos stakeholders em projetos de Inteligência Artificial.","1"
"2025","desafio_gestor","Setor Alimentício","Acima de 3.000","Garantir retorno do investimento (ROI) em projetos de dados e inteligência artificial.","1"
"2025","desafio_gestor","Telecomunicação","de 1 a 5","Organizar as informações e garantir a qualidade e confiabilidade.","1"
"2025","desafio_gestor","Finanças ou Bancos","de 501 a 1.000","Organizar as informações e garantir a qualidade e confiabilidade.","1"
"2025","desafio_gestor","Telecomunicação","Acima de 3.000","Conseguir levar inovação para a empresa através dos dados e inteligência artificial.","1"
"2025","desafio_gestor","Setor Alimentício","de 501 a 1.000","Garantir a manutenção dos projetos e modelos em produção","1"
"2025","desafio_gestor","Indústria","de 6 a 10","Dividir o tempo entre entregas técnicas e gestão de pessoas.","1"
"2025","desafio_gestor","Outra Opção","de 6 a 10","em meio ao crescimento da empresa.","1"
"2025","desafio_gestor","Setor Imobiliário/ Construção Civil","de 51 a 100","Desenvolver e manter modelos Machine Learning em produção.","1"
"2025","desafio_gestor","Agronegócios","de 101 a 500","Gerenciar a expectativa das áreas de negócio em relação as entregas das equipes de dados.","1"
"2025","desafio_gestor","Varejo","de 11 a 50","Garantir a manutenção dos projetos e modelos em produção","1"
"2025","desafio_gestor","Telecomunicação","Acima de 3.000","Gerenciar a expectativa das áreas de negócio em relação as entregas das equipes de dados.","1"
"2025","desafio_gestor","Telecomunicação","de 1 a 5","em meio ao crescimento da empresa.","1"
"2025","desafio_gestor","Finanças ou Bancos","de 11 a 50","Garantir a manutenção dos projetos e modelos em produção","1"
"2025","desafio_gestor","Área de Consultoria","Acima de 3.000","Garantir retorno do investimento (ROI) em projetos de dados e inteligência artificial.","1"
"2025","desafio_gestor","Setor Farmaceutico","de 51 a 100","Gerenciar a expectativa das áreas de negócio em relação as entregas das equipes de dados.","1"
"2025","desafio_gestor","Educação","de 101 a 500","em meio ao crescimento da empresa.","1"
"2025","desafio_gestor","Tecnologia/Fábrica de Software","de 6 a 10","Convencer a empresa a aumentar os investimentos na área de dados e inteligência artificial.","1"
"2025","desafio_gestor","Internet/Ecommerce","Acima de 3.000","Reter talentos.","1"
"2025","desafio_gestor","Área de Consultoria","de 51 a 100","Dividir o tempo entre entregas técnicas e gestão de pessoas.","1"
"2025","desafio_gestor","Setor Alimentício","de 51 a 100","Garantir a manutenção dos projetos e modelos em produção","1"
"2025","desafio_gestor","Setor Farmaceutico","Acima de 3.000","Garantir retorno do investimento (ROI) em projetos de dados e inteligência artificial.","1"
"2025","desafio_gestor","Entretenimento ou Esportes","de 101 a 500","Garantir retorno do investimento (ROI) em projetos de dados e inteligência artificial.","1"
"2025","desafio_gestor","Educação","de 1.001 a 3.000","Gerenciar a expectativa dos stakeholders em projetos de Inteligência Artificial.","1"
"2025","desafio_gestor","Educação","de 1 a 5","Gerenciar a expectativa dos stakeholders em projetos de Inteligência Artificial.","1"
"2025","desafio_gestor","Filantropia/ONG's","de 1.001 a 3.000","Gestão de projetos envolvendo áreas multidisciplinares da empresa.","1"
"2025","desafio_gestor","Filantropia/ONG's","de 101 a 500","Contratar novos talentos.","1"
"2025","desafio_gestor","Área da Saúde","de 1 a 5","Conseguir gerar valor para as áreas de negócios através de estudos e experimentos.","1"
"2025","desafio_gestor","Área da Saúde","de 101 a 500","Convencer a empresa a aumentar os investimentos na área de dados e inteligência artificial.","1"
"2025","desafio_gestor","Indústria","de 51 a 100","Conseguir levar inovação para a empresa através dos dados e inteligência artificial.","1"
"2025","desafio_gestor","Filantropia/ONG's","de 1.001 a 3.000","Gerenciar a expectativa das áreas de negócio em relação as entregas das equipes de dados.","1"
"2025","desafio_gestor","Varejo","de 1 a 5","Contratar novos talentos.","1"
"2025","desafio_gestor","Seguros ou Previdência","de 51 a 100","Organizar as informações e garantir a qualidade e confiabilidade.","1"
"2025","desafio_gestor","Setor Imobiliário/ Construção Civil","de 11 a 50","em meio ao crescimento da empresa.","1"
"2025","desafio_gestor","Setor Alimentício","de 1.001 a 3.000","Gerenciar a expectativa das áreas de negócio em relação as entregas das equipes de dados.","1"
"2025","desafio_gestor","Outra Opção","de 1.001 a 3.000","Conseguir gerar valor para as áreas de negócios através de estudos e experimentos.","1"
"2025","desafio_gestor","Marketing","de 51 a 100","Reter talentos.","1"
"2025","desafio_gestor","Marketing","de 1 a 5","Gestão de projetos envolvendo áreas multidisciplinares da empresa.","1"
"2025","desafio_gestor","Varejo","de 1.001 a 3.000","Gestão de projetos envolvendo áreas multidisciplinares da empresa.","1"
"2025","desafio_gestor","Setor de Energia","Acima de 3.000","Gestão de equipes no ambiente remoto.","1"
"2025","desafio_gestor","Área da Saúde","de 1.001 a 3.000","Gerenciar a expectativa das áreas de negócio em relação as entregas das equipes de dados.","1"
"2025","desafio_gestor","Varejo","de 1 a 5","Convencer a empresa a aumentar os investimentos na área de dados e inteligência artificial.","1"
"2025","desafio_gestor","Finanças ou Bancos","de 51 a 100","Gerenciar a expectativa das áreas de negócio em relação as entregas das equipes de dados.","1"
"2025","desafio_gestor","Educação","de 101 a 500","Gerenciar a expectativa das áreas de negócio em relação as entregas das equipes de dados.","1"
"2025","desafio_gestor","Indústria","de 501 a 1.000","Contratar novos talentos.","1"
"2025","desafio_gestor","Área de Consultoria","de 6 a 10","Gestão de projetos envolvendo áreas multidisciplinares da empresa.","1"
"2025","desafio_gestor","Telecomunicação","de 51 a 100","em meio ao crescimento da empresa.","1"
"2025","desafio_gestor","Educação","de 1 a 5","Dividir o tempo entre entregas técnicas e gestão de pessoas.","1"
"2025","desafio_gestor","Área de Consultoria","de 51 a 100","Conseguir levar inovação para a empresa através dos dados e inteligência artificial.","1"
"2025","desafio_gestor","Entretenimento ou Esportes","de 101 a 500","Dividir o tempo entre entregas técnicas e gestão de pessoas.","1"
"2025","desafio_gestor","Indústria","de 101 a 500","Conseguir gerar valor para as áreas de negócios através de estudos e experimentos.","1"
"2025","desafio_gestor","Finanças ou Bancos","de 11 a 50","Gestão de equipes no ambiente remoto.","1"
"2025","desafio_gestor","Telecomunicação","de 51 a 100","Garantir a manutenção dos projetos e modelos em produção","1"
"2025","desafio_gestor","Setor de Energia","Acima de 3.000","Convencer a empresa a aumentar os investimentos na área de dados e inteligência artificial.","1"
"2025","motivo_nao_uso_ia","Finanças ou Bancos","Acima de 3.000","Retorno sobre investimento (ROI) não comprovado de IA Generativa.","19"
"2025","motivo_nao_uso_ia","Finanças ou Bancos","Acima de 3.000","Preocupações com segurança e privacidade de dados.","15"
"2025","motivo_nao_uso_ia","Finanças ou Bancos","Acima de 3.000","Falta de expertise das equipes técnicas ou falta de recursos internos.","14"
"2025","motivo_nao_uso_ia","Indústria","Acima de 3.000","Retorno sobre investimento (ROI) não comprovado de IA Generativa.","13"
"2025","motivo_nao_uso_ia","Finanças ou Bancos","Acima de 3.000","Dados da empresa não estão prontos para uso de IA Generativa.","13"
"2025","motivo_nao_uso_ia","Tecnologia/Fábrica de Software","de 101 a 500","Dados da empresa não estão prontos para uso de IA Generativa.","12"
"2025","motivo_nao_uso_ia","Indústria","Acima de 3.000","Preocupações com segurança e privacidade de dados.","11"
"2025","motivo_nao_uso_ia","Finanças ou Bancos","Acima de 3.000","Falta de compreensão dos casos de uso.","11"
"2025","motivo_nao_uso_ia","Tecnologia/Fábrica de Software","de 11 a 50","Falta de expertise das equipes técnicas ou falta de recursos internos.","10"
"2025","motivo_nao_uso_ia","Varejo","Acima de 3.000","Falta de compreensão dos casos de uso.","10"
"2025","motivo_nao_uso_ia","Indústria","Acima de 3.000","Falta de compreensão dos casos de uso.","9"
"2025","motivo_nao_uso_ia","Indústria","Acima de 3.000","Dados da empresa não estão prontos para uso de IA Generativa.","9"
"2025","motivo_nao_uso_ia","Varejo","Acima de 3.000","Retorno sobre investimento (ROI) não comprovado de IA Generativa.","9"
"2025","motivo_nao_uso_ia","Tecnologia/Fábrica de Software","de 11 a 50","Preocupações com segurança e privacidade de dados.","8"
"2025","motivo_nao_uso_ia","Tecnologia/Fábrica de Software","de 101 a 500","Falta de compreensão dos casos de uso.","8"
"2025","motivo_nao_uso_ia","Varejo","Acima de 3.000","Falta de expertise das equipes técnicas ou falta de recursos internos.","8"
"2025","motivo_nao_uso_ia","Tecnologia/Fábrica de Software","Acima de 3.000","Falta de compreensão dos casos de uso.","8"
"2025","motivo_nao_uso_ia","Tecnologia/Fábrica de Software","de 51 a 100","Falta de expertise das equipes técnicas ou falta de recursos internos.","8"
"2025","motivo_nao_uso_ia","Tecnologia/Fábrica de Software","de 101 a 500","Falta de expertise das equipes técnicas ou falta de recursos internos.","8"
"2025","motivo_nao_uso_ia","Varejo","Acima de 3.000","Dados da empresa não estão prontos para uso de IA Generativa.","7"
"2025","motivo_nao_uso_ia","Finanças ou Bancos","Acima de 3.000","Baixa qualidade e/ou falta de confiabilidade das saídas (alucinação dos modelos).","7"
"2025","motivo_nao_uso_ia","Tecnologia/Fábrica de Software","Acima de 3.000","Preocupações com segurança e privacidade de dados.","7"
"2025","motivo_nao_uso_ia","Finanças ou Bancos","de 501 a 1.000","Falta de expertise das equipes técnicas ou falta de recursos internos.","7"
"2025","motivo_nao_uso_ia","Tecnologia/Fábrica de Software","de 51 a 100","Preocupações com segurança e privacidade de dados.","7"
"2025","motivo_nao_uso_ia","Tecnologia/Fábrica de Software","de 11 a 50","Dados da empresa não estão prontos para uso de IA Generativa.","7"
"2025","motivo_nao_uso_ia","Tecnologia/Fábrica de Software","de 11 a 50","Retorno sobre investimento (ROI) não comprovado de IA Generativa.","7"
"2025","motivo_nao_uso_ia","Indústria","Acima de 3.000","Falta de expertise das equipes técnicas ou falta de recursos internos.","7"
"2025","motivo_nao_uso_ia","Finanças ou Bancos","de 501 a 1.000","Dados da empresa não estão prontos para uso de IA Generativa.","7"
"2025","motivo_nao_uso_ia","Tecnologia/Fábrica de Software","de 51 a 100","Retorno sobre investimento (ROI) não comprovado de IA Generativa.","6"
"2025","motivo_nao_uso_ia","Finanças ou Bancos","Acima de 3.000","Incerteza em relação a regulamentação ou questões regulatórias.","6"
"2025","motivo_nao_uso_ia","Área de Consultoria","Acima de 3.000","Preocupações com segurança e privacidade de dados.","6"
"2025","motivo_nao_uso_ia","Tecnologia/Fábrica de Software","Acima de 3.000","Retorno sobre investimento (ROI) não comprovado de IA Generativa.","6"
"2025","motivo_nao_uso_ia","Outra Opção","Acima de 3.000","Dados da empresa não estão prontos para uso de IA Generativa.","6"
"2025","motivo_nao_uso_ia","Tecnologia/Fábrica de Software","Acima de 3.000","Falta de expertise das equipes técnicas ou falta de recursos internos.","6"
"2025","motivo_nao_uso_ia","Área de Consultoria","de 11 a 50","Dados da empresa não estão prontos para uso de IA Generativa.","6"
"2025","motivo_nao_uso_ia","Tecnologia/Fábrica de Software","de 51 a 100","Falta de compreensão dos casos de uso.","6"
"2025","motivo_nao_uso_ia","Área de Consultoria","de 11 a 50","Falta de expertise das equipes técnicas ou falta de recursos internos.","6"
"2025","motivo_nao_uso_ia","Tecnologia/Fábrica de Software","de 101 a 500","Retorno sobre investimento (ROI) não comprovado de IA Generativa.","6"
"2025","motivo_nao_uso_ia","Área de Consultoria","de 1 a 5","Falta de expertise das equipes técnicas ou falta de recursos internos.","6"
"2025","motivo_nao_uso_ia","Área de Consultoria","Acima de 3.000","Falta de compreensão dos casos de uso.","5"
"2025","motivo_nao_uso_ia","Finanças ou Bancos","de 101 a 500","Falta de compreensão dos casos de uso.","5"
"2025","motivo_nao_uso_ia","Área de Consultoria","de 11 a 50","Baixa qualidade e/ou falta de confiabilidade das saídas (alucinação dos modelos).","5"
"2025","motivo_nao_uso_ia","Tecnologia/Fábrica de Software","de 1.001 a 3.000","Falta de expertise das equipes técnicas ou falta de recursos internos.","5"
"2025","motivo_nao_uso_ia","Indústria","Acima de 3.000","Preocupações com propriedade intelectual (ou seja","5"
"2025","motivo_nao_uso_ia","Tecnologia/Fábrica de Software","de 1.001 a 3.000","Dados da empresa não estão prontos para uso de IA Generativa.","5"
"2025","motivo_nao_uso_ia","Varejo","de 101 a 500","Falta de compreensão dos casos de uso.","5"
"2025","motivo_nao_uso_ia","Indústria","de 501 a 1.000","Falta de expertise das equipes técnicas ou falta de recursos internos.","5"
"2025","motivo_nao_uso_ia","Finanças ou Bancos","de 501 a 1.000","Falta de compreensão dos casos de uso.","5"
"2025","motivo_nao_uso_ia","Indústria","Acima de 3.000","tipo de dados usados para treinar um modelo de terceiros).","5"
"2025","motivo_nao_uso_ia","Outra Opção","de 101 a 500","Falta de compreensão dos casos de uso.","5"
"2025","motivo_nao_uso_ia","Tecnologia/Fábrica de Software","de 51 a 100","Baixa qualidade e/ou falta de confiabilidade das saídas (alucinação dos modelos).","5"
"2025","motivo_nao_uso_ia","Indústria","Acima de 3.000","Baixa qualidade e/ou falta de confiabilidade das saídas (alucinação dos modelos).","5"
"2025","motivo_nao_uso_ia","Outra Opção","Acima de 3.000","Falta de expertise das equipes técnicas ou falta de recursos internos.","5"
"2025","motivo_nao_uso_ia","Outra Opção","de 101 a 500","Dados da empresa não estão prontos para uso de IA Generativa.","5"
"2025","motivo_nao_uso_ia","Área de Consultoria","de 101 a 500","Falta de expertise das equipes técnicas ou falta de recursos internos.","5"
"2025","motivo_nao_uso_ia","Área de Consultoria","de 1 a 5","Retorno sobre investimento (ROI) não comprovado de IA Generativa.","5"
"2025","motivo_nao_uso_ia","Setor Público","de 1.001 a 3.000","Preocupações com segurança e privacidade de dados.","4"
"2025","motivo_nao_uso_ia","Tecnologia/Fábrica de Software","de 51 a 100","Preocupações com propriedade intelectual (ou seja","4"
"2025","motivo_nao_uso_ia","Setor Automotivo","Acima de 3.000","Retorno sobre investimento (ROI) não comprovado de IA Generativa.","4"
"2025","motivo_nao_uso_ia","Agronegócios","Acima de 3.000","Falta de compreensão dos casos de uso.","4"
"2025","motivo_nao_uso_ia","Finanças ou Bancos","de 101 a 500","Falta de expertise das equipes técnicas ou falta de recursos internos.","4"
"2025","motivo_nao_uso_ia","Tecnologia/Fábrica de Software","de 51 a 100","tipo de dados usados para treinar um modelo de terceiros).","4"
"2025","motivo_nao_uso_ia","Área da Saúde","Acima de 3.000","Falta de compreensão dos casos de uso.","4"
"2025","motivo_nao_uso_ia","Setor Público","Acima de 3.000","Falta de expertise das equipes técnicas ou falta de recursos internos.","4"
"2025","motivo_nao_uso_ia","Área de Consultoria","de 101 a 500","Dados da empresa não estão prontos para uso de IA Generativa.","4"
"2025","motivo_nao_uso_ia","Outra Opção","Acima de 3.000","Preocupações com propriedade intelectual (ou seja","4"
"2025","motivo_nao_uso_ia","Tecnologia/Fábrica de Software","de 501 a 1.000","Dados da empresa não estão prontos para uso de IA Generativa.","4"
"2025","motivo_nao_uso_ia","Tecnologia/Fábrica de Software","de 11 a 50","Baixa qualidade e/ou falta de confiabilidade das saídas (alucinação dos modelos).","4"
"2025","motivo_nao_uso_ia","Setor Público","Acima de 3.000","Falta de compreensão dos casos de uso.","4"
"2025","motivo_nao_uso_ia","Área de Consultoria","Acima de 3.000","Incerteza em relação a regulamentação ou questões regulatórias.","4"
"2025","motivo_nao_uso_ia","Finanças ou Bancos","de 1.001 a 3.000","Incerteza em relação a regulamentação ou questões regulatórias.","4"
"2025","motivo_nao_uso_ia","Área de Consultoria","de 1 a 5","Preocupações com segurança e privacidade de dados.","4"
"2025","motivo_nao_uso_ia","Área de Consultoria","Acima de 3.000","Falta de expertise das equipes técnicas ou falta de recursos internos.","4"
"2025","motivo_nao_uso_ia","Outra Opção","de 101 a 500","Falta de expertise das equipes técnicas ou falta de recursos internos.","4"
"2025","motivo_nao_uso_ia","Varejo","Acima de 3.000","Preocupações com segurança e privacidade de dados.","4"
"2025","motivo_nao_uso_ia","Tecnologia/Fábrica de Software","de 11 a 50","Falta de compreensão dos casos de uso.","4"
"2025","motivo_nao_uso_ia","Área da Saúde","de 101 a 500","Falta de expertise das equipes técnicas ou falta de recursos internos.","4"
"2025","motivo_nao_uso_ia","Tecnologia/Fábrica de Software","Acima de 3.000","tipo de dados usados para treinar um modelo de terceiros).","4"
"2025","motivo_nao_uso_ia","Área da Saúde","Acima de 3.000","Preocupações com segurança e privacidade de dados.","4"
"2025","motivo_nao_uso_ia","Tecnologia/Fábrica de Software","Acima de 3.000","Preocupações com propriedade intelectual (ou seja","4"
"2025","motivo_nao_uso_ia","Finanças ou Bancos","de 1.001 a 3.000","Dados da empresa não estão prontos para uso de IA Generativa.","4"
"2025","motivo_nao_uso_ia","Finanças ou Bancos","de 501 a 1.000","Preocupações com segurança e privacidade de dados.","4"
"2025","motivo_nao_uso_ia","Outra Opção","Acima de 3.000","tipo de dados usados para treinar um modelo de terceiros).","4"
"2025","motivo_nao_uso_ia","Área de Consultoria","de 101 a 500","Retorno sobre investimento (ROI) não comprovado de IA Generativa.","4"
"2025","motivo_nao_uso_ia","Área de Consultoria","de 11 a 50","Preocupações com segurança e privacidade de dados.","4"
"2025","motivo_nao_uso_ia","Marketing","de 101 a 500","Falta de compreensão dos casos de uso.","4"
"2025","motivo_nao_uso_ia","Varejo","Acima de 3.000","Baixa qualidade e/ou falta de confiabilidade das saídas (alucinação dos modelos).","4"
"2025","motivo_nao_uso_ia","Varejo","de 101 a 500","Falta de expertise das equipes técnicas ou falta de recursos internos.","4"
"2025","motivo_nao_uso_ia","Setor Público","Acima de 3.000","Dados da empresa não estão prontos para uso de IA Generativa.","4"
"2025","motivo_nao_uso_ia","Varejo","de 101 a 500","Dados da empresa não estão prontos para uso de IA Generativa.","4"
"2025","motivo_nao_uso_ia","Área da Saúde","Acima de 3.000","Dados da empresa não estão prontos para uso de IA Generativa.","4"
"2025","motivo_nao_uso_ia","Tecnologia/Fábrica de Software","de 1.001 a 3.000","Retorno sobre investimento (ROI) não comprovado de IA Generativa.","4"
"2025","motivo_nao_uso_ia","Outra Opção","de 501 a 1.000","Dados da empresa não estão prontos para uso de IA Generativa.","4"
"2025","motivo_nao_uso_ia","Área da Saúde","de 1.001 a 3.000","Preocupações com segurança e privacidade de dados.","4"
"2025","motivo_nao_uso_ia","Setor Alimentício","Acima de 3.000","Preocupações com segurança e privacidade de dados.","4"
"2025","motivo_nao_uso_ia","Finanças ou Bancos","de 501 a 1.000","Retorno sobre investimento (ROI) não comprovado de IA Generativa.","3"
"2025","motivo_nao_uso_ia","Outra Opção","Acima de 3.000","Alta direção da empresa não vê valor ou não vê esse tipo de iniciativa como prioridade.","3"
"2025","motivo_nao_uso_ia","Finanças ou Bancos","de 501 a 1.000","tipo de dados usados para treinar um modelo de terceiros).","3"
"2025","motivo_nao_uso_ia","Finanças ou Bancos","de 501 a 1.000","Preocupações com propriedade intelectual (ou seja","3"
"2025","motivo_nao_uso_ia","Área da Saúde","de 1.001 a 3.000","Falta de compreensão dos casos de uso.","3"
"2025","motivo_nao_uso_ia","Setor Alimentício","Acima de 3.000","Falta de expertise das equipes técnicas ou falta de recursos internos.","3"
"2025","motivo_nao_uso_ia","Setor Público","Acima de 3.000","Preocupações com segurança e privacidade de dados.","3"
"2025","motivo_nao_uso_ia","Seguros ou Previdência","de 101 a 500","Falta de compreensão dos casos de uso.","3"
"2025","motivo_nao_uso_ia","Finanças ou Bancos","de 501 a 1.000","Alta direção da empresa não vê valor ou não vê esse tipo de iniciativa como prioridade.","3"
"2025","motivo_nao_uso_ia","Indústria","de 51 a 100","Falta de expertise das equipes técnicas ou falta de recursos internos.","3"
"2025","motivo_nao_uso_ia","Internet/Ecommerce","Acima de 3.000","Falta de compreensão dos casos de uso.","3"
"2025","motivo_nao_uso_ia","Marketing","de 1 a 5","Retorno sobre investimento (ROI) não comprovado de IA Generativa.","3"
"2025","motivo_nao_uso_ia","Finanças ou Bancos","de 101 a 500","Baixa qualidade e/ou falta de confiabilidade das saídas (alucinação dos modelos).","3"
"2025","motivo_nao_uso_ia","Indústria","de 501 a 1.000","Dados da empresa não estão prontos para uso de IA Generativa.","3"
"2025","motivo_nao_uso_ia","Outra Opção","de 1.001 a 3.000","Falta de compreensão dos casos de uso.","3"
"2025","motivo_nao_uso_ia","Tecnologia/Fábrica de Software","de 501 a 1.000","Falta de expertise das equipes técnicas ou falta de recursos internos.","3"
"2025","motivo_nao_uso_ia","Finanças ou Bancos","de 1.001 a 3.000","Falta de compreensão dos casos de uso.","3"
"2025","motivo_nao_uso_ia","Outra Opção","de 1.001 a 3.000","Dados da empresa não estão prontos para uso de IA Generativa.","3"
"2025","motivo_nao_uso_ia","Indústria","de 101 a 500","Falta de expertise das equipes técnicas ou falta de recursos internos.","3"
"2025","motivo_nao_uso_ia","Finanças ou Bancos","de 101 a 500","Dados da empresa não estão prontos para uso de IA Generativa.","3"
"2025","motivo_nao_uso_ia","Tecnologia/Fábrica de Software","de 501 a 1.000","Falta de compreensão dos casos de uso.","3"
"2025","motivo_nao_uso_ia","Tecnologia/Fábrica de Software","Acima de 3.000","Dados da empresa não estão prontos para uso de IA Generativa.","3"
"2025","motivo_nao_uso_ia","Outra Opção","de 1.001 a 3.000","Retorno sobre investimento (ROI) não comprovado de IA Generativa.","3"
"2025","motivo_nao_uso_ia","Filantropia/ONG's","de 101 a 500","Falta de compreensão dos casos de uso.","3"
"2025","motivo_nao_uso_ia","Outra Opção","de 101 a 500","Retorno sobre investimento (ROI) não comprovado de IA Generativa.","3"
"2025","motivo_nao_uso_ia","Área de Consultoria","Acima de 3.000","Retorno sobre investimento (ROI) não comprovado de IA Generativa.","3"
"2025","motivo_nao_uso_ia","Educação","Acima de 3.000","Dados da empresa não estão prontos para uso de IA Generativa.","3"
"2025","motivo_nao_uso_ia","Tecnologia/Fábrica de Software","Acima de 3.000","Incerteza em relação a regulamentação ou questões regulatórias.","3"
"2025","motivo_nao_uso_ia","Indústria","de 501 a 1.000","Baixa qualidade e/ou falta de confiabilidade das saídas (alucinação dos modelos).","3"
"2025","motivo_nao_uso_ia","Setor Público","de 1.001 a 3.000","Incerteza em relação a regulamentação ou questões regulatórias.","3"
"2025","motivo_nao_uso_ia","Marketing","de 51 a 100","Retorno sobre investimento (ROI) não comprovado de IA Generativa.","3"
"2025","motivo_nao_uso_ia","Área de Consultoria","de 1 a 5","Falta de compreensão dos casos de uso.","3"
"2025","motivo_nao_uso_ia","Educação","Acima de 3.000","Preocupações com segurança e privacidade de dados.","3"
"2025","motivo_nao_uso_ia","Setor de Energia","Acima de 3.000","Falta de expertise das equipes técnicas ou falta de recursos internos.","3"
"2025","motivo_nao_uso_ia","Outra Opção","Acima de 3.000","Preocupações com segurança e privacidade de dados.","3"
"2025","motivo_nao_uso_ia","Área da Saúde","Acima de 3.000","Baixa qualidade e/ou falta de confiabilidade das saídas (alucinação dos modelos).","3"
"2025","motivo_nao_uso_ia","Tecnologia/Fábrica de Software","de 51 a 100","Dados da empresa não estão prontos para uso de IA Generativa.","3"
"2025","motivo_nao_uso_ia","Internet/Ecommerce","de 101 a 500","Dados da empresa não estão prontos para uso de IA Generativa.","3"
"2025","motivo_nao_uso_ia","Finanças ou Bancos","de 1.001 a 3.000","Falta de expertise das equipes técnicas ou falta de recursos internos.","3"
"2025","motivo_nao_uso_ia","Outra Opção","de 11 a 50","Falta de expertise das equipes técnicas ou falta de recursos internos.","3"
"2025","motivo_nao_uso_ia","Indústria","de 51 a 100","Dados da empresa não estão prontos para uso de IA Generativa.","3"
"2025","motivo_nao_uso_ia","Tecnologia/Fábrica de Software","de 1.001 a 3.000","Preocupações com segurança e privacidade de dados.","3"
"2025","motivo_nao_uso_ia","Setor Alimentício","Acima de 3.000","Dados da empresa não estão prontos para uso de IA Generativa.","3"
"2025","motivo_nao_uso_ia","Educação","Acima de 3.000","Retorno sobre investimento (ROI) não comprovado de IA Generativa.","3"
"2025","motivo_nao_uso_ia","Marketing","de 1 a 5","Falta de expertise das equipes técnicas ou falta de recursos internos.","3"
"2025","motivo_nao_uso_ia","Marketing","de 51 a 100","Baixa qualidade e/ou falta de confiabilidade das saídas (alucinação dos modelos).","3"
"2025","motivo_nao_uso_ia","Setor Automotivo","Acima de 3.000","Dados da empresa não estão prontos para uso de IA Generativa.","3"
"2025","motivo_nao_uso_ia","Tecnologia/Fábrica de Software","Acima de 3.000","Baixa qualidade e/ou falta de confiabilidade das saídas (alucinação dos modelos).","3"
"2025","motivo_nao_uso_ia","Outra Opção","Acima de 3.000","Falta de compreensão dos casos de uso.","3"
"2025","motivo_nao_uso_ia","Tecnologia/Fábrica de Software","de 501 a 1.000","Preocupações com segurança e privacidade de dados.","3"
"2025","motivo_nao_uso_ia","Setor Imobiliário/ Construção Civil","de 11 a 50","Falta de expertise das equipes técnicas ou falta de recursos internos.","3"
"2025","motivo_nao_uso_ia","Indústria","de 11 a 50","Falta de compreensão dos casos de uso.","3"
"2025","motivo_nao_uso_ia","Área de Consultoria","de 51 a 100","Preocupações com segurança e privacidade de dados.","3"
"2025","motivo_nao_uso_ia","Marketing","de 101 a 500","Dados da empresa não estão prontos para uso de IA Generativa.","3"
"2025","motivo_nao_uso_ia","Setor Público","de 101 a 500","Falta de expertise das equipes técnicas ou falta de recursos internos.","3"
"2025","motivo_nao_uso_ia","Marketing","de 101 a 500","Retorno sobre investimento (ROI) não comprovado de IA Generativa.","3"
"2025","motivo_nao_uso_ia","Indústria","de 501 a 1.000","Falta de compreensão dos casos de uso.","2"
"2025","motivo_nao_uso_ia","Setor Público","de 101 a 500","Dados da empresa não estão prontos para uso de IA Generativa.","2"
"2025","motivo_nao_uso_ia","Área da Saúde","de 101 a 500","Dados da empresa não estão prontos para uso de IA Generativa.","2"
"2025","motivo_nao_uso_ia","Setor de Energia","de 51 a 100","Falta de compreensão dos casos de uso.","2"
"2025","motivo_nao_uso_ia","Educação","Acima de 3.000","tipo de dados usados para treinar um modelo de terceiros).","2"
"2025","motivo_nao_uso_ia","Telecomunicação","de 101 a 500","Falta de expertise das equipes técnicas ou falta de recursos internos.","2"
"2025","motivo_nao_uso_ia","Telecomunicação","Acima de 3.000","Dados da empresa não estão prontos para uso de IA Generativa.","2"
"2025","motivo_nao_uso_ia","Internet/Ecommerce","Acima de 3.000","Preocupações com segurança e privacidade de dados.","2"
"2025","motivo_nao_uso_ia","Setor Público","de 1.001 a 3.000","Falta de expertise das equipes técnicas ou falta de recursos internos.","2"
"2025","motivo_nao_uso_ia","Finanças ou Bancos","Acima de 3.000","Alta direção da empresa não vê valor ou não vê esse tipo de iniciativa como prioridade.","2"
"2025","motivo_nao_uso_ia","Setor Imobiliário/ Construção Civil","de 11 a 50","Falta de compreensão dos casos de uso.","2"
"2025","motivo_nao_uso_ia","Setor Alimentício","Acima de 3.000","Falta de compreensão dos casos de uso.","2"
"2025","motivo_nao_uso_ia","Setor Alimentício","de 501 a 1.000","Falta de compreensão dos casos de uso.","2"
"2025","motivo_nao_uso_ia","Internet/Ecommerce","Acima de 3.000","Falta de expertise das equipes técnicas ou falta de recursos internos.","2"
"2025","motivo_nao_uso_ia","Tecnologia/Fábrica de Software","de 501 a 1.000","Incerteza em relação a regulamentação ou questões regulatórias.","2"
"2025","motivo_nao_uso_ia","Finanças ou Bancos","de 1.001 a 3.000","Preocupações com segurança e privacidade de dados.","2"
"2025","motivo_nao_uso_ia","Setor Automotivo","de 1.001 a 3.000","Falta de expertise das equipes técnicas ou falta de recursos internos.","2"
"2025","motivo_nao_uso_ia","Outra Opção","Acima de 3.000","Retorno sobre investimento (ROI) não comprovado de IA Generativa.","2"
"2025","motivo_nao_uso_ia","Agronegócios","de 11 a 50","Falta de expertise das equipes técnicas ou falta de recursos internos.","2"
"2025","motivo_nao_uso_ia","Setor Automotivo","Acima de 3.000","tipo de dados usados para treinar um modelo de terceiros).","2"
"2025","motivo_nao_uso_ia","Área de Consultoria","de 11 a 50","Preocupações com propriedade intelectual (ou seja","2"
"2025","motivo_nao_uso_ia","Educação","Acima de 3.000","Falta de expertise das equipes técnicas ou falta de recursos internos.","2"
"2025","motivo_nao_uso_ia","Filantropia/ONG's","de 101 a 500","Falta de expertise das equipes técnicas ou falta de recursos internos.","2"
"2025","motivo_nao_uso_ia","Outra Opção","de 501 a 1.000","Falta de compreensão dos casos de uso.","2"
"2025","motivo_nao_uso_ia","Tecnologia/Fábrica de Software","de 1.001 a 3.000","Incerteza em relação a regulamentação ou questões regulatórias.","2"
"2025","motivo_nao_uso_ia","Telecomunicação","de 101 a 500","Dados da empresa não estão prontos para uso de IA Generativa.","2"
"2025","motivo_nao_uso_ia","Área da Saúde","de 51 a 100","Falta de expertise das equipes técnicas ou falta de recursos internos.","2"
"2025","motivo_nao_uso_ia","Área de Consultoria","Acima de 3.000","Preocupações com propriedade intelectual (ou seja","2"
"2025","motivo_nao_uso_ia","Setor Público","Acima de 3.000","Incerteza em relação a regulamentação ou questões regulatórias.","2"
"2025","motivo_nao_uso_ia","Agronegócios","Acima de 3.000","Falta de expertise das equipes técnicas ou falta de recursos internos.","2"
"2025","motivo_nao_uso_ia","Setor de Energia","de 501 a 1.000","Retorno sobre investimento (ROI) não comprovado de IA Generativa.","2"
"2025","motivo_nao_uso_ia","Setor Imobiliário/ Construção Civil","Acima de 3.000","Falta de expertise das equipes técnicas ou falta de recursos internos.","2"
"2025","motivo_nao_uso_ia","Varejo","de 1.001 a 3.000","Dados da empresa não estão prontos para uso de IA Generativa.","2"
"2025","motivo_nao_uso_ia","Área da Saúde","de 501 a 1.000","Dados da empresa não estão prontos para uso de IA Generativa.","2"
"2025","motivo_nao_uso_ia","Área de Consultoria","Acima de 3.000","tipo de dados usados para treinar um modelo de terceiros).","2"
"2025","motivo_nao_uso_ia","Setor Automotivo","Acima de 3.000","Preocupações com propriedade intelectual (ou seja","2"
"2025","motivo_nao_uso_ia","Varejo","Acima de 3.000","Incerteza em relação a regulamentação ou questões regulatórias.","2"
"2025","motivo_nao_uso_ia","Área de Consultoria","de 1 a 5","tipo de dados usados para treinar um modelo de terceiros).","2"
"2025","motivo_nao_uso_ia","Área de Consultoria","de 501 a 1.000","Preocupações com segurança e privacidade de dados.","2"
"2025","motivo_nao_uso_ia","Varejo","de 11 a 50","Dados da empresa não estão prontos para uso de IA Generativa.","2"
"2025","motivo_nao_uso_ia","Setor Automotivo","Acima de 3.000","Preocupações com segurança e privacidade de dados.","2"
"2025","motivo_nao_uso_ia","Indústria","de 11 a 50","Dados da empresa não estão prontos para uso de IA Generativa.","2"
"2025","motivo_nao_uso_ia","Outra Opção","de 101 a 500","Alta direção da empresa não vê valor ou não vê esse tipo de iniciativa como prioridade.","2"
"2025","motivo_nao_uso_ia","Educação","Acima de 3.000","Falta de compreensão dos casos de uso.","2"
"2025","motivo_nao_uso_ia","Setor Automotivo","de 1.001 a 3.000","Falta de compreensão dos casos de uso.","2"
"2025","motivo_nao_uso_ia","Educação","de 11 a 50","Dados da empresa não estão prontos para uso de IA Generativa.","2"
"2025","motivo_nao_uso_ia","Setor Automotivo","Acima de 3.000","Falta de compreensão dos casos de uso.","2"
"2025","motivo_nao_uso_ia","Tecnologia/Fábrica de Software","de 51 a 100","Incerteza em relação a regulamentação ou questões regulatórias.","2"
"2025","motivo_nao_uso_ia","Tecnologia/Fábrica de Software","de 11 a 50","Incerteza em relação a regulamentação ou questões regulatórias.","2"
"2025","motivo_nao_uso_ia","Setor Público","de 1.001 a 3.000","Dados da empresa não estão prontos para uso de IA Generativa.","2"
"2025","motivo_nao_uso_ia","Telecomunicação","de 101 a 500","Alta direção da empresa não vê valor ou não vê esse tipo de iniciativa como prioridade.","2"
"2025","motivo_nao_uso_ia","Internet/Ecommerce","Acima de 3.000","Retorno sobre investimento (ROI) não comprovado de IA Generativa.","2"
"2025","motivo_nao_uso_ia","Seguros ou Previdência","de 101 a 500","Dados da empresa não estão prontos para uso de IA Generativa.","2"
"2025","motivo_nao_uso_ia","Tecnologia/Fábrica de Software","de 1 a 5","Preocupações com segurança e privacidade de dados.","2"
"2025","motivo_nao_uso_ia","Área da Saúde","de 51 a 100","Preocupações com segurança e privacidade de dados.","2"
"2025","motivo_nao_uso_ia","Área de Consultoria","de 11 a 50","tipo de dados usados para treinar um modelo de terceiros).","2"
"2025","motivo_nao_uso_ia","Outra Opção","de 11 a 50","Dados da empresa não estão prontos para uso de IA Generativa.","2"
"2025","motivo_nao_uso_ia","Outra Opção","de 51 a 100","Falta de compreensão dos casos de uso.","2"
"2025","motivo_nao_uso_ia","Indústria","de 51 a 100","Alta direção da empresa não vê valor ou não vê esse tipo de iniciativa como prioridade.","2"
"2025","motivo_nao_uso_ia","Finanças ou Bancos","de 11 a 50","Dados da empresa não estão prontos para uso de IA Generativa.","2"
"2025","motivo_nao_uso_ia","Finanças ou Bancos","de 1.001 a 3.000","Retorno sobre investimento (ROI) não comprovado de IA Generativa.","2"
"2025","motivo_nao_uso_ia","Internet/Ecommerce","de 101 a 500","Falta de compreensão dos casos de uso.","2"
"2025","motivo_nao_uso_ia","Entretenimento ou Esportes","de 51 a 100","Retorno sobre investimento (ROI) não comprovado de IA Generativa.","2"
"2025","motivo_nao_uso_ia","Setor Imobiliário/ Construção Civil","Acima de 3.000","Retorno sobre investimento (ROI) não comprovado de IA Generativa.","2"
"2025","motivo_nao_uso_ia","Setor Automotivo","Acima de 3.000","Falta de expertise das equipes técnicas ou falta de recursos internos.","2"
"2025","motivo_nao_uso_ia","Tecnologia/Fábrica de Software","de 1 a 5","Retorno sobre investimento (ROI) não comprovado de IA Generativa.","2"
"2025","motivo_nao_uso_ia","Marketing","de 11 a 50","Dados da empresa não estão prontos para uso de IA Generativa.","2"
"2025","motivo_nao_uso_ia","Educação","Acima de 3.000","Incerteza em relação a regulamentação ou questões regulatórias.","2"
"2025","motivo_nao_uso_ia","Entretenimento ou Esportes","de 51 a 100","Falta de expertise das equipes técnicas ou falta de recursos internos.","2"
"2025","motivo_nao_uso_ia","Indústria","de 501 a 1.000","Preocupações com segurança e privacidade de dados.","2"
"2025","motivo_nao_uso_ia","Setor de Energia","de 1.001 a 3.000","Retorno sobre investimento (ROI) não comprovado de IA Generativa.","2"
"2025","motivo_nao_uso_ia","Filantropia/ONG's","de 1.001 a 3.000","Falta de expertise das equipes técnicas ou falta de recursos internos.","2"
"2025","motivo_nao_uso_ia","Tecnologia/Fábrica de Software","de 1.001 a 3.000","Falta de compreensão dos casos de uso.","2"
"2025","motivo_nao_uso_ia","Tecnologia/Fábrica de Software","de 101 a 500","Baixa qualidade e/ou falta de confiabilidade das saídas (alucinação dos modelos).","2"
"2025","motivo_nao_uso_ia","Setor de Energia","de 51 a 100","Falta de expertise das equipes técnicas ou falta de recursos internos.","2"
"2025","motivo_nao_uso_ia","Marketing","de 11 a 50","Falta de expertise das equipes técnicas ou falta de recursos internos.","2"
"2025","motivo_nao_uso_ia","Finanças ou Bancos","de 501 a 1.000","Incerteza em relação a regulamentação ou questões regulatórias.","2"
"2025","motivo_nao_uso_ia","Tecnologia/Fábrica de Software","de 501 a 1.000","Baixa qualidade e/ou falta de confiabilidade das saídas (alucinação dos modelos).","2"
"2025","motivo_nao_uso_ia","Finanças ou Bancos","Acima de 3.000","Não sei responder","2"
"2025","motivo_nao_uso_ia","Agronegócios","Acima de 3.000","Preocupações com segurança e privacidade de dados.","2"
"2025","motivo_nao_uso_ia","Tecnologia/Fábrica de Software","de 1.001 a 3.000","Baixa qualidade e/ou falta de confiabilidade das saídas (alucinação dos modelos).","2"
"2025","motivo_nao_uso_ia","Setor Público","Acima de 3.000","Alta direção da empresa não vê valor ou não vê esse tipo de iniciativa como prioridade.","2"
"2025","motivo_nao_uso_ia","Setor de Energia","de 501 a 1.000","Baixa qualidade e/ou falta de confiabilidade das saídas (alucinação dos modelos).","2"
"2025","motivo_nao_uso_ia","Educação","de 101 a 500","Falta de expertise das equipes técnicas ou falta de recursos internos.","2"
"2025","motivo_nao_uso_ia","Área de Consultoria","de 1 a 5","Preocupações com propriedade intelectual (ou seja","2"
"2025","motivo_nao_uso_ia","Área de Consultoria","de 11 a 50","Alta direção da empresa não vê valor ou não vê esse tipo de iniciativa como prioridade.","2"
"2025","motivo_nao_uso_ia","Filantropia/ONG's","de 51 a 100","Baixa qualidade e/ou falta de confiabilidade das saídas (alucinação dos modelos).","2"
"2025","motivo_nao_uso_ia","Varejo","de 11 a 50","Falta de compreensão dos casos de uso.","2"
"2025","motivo_nao_uso_ia","Finanças ou Bancos","de 501 a 1.000","Baixa qualidade e/ou falta de confiabilidade das saídas (alucinação dos modelos).","2"
"2025","motivo_nao_uso_ia","Seguros ou Previdência","de 101 a 500","Falta de expertise das equipes técnicas ou falta de recursos internos.","2"
"2025","motivo_nao_uso_ia","Internet/Ecommerce","de 501 a 1.000","Retorno sobre investimento (ROI) não comprovado de IA Generativa.","2"
"2025","motivo_nao_uso_ia","Finanças ou Bancos","de 11 a 50","Falta de expertise das equipes técnicas ou falta de recursos internos.","2"
"2025","motivo_nao_uso_ia","Área da Saúde","de 101 a 500","Baixa qualidade e/ou falta de confiabilidade das saídas (alucinação dos modelos).","2"
"2025","motivo_nao_uso_ia","Área de Consultoria","de 51 a 100","Retorno sobre investimento (ROI) não comprovado de IA Generativa.","2"
"2025","motivo_nao_uso_ia","Varejo","de 51 a 100","Preocupações com segurança e privacidade de dados.","2"
"2025","motivo_nao_uso_ia","Agronegócios","Acima de 3.000","Dados da empresa não estão prontos para uso de IA Generativa.","2"
"2025","motivo_nao_uso_ia","Educação","de 1.001 a 3.000","Falta de compreensão dos casos de uso.","2"
"2025","motivo_nao_uso_ia","Educação","Acima de 3.000","Preocupações com propriedade intelectual (ou seja","2"
"2025","motivo_nao_uso_ia","Outra Opção","de 501 a 1.000","Falta de expertise das equipes técnicas ou falta de recursos internos.","2"
"2025","motivo_nao_uso_ia","Tecnologia/Fábrica de Software","de 6 a 10","Alta direção da empresa não vê valor ou não vê esse tipo de iniciativa como prioridade.","2"
"2025","motivo_nao_uso_ia","Finanças ou Bancos","de 1.001 a 3.000","Baixa qualidade e/ou falta de confiabilidade das saídas (alucinação dos modelos).","2"
"2025","motivo_nao_uso_ia","Indústria","de 1.001 a 3.000","Dados da empresa não estão prontos para uso de IA Generativa.","2"
"2025","motivo_nao_uso_ia","Setor Automotivo","de 1.001 a 3.000","Preocupações com segurança e privacidade de dados.","2"
"2025","motivo_nao_uso_ia","Área de Consultoria","de 1 a 5","Dados da empresa não estão prontos para uso de IA Generativa.","2"
"2025","motivo_nao_uso_ia","Área de Consultoria","Acima de 3.000","Dados da empresa não estão prontos para uso de IA Generativa.","2"
"2025","motivo_nao_uso_ia","Setor Alimentício","Acima de 3.000","Baixa qualidade e/ou falta de confiabilidade das saídas (alucinação dos modelos).","2"
"2025","motivo_nao_uso_ia","Área da Saúde","Acima de 3.000","Falta de expertise das equipes técnicas ou falta de recursos internos.","2"
"2025","motivo_nao_uso_ia","Indústria","Acima de 3.000","Alta direção da empresa não vê valor ou não vê esse tipo de iniciativa como prioridade.","2"
"2025","motivo_nao_uso_ia","Outra Opção","de 51 a 100","Falta de expertise das equipes técnicas ou falta de recursos internos.","2"
"2025","motivo_nao_uso_ia","Varejo","Acima de 3.000","Alta direção da empresa não vê valor ou não vê esse tipo de iniciativa como prioridade.","2"
"2025","motivo_nao_uso_ia","Varejo","de 1.001 a 3.000","Retorno sobre investimento (ROI) não comprovado de IA Generativa.","2"
"2025","motivo_nao_uso_ia","Área de Consultoria","de 501 a 1.000","Falta de expertise das equipes técnicas ou falta de recursos internos.","2"
"2025","motivo_nao_uso_ia","Área de Consultoria","de 1 a 5","Baixa qualidade e/ou falta de confiabilidade das saídas (alucinação dos modelos).","2"
"2025","motivo_nao_uso_ia","Setor de Energia","de 501 a 1.000","Dados da empresa não estão prontos para uso de IA Generativa.","2"
"2025","motivo_nao_uso_ia","Área de Consultoria","Acima de 3.000","Baixa qualidade e/ou falta de confiabilidade das saídas (alucinação dos modelos).","2"
"2025","motivo_nao_uso_ia","Setor de Energia","Acima de 3.000","Retorno sobre investimento (ROI) não comprovado de IA Generativa.","2"
"2025","motivo_nao_uso_ia","Outra Opção","Acima de 3.000","Baixa qualidade e/ou falta de confiabilidade das saídas (alucinação dos modelos).","2"
"2025","motivo_nao_uso_ia","Tecnologia/Fábrica de Software","de 501 a 1.000","Retorno sobre investimento (ROI) não comprovado de IA Generativa.","2"
"2025","motivo_nao_uso_ia","Setor Público","de 101 a 500","Retorno sobre investimento (ROI) não comprovado de IA Generativa.","1"
"2025","motivo_nao_uso_ia","Tecnologia/Fábrica de Software","de 1.001 a 3.000","Preocupações com propriedade intelectual (ou seja","1"
"2025","motivo_nao_uso_ia","Agronegócios","Acima de 3.000","Incerteza em relação a regulamentação ou questões regulatórias.","1"
"2025","motivo_nao_uso_ia","Seguros ou Previdência","Acima de 3.000","Falta de expertise das equipes técnicas ou falta de recursos internos.","1"
"2025","motivo_nao_uso_ia","Varejo","Acima de 3.000","Casos de uso com realmente retorno","1"
"2025","motivo_nao_uso_ia","Setor Imobiliário/ Construção Civil","de 51 a 100","Dados da empresa não estão prontos para uso de IA Generativa.","1"
"2025","motivo_nao_uso_ia","Setor Imobiliário/ Construção Civil","Acima de 3.000","Falta de compreensão dos casos de uso.","1"
"2025","motivo_nao_uso_ia","Área de Consultoria","de 51 a 100","Falta de compreensão dos casos de uso.","1"
"2025","motivo_nao_uso_ia","Telecomunicação","Acima de 3.000","Retorno sobre investimento (ROI) não comprovado de IA Generativa.","1"
"2025","motivo_nao_uso_ia","Setor Público","de 1.001 a 3.000","Falta de cultura organizacional","1"
"2025","motivo_nao_uso_ia","Setor de Energia","Acima de 3.000","Falta de compreensão dos casos de uso.","1"
"2025","motivo_nao_uso_ia","Indústria","de 101 a 500","tipo de dados usados para treinar um modelo de terceiros).","1"
"2025","motivo_nao_uso_ia","Setor Imobiliário/ Construção Civil","de 1 a 5","Preocupações com segurança e privacidade de dados.","1"
"2025","motivo_nao_uso_ia","Área de Consultoria","de 6 a 10","Falta de expertise das equipes técnicas ou falta de recursos internos.","1"
"2025","motivo_nao_uso_ia","Indústria","Acima de 3.000","Incerteza em relação a regulamentação ou questões regulatórias.","1"
"2025","motivo_nao_uso_ia","Outra Opção","de 6 a 10","./","1"
"2025","motivo_nao_uso_ia","Varejo","de 101 a 500","Retorno sobre investimento (ROI) não comprovado de IA Generativa.","1"
"2025","motivo_nao_uso_ia","Educação","de 501 a 1.000","Baixa qualidade e/ou falta de confiabilidade das saídas (alucinação dos modelos).","1"
"2025","motivo_nao_uso_ia","Outra Opção","de 1 a 5","Dados da empresa não estão prontos para uso de IA Generativa.","1"
"2025","motivo_nao_uso_ia","Marketing","de 1 a 5","Dados da empresa não estão prontos para uso de IA Generativa.","1"
"2025","motivo_nao_uso_ia","Educação","de 51 a 100","Preocupações com segurança e privacidade de dados.","1"
"2025","motivo_nao_uso_ia","Outra Opção","de 1 a 5","Não estamos tendo problemas","1"
"2025","motivo_nao_uso_ia","Área da Saúde","Acima de 3.000","Incerteza em relação a regulamentação ou questões regulatórias.","1"
"2025","motivo_nao_uso_ia","Indústria","de 51 a 100","Retorno sobre investimento (ROI) não comprovado de IA Generativa.","1"
"2025","motivo_nao_uso_ia","Setor Imobiliário/ Construção Civil","de 51 a 100","Falando especificamente de LLM","1"
"2025","motivo_nao_uso_ia","Setor Público","de 1.001 a 3.000","difusão e treinamento","1"
"2025","motivo_nao_uso_ia","Tecnologia/Fábrica de Software","de 501 a 1.000","Alta direção da empresa não vê valor ou não vê esse tipo de iniciativa como prioridade.","1"
"2025","motivo_nao_uso_ia","Indústria","de 101 a 500","Alta direção da empresa não vê valor ou não vê esse tipo de iniciativa como prioridade.","1"
"2025","motivo_nao_uso_ia","Educação","de 101 a 500","Preocupações com segurança e privacidade de dados.","1"
"2025","motivo_nao_uso_ia","Internet/Ecommerce","de 101 a 500","Preocupações com propriedade intelectual (ou seja","1"
"2025","motivo_nao_uso_ia","Setor Público","de 501 a 1.000","Falta de compreensão dos casos de uso.","1"
"2025","motivo_nao_uso_ia","Tecnologia/Fábrica de Software","de 6 a 10","Preocupações com segurança e privacidade de dados.","1"
"2025","motivo_nao_uso_ia","Finanças ou Bancos","de 51 a 100","Preocupações com segurança e privacidade de dados.","1"
"2025","motivo_nao_uso_ia","Seguros ou Previdência","Acima de 3.000","Preocupações com propriedade intelectual (ou seja","1"
"2025","motivo_nao_uso_ia","Área da Saúde","de 1.001 a 3.000","Preocupações com propriedade intelectual (ou seja","1"
"2025","motivo_nao_uso_ia","Setor de Energia","de 51 a 100","Baixa qualidade e/ou falta de confiabilidade das saídas (alucinação dos modelos).","1"
"2025","motivo_nao_uso_ia","Internet/Ecommerce","de 101 a 500","Chefes irresponsáveis","1"
"2025","motivo_nao_uso_ia","Setor Farmaceutico","de 51 a 100","Baixa qualidade e/ou falta de confiabilidade das saídas (alucinação dos modelos).","1"
"2025","motivo_nao_uso_ia","Área de Consultoria","de 101 a 500","Falta de espaço para investimento massivo no curto prazo","1"
"2025","motivo_nao_uso_ia","Entretenimento ou Esportes","de 51 a 100","Preocupações com segurança e privacidade de dados.","1"
"2025","motivo_nao_uso_ia","Agronegócios","de 101 a 500","Falta de compreensão dos casos de uso.","1"
"2025","motivo_nao_uso_ia","Área da Saúde","de 501 a 1.000","Falta de expertise das equipes técnicas ou falta de recursos internos.","1"
"2025","motivo_nao_uso_ia","Indústria","de 51 a 100","Incerteza em relação a regulamentação ou questões regulatórias.","1"
"2025","motivo_nao_uso_ia","Marketing","de 11 a 50","Falta de compreensão dos casos de uso.","1"
"2025","motivo_nao_uso_ia","Seguros ou Previdência","Acima de 3.000","Retorno sobre investimento (ROI) não comprovado de IA Generativa.","1"
"2025","motivo_nao_uso_ia","Agronegócios","de 501 a 1.000","Dados da empresa não estão prontos para uso de IA Generativa.","1"
"2025","motivo_nao_uso_ia","Setor Alimentício","de 51 a 100","Falta de compreensão dos casos de uso.","1"
"2025","motivo_nao_uso_ia","Varejo","de 11 a 50","Não há motivos","1"
"2025","motivo_nao_uso_ia","Tecnologia/Fábrica de Software","Acima de 3.000","Falta de integração entre os produtos da stack. Isso dificulta alto valor agregado nos dados.","1"
"2025","motivo_nao_uso_ia","Filantropia/ONG's","de 1.001 a 3.000","tipo de dados usados para treinar um modelo de terceiros).","1"
"2025","motivo_nao_uso_ia","Tecnologia/Fábrica de Software","de 6 a 10","Braço para executar","1"
"2025","motivo_nao_uso_ia","Finanças ou Bancos","de 1 a 5","Dados da empresa não estão prontos para uso de IA Generativa.","1"
"2025","motivo_nao_uso_ia","Internet/Ecommerce","de 101 a 500","Retorno sobre investimento (ROI) não comprovado de IA Generativa.","1"
"2025","motivo_nao_uso_ia","Varejo","de 51 a 100","Alta direção da empresa não vê valor ou não vê esse tipo de iniciativa como prioridade.","1"
"2025","motivo_nao_uso_ia","Área da Saúde","de 51 a 100","Incerteza em relação a regulamentação ou questões regulatórias.","1"
"2025","motivo_nao_uso_ia","Setor Farmaceutico","Acima de 3.000","Dados da empresa não estão prontos para uso de IA Generativa.","1"
"2025","motivo_nao_uso_ia","Área de Consultoria","de 501 a 1.000","Retorno sobre investimento (ROI) não comprovado de IA Generativa.","1"
"2025","motivo_nao_uso_ia","Filantropia/ONG's","de 101 a 500","Baixa qualidade e/ou falta de confiabilidade das saídas (alucinação dos modelos).","1"
"2025","motivo_nao_uso_ia","Educação","de 101 a 500","Dados da empresa não estão prontos para uso de IA Generativa.","1"
"2025","motivo_nao_uso_ia","Agronegócios","Acima de 3.000","Baixa qualidade e/ou falta de confiabilidade das saídas (alucinação dos modelos).","1"
"2025","motivo_nao_uso_ia","Internet/Ecommerce","Acima de 3.000","Preocupações com propriedade intelectual (ou seja","1"
"2025","motivo_nao_uso_ia","Setor Alimentício","de 101 a 500","Preocupações com propriedade intelectual (ou seja","1"
"2025","motivo_nao_uso_ia","Finanças ou Bancos","de 1 a 5","Falta de compreensão dos casos de uso.","1"
"2025","motivo_nao_uso_ia","Área da Saúde","de 11 a 50","Baixa qualidade e/ou falta de confiabilidade das saídas (alucinação dos modelos).","1"
"2025","motivo_nao_uso_ia","Área de Consultoria","de 101 a 500","Preocupações com segurança e privacidade de dados.","1"
"2025","motivo_nao_uso_ia","Indústria","de 11 a 50","Alta direção da empresa não vê valor ou não vê esse tipo de iniciativa como prioridade.","1"
"2025","motivo_nao_uso_ia","Área da Saúde","de 1.001 a 3.000","Dados da empresa não estão prontos para uso de IA Generativa.","1"
"2025","motivo_nao_uso_ia","Marketing","de 101 a 500","Baixa qualidade e/ou falta de confiabilidade das saídas (alucinação dos modelos).","1"
"2025","motivo_nao_uso_ia","Educação","de 101 a 500","Falta de compreensão dos casos de uso.","1"
"2025","motivo_nao_uso_ia","Setor Alimentício","de 51 a 100","Dados da empresa não estão prontos para uso de IA Generativa.","1"
"2025","motivo_nao_uso_ia","Educação","de 1.001 a 3.000","Preocupações com segurança e privacidade de dados.","1"
"2025","motivo_nao_uso_ia","Setor Público","de 501 a 1.000","Dados da empresa não estão prontos para uso de IA Generativa.","1"
"2025","motivo_nao_uso_ia","Setor Público","de 1.001 a 3.000","Alta direção da empresa não vê valor ou não vê esse tipo de iniciativa como prioridade.","1"
"2025","motivo_nao_uso_ia","Outra Opção","de 101 a 500","Preocupações com segurança e privacidade de dados.","1"
"2025","motivo_nao_uso_ia","Indústria","de 1.001 a 3.000","Falta de compreensão dos casos de uso.","1"
"2025","motivo_nao_uso_ia","Internet/Ecommerce","Acima de 3.000","Baixa qualidade e/ou falta de confiabilidade das saídas (alucinação dos modelos).","1"
"2025","motivo_nao_uso_ia","Setor Público","Acima de 3.000","Preocupações com propriedade intelectual (ou seja","1"
"2025","motivo_nao_uso_ia","Filantropia/ONG's","de 11 a 50","Dados da empresa não estão prontos para uso de IA Generativa.","1"
"2025","motivo_nao_uso_ia","Setor Público","Acima de 3.000","Empregados sem capacidade e motivação suficientes","1"
"2025","motivo_nao_uso_ia","Área de Consultoria","de 501 a 1.000","Baixa qualidade e/ou falta de confiabilidade das saídas (alucinação dos modelos).","1"
"2025","motivo_nao_uso_ia","Setor Farmaceutico","de 101 a 500","Incerteza em relação a regulamentação ou questões regulatórias.","1"
"2025","motivo_nao_uso_ia","Outra Opção","de 101 a 500","Falta de visão dos C Level","1"
"2025","motivo_nao_uso_ia","Setor Público","de 51 a 100","Falta de compreensão dos casos de uso.","1"
"2025","motivo_nao_uso_ia","Varejo","de 6 a 10","Dados da empresa não estão prontos para uso de IA Generativa.","1"
"2025","motivo_nao_uso_ia","Varejo","de 1.001 a 3.000","Falta de expertise das equipes técnicas ou falta de recursos internos.","1"
"2025","motivo_nao_uso_ia","Setor Imobiliário/ Construção Civil","de 1 a 5","Retorno sobre investimento (ROI) não comprovado de IA Generativa.","1"
"2025","motivo_nao_uso_ia","Varejo","de 501 a 1.000","Falta de compreensão dos casos de uso.","1"
"2025","motivo_nao_uso_ia","Setor de Energia","Acima de 3.000","Preocupações com segurança e privacidade de dados.","1"
"2025","motivo_nao_uso_ia","Tecnologia/Fábrica de Software","de 1.001 a 3.000","tipo de dados usados para treinar um modelo de terceiros).","1"
"2025","motivo_nao_uso_ia","Finanças ou Bancos","de 501 a 1.000","número de pessoas na equipe","1"
"2025","motivo_nao_uso_ia","Tecnologia/Fábrica de Software","de 6 a 10","Dados da empresa não estão prontos para uso de IA Generativa.","1"
"2025","motivo_nao_uso_ia","Agronegócios","de 11 a 50","Preocupações com propriedade intelectual (ou seja","1"
"2025","motivo_nao_uso_ia","Tecnologia/Fábrica de Software","de 11 a 50","Preocupações com propriedade intelectual (ou seja","1"
"2025","motivo_nao_uso_ia","Seguros ou Previdência","Acima de 3.000","Baixa qualidade e/ou falta de confiabilidade das saídas (alucinação dos modelos).","1"
"2025","motivo_nao_uso_ia","Internet/Ecommerce","de 1.001 a 3.000","Baixa qualidade e/ou falta de confiabilidade das saídas (alucinação dos modelos).","1"
"2025","motivo_nao_uso_ia","Setor Público","de 51 a 100","tipo de dados usados para treinar um modelo de terceiros).","1"
"2025","motivo_nao_uso_ia","Setor Alimentício","de 101 a 500","Preocupações com segurança e privacidade de dados.","1"
"2025","motivo_nao_uso_ia","Telecomunicação","Acima de 3.000","Falta de compreensão dos casos de uso.","1"
"2025","motivo_nao_uso_ia","Setor Público","de 1.001 a 3.000","Falta de compreensão dos casos de uso.","1"
"2025","motivo_nao_uso_ia","Finanças ou Bancos","de 101 a 500","Preocupações com segurança e privacidade de dados.","1"
"2025","motivo_nao_uso_ia","Área da Saúde","de 11 a 50","Preocupações com segurança e privacidade de dados.","1"
"2025","motivo_nao_uso_ia","Filantropia/ONG's","de 51 a 100","Preocupações com segurança e privacidade de dados.","1"
"2025","motivo_nao_uso_ia","Telecomunicação","de 51 a 100","Dados da empresa não estão prontos para uso de IA Generativa.","1"
"2025","motivo_nao_uso_ia","Educação","de 101 a 500","tipo de dados usados para treinar um modelo de terceiros).","1"
"2025","motivo_nao_uso_ia","Setor Público","de 1.001 a 3.000","Preparação","1"
"2025","motivo_nao_uso_ia","Setor Farmaceutico","de 51 a 100","Dados da empresa não estão prontos para uso de IA Generativa.","1"
"2025","motivo_nao_uso_ia","Internet/Ecommerce","Acima de 3.000","tipo de dados usados para treinar um modelo de terceiros).","1"
"2025","motivo_nao_uso_ia","Área da Saúde","de 101 a 500","Falta de compreensão dos casos de uso.","1"
"2025","motivo_nao_uso_ia","Outra Opção","de 1.001 a 3.000","Preocupações com segurança e privacidade de dados.","1"
"2025","motivo_nao_uso_ia","Varejo","de 501 a 1.000","Falta de expertise das equipes técnicas ou falta de recursos internos.","1"
"2025","motivo_nao_uso_ia","Setor Alimentício","de 1.001 a 3.000","Falta de expertise das equipes técnicas ou falta de recursos internos.","1"
"2025","motivo_nao_uso_ia","Educação","de 51 a 100","Alta direção da empresa não vê valor ou não vê esse tipo de iniciativa como prioridade.","1"
"2025","motivo_nao_uso_ia","Área da Saúde","de 501 a 1.000","Preocupações com segurança e privacidade de dados.","1"
"2025","motivo_nao_uso_ia","Setor Alimentício","de 101 a 500","tipo de dados usados para treinar um modelo de terceiros).","1"
"2025","motivo_nao_uso_ia","Educação","de 101 a 500","Preocupações com propriedade intelectual (ou seja","1"
"2025","motivo_nao_uso_ia","Setor Alimentício","Acima de 3.000","Incerteza em relação a regulamentação ou questões regulatórias.","1"
"2025","motivo_nao_uso_ia","Educação","de 501 a 1.000","Falta de compreensão dos casos de uso.","1"
"2025","motivo_nao_uso_ia","Marketing","de 11 a 50","Baixa qualidade e/ou falta de confiabilidade das saídas (alucinação dos modelos).","1"
"2025","motivo_nao_uso_ia","Outra Opção","de 11 a 50","Alta direção da empresa não vê valor ou não vê esse tipo de iniciativa como prioridade.","1"
"2025","motivo_nao_uso_ia","Telecomunicação","de 1 a 5","Baixa qualidade e/ou falta de confiabilidade das saídas (alucinação dos modelos).","1"
"2025","motivo_nao_uso_ia","Marketing","de 1 a 5","Fornecedor do ERP não está pronto para conversar com IA","1"
"2025","motivo_nao_uso_ia","Tecnologia/Fábrica de Software","de 1 a 5","Incerteza em relação a regulamentação ou questões regulatórias.","1"
"2025","motivo_nao_uso_ia","Varejo","de 101 a 500","Preocupações com segurança e privacidade de dados.","1"
"2025","motivo_nao_uso_ia","Indústria","de 1.001 a 3.000","Incerteza em relação a regulamentação ou questões regulatórias.","1"
"2025","motivo_nao_uso_ia","Área da Saúde","de 1.001 a 3.000","tipo de dados usados para treinar um modelo de terceiros).","1"
"2025","motivo_nao_uso_ia","Área de Consultoria","de 101 a 500","Preocupações com propriedade intelectual (ou seja","1"
"2025","motivo_nao_uso_ia","Seguros ou Previdência","de 101 a 500","Retorno sobre investimento (ROI) não comprovado de IA Generativa.","1"
"2025","motivo_nao_uso_ia","Setor Público","de 101 a 500","Falta de compreensão dos casos de uso.","1"
"2025","motivo_nao_uso_ia","Filantropia/ONG's","de 51 a 100","Falta de compreensão dos casos de uso.","1"
"2025","motivo_nao_uso_ia","Setor Automotivo","Acima de 3.000","Alta direção da empresa não vê valor ou não vê esse tipo de iniciativa como prioridade.","1"
"2025","motivo_nao_uso_ia","Tecnologia/Fábrica de Software","de 11 a 50","tipo de dados usados para treinar um modelo de terceiros).","1"
"2025","motivo_nao_uso_ia","Varejo","de 51 a 100","Falta de compreensão dos casos de uso.","1"
"2025","motivo_nao_uso_ia","Finanças ou Bancos","de 6 a 10","Alta direção da empresa não vê valor ou não vê esse tipo de iniciativa como prioridade.","1"
"2025","motivo_nao_uso_ia","Agronegócios","de 11 a 50","tipo de dados usados para treinar um modelo de terceiros).","1"
"2025","motivo_nao_uso_ia","Seguros ou Previdência","Acima de 3.000","Dados da empresa não estão prontos para uso de IA Generativa.","1"
"2025","motivo_nao_uso_ia","Agronegócios","de 101 a 500","Falta de expertise das equipes técnicas ou falta de recursos internos.","1"
"2025","motivo_nao_uso_ia","Indústria","de 6 a 10","Dados da empresa não estão prontos para uso de IA Generativa.","1"
"2025","motivo_nao_uso_ia","Setor Público","Acima de 3.000","tipo de dados usados para treinar um modelo de terceiros).","1"
"2025","motivo_nao_uso_ia","Educação","de 501 a 1.000","Preocupações com segurança e privacidade de dados.","1"
"2025","motivo_nao_uso_ia","Educação","de 1 a 5","tipo de dados usados para treinar um modelo de terceiros).","1"
"2025","motivo_nao_uso_ia","Telecomunicação","de 11 a 50","Retorno sobre investimento (ROI) não comprovado de IA Generativa.","1"
"2025","motivo_nao_uso_ia","Setor Farmaceutico","Acima de 3.000","Preocupações com propriedade intelectual (ou seja","1"
"2025","motivo_nao_uso_ia","Setor Público","de 501 a 1.000","Preocupações com segurança e privacidade de dados.","1"
"2025","motivo_nao_uso_ia","Área de Consultoria","de 101 a 500","Falta de compreensão dos casos de uso.","1"
"2025","motivo_nao_uso_ia","Setor Público","de 101 a 500","Preocupações com segurança e privacidade de dados.","1"
"2025","motivo_nao_uso_ia","Setor Público","de 101 a 500","Incerteza em relação a regulamentação ou questões regulatórias.","1"
"2025","motivo_nao_uso_ia","Setor Público","de 51 a 100","Preocupações com propriedade intelectual (ou seja","1"
"2025","motivo_nao_uso_ia","Finanças ou Bancos","de 51 a 100","Dados da empresa não estão prontos para uso de IA Generativa.","1"
"2025","motivo_nao_uso_ia","Área de Consultoria","de 11 a 50","Incerteza em relação a regulamentação ou questões regulatórias.","1"
"2025","motivo_nao_uso_ia","Varejo","Acima de 3.000","tipo de dados usados para treinar um modelo de terceiros).","1"
"2025","motivo_nao_uso_ia","Área de Consultoria","de 1.001 a 3.000","Baixa qualidade e/ou falta de confiabilidade das saídas (alucinação dos modelos).","1"
"2025","motivo_nao_uso_ia","Filantropia/ONG's","de 1.001 a 3.000","Retorno sobre investimento (ROI) não comprovado de IA Generativa.","1"
"2025","motivo_nao_uso_ia","Tecnologia/Fábrica de Software","de 1 a 5","Baixa qualidade e/ou falta de confiabilidade das saídas (alucinação dos modelos).","1"
"2025","motivo_nao_uso_ia","Filantropia/ONG's","de 101 a 500","Retorno sobre investimento (ROI) não comprovado de IA Generativa.","1"
"2025","motivo_nao_uso_ia","Outra Opção","de 6 a 10","Não é o momento","1"
"2025","motivo_nao_uso_ia","Setor Farmaceutico","Acima de 3.000","Preocupações com segurança e privacidade de dados.","1"
"2025","motivo_nao_uso_ia","Filantropia/ONG's","de 1.001 a 3.000","Preocupações com propriedade intelectual (ou seja","1"
"2025","motivo_nao_uso_ia","Filantropia/ONG's","de 51 a 100","Falta de expertise das equipes técnicas ou falta de recursos internos.","1"
"2025","motivo_nao_uso_ia","Área da Saúde","de 1.001 a 3.000","Falta de expertise das equipes técnicas ou falta de recursos internos.","1"
"2025","motivo_nao_uso_ia","Outra Opção","de 51 a 100","Preocupações com propriedade intelectual (ou seja","1"
"2025","motivo_nao_uso_ia","Educação","de 101 a 500","Retorno sobre investimento (ROI) não comprovado de IA Generativa.","1"
"2025","motivo_nao_uso_ia","Marketing","Acima de 3.000","Preocupações com segurança e privacidade de dados.","1"
"2025","motivo_nao_uso_ia","Varejo","de 11 a 50","Falta de expertise das equipes técnicas ou falta de recursos internos.","1"
"2025","motivo_nao_uso_ia","Agronegócios","Acima de 3.000","Retorno sobre investimento (ROI) não comprovado de IA Generativa.","1"
"2025","motivo_nao_uso_ia","Seguros ou Previdência","de 101 a 500","Preocupações com segurança e privacidade de dados.","1"
"2025","motivo_nao_uso_ia","Internet/Ecommerce","de 51 a 100","Falta de expertise das equipes técnicas ou falta de recursos internos.","1"
"2025","motivo_nao_uso_ia","Educação","de 1 a 5","Preocupações com segurança e privacidade de dados.","1"
"2025","motivo_nao_uso_ia","Internet/Ecommerce","de 1.001 a 3.000","Retorno sobre investimento (ROI) não comprovado de IA Generativa.","1"
"2025","motivo_nao_uso_ia","Internet/Ecommerce","de 501 a 1.000","Falta de expertise das equipes técnicas ou falta de recursos internos.","1"
"2025","motivo_nao_uso_ia","Telecomunicação","de 1 a 5","Incerteza em relação a regulamentação ou questões regulatórias.","1"
"2025","motivo_nao_uso_ia","Internet/Ecommerce","de 51 a 100","Falta de compreensão dos casos de uso.","1"
"2025","motivo_nao_uso_ia","Setor Alimentício","de 501 a 1.000","Preocupações com segurança e privacidade de dados.","1"
"2025","motivo_nao_uso_ia","Educação","de 1 a 5","Baixa qualidade e/ou falta de confiabilidade das saídas (alucinação dos modelos).","1"
"2025","motivo_nao_uso_ia","Setor Imobiliário/ Construção Civil","de 51 a 100","Preocupações com segurança e privacidade de dados.","1"
"2025","motivo_nao_uso_ia","Educação","de 1 a 5","Retorno sobre investimento (ROI) não comprovado de IA Generativa.","1"
"2025","motivo_nao_uso_ia","Seguros ou Previdência","de 51 a 100","Falta de expertise das equipes técnicas ou falta de recursos internos.","1"
"2025","motivo_nao_uso_ia","Tecnologia/Fábrica de Software","de 6 a 10","Nem sempre o cliente entende o custo e está disposto a pagar","1"
"2025","motivo_nao_uso_ia","Internet/Ecommerce","de 501 a 1.000","Dados da empresa não estão prontos para uso de IA Generativa.","1"
"2025","motivo_nao_uso_ia","Filantropia/ONG's","de 1.001 a 3.000","Dados da empresa não estão prontos para uso de IA Generativa.","1"
"2025","motivo_nao_uso_ia","Tecnologia/Fábrica de Software","de 101 a 500","Preocupações com segurança e privacidade de dados.","1"
"2025","motivo_nao_uso_ia","Setor Imobiliário/ Construção Civil","Acima de 3.000","Dados da empresa não estão prontos para uso de IA Generativa.","1"
"2025","motivo_nao_uso_ia","Seguros ou Previdência","Acima de 3.000","tipo de dados usados para treinar um modelo de terceiros).","1"
"2025","motivo_nao_uso_ia","Outra Opção","Acima de 3.000","Incerteza em relação a regulamentação ou questões regulatórias.","1"
"2025","motivo_nao_uso_ia","Educação","de 1.001 a 3.000","Incerteza em relação a regulamentação ou questões regulatórias.","1"
"2025","motivo_nao_uso_ia","Indústria","de 501 a 1.000","Retorno sobre investimento (ROI) não comprovado de IA Generativa.","1"
"2025","motivo_nao_uso_ia","Área de Consultoria","de 1.001 a 3.000","Preocupações com segurança e privacidade de dados.","1"
"2025","motivo_nao_uso_ia","Educação","de 1 a 5","Falta de expertise das equipes técnicas ou falta de recursos internos.","1"
"2025","motivo_nao_uso_ia","Outra Opção","de 101 a 500","Preocupações com propriedade intelectual (ou seja","1"
"2025","motivo_nao_uso_ia","Filantropia/ONG's","Acima de 3.000","Alta direção da empresa não vê valor ou não vê esse tipo de iniciativa como prioridade.","1"
"2025","motivo_nao_uso_ia","Telecomunicação","Acima de 3.000","Falta de expertise das equipes técnicas ou falta de recursos internos.","1"
"2025","motivo_nao_uso_ia","Área de Consultoria","de 51 a 100","Falta de expertise das equipes técnicas ou falta de recursos internos.","1"
"2025","motivo_nao_uso_ia","Setor Público","de 101 a 500","Baixa qualidade e/ou falta de confiabilidade das saídas (alucinação dos modelos).","1"
"2025","motivo_nao_uso_ia","Finanças ou Bancos","Acima de 3.000","tipo de dados usados para treinar um modelo de terceiros).","1"
"2025","motivo_nao_uso_ia","Varejo","de 11 a 50","Retorno sobre investimento (ROI) não comprovado de IA Generativa.","1"
"2025","motivo_nao_uso_ia","Entretenimento ou Esportes","de 51 a 100","Baixa qualidade e/ou falta de confiabilidade das saídas (alucinação dos modelos).","1"
"2025","motivo_nao_uso_ia","Indústria","de 11 a 50","Baixa qualidade e/ou falta de confiabilidade das saídas (alucinação dos modelos).","1"
"2025","motivo_nao_uso_ia","Setor Farmaceutico","de 101 a 500","Falta de expertise das equipes técnicas ou falta de recursos internos.","1"
"2025","motivo_nao_uso_ia","Internet/Ecommerce","de 51 a 100","Dados da empresa não estão prontos para uso de IA Generativa.","1"
"2025","motivo_nao_uso_ia","Setor Farmaceutico","Acima de 3.000","tipo de dados usados para treinar um modelo de terceiros).","1"
"2025","motivo_nao_uso_ia","Indústria","de 51 a 100","Falta de compreensão dos casos de uso.","1"
"2025","motivo_nao_uso_ia","Marketing","de 501 a 1.000","Dados da empresa não estão prontos para uso de IA Generativa.","1"
"2025","motivo_nao_uso_ia","Varejo","de 11 a 50","Preocupações com segurança e privacidade de dados.","1"
"2025","motivo_nao_uso_ia","Indústria","de 101 a 500","Preocupações com propriedade intelectual (ou seja","1"
"2025","motivo_nao_uso_ia","Setor Alimentício","de 1.001 a 3.000","Falta de compreensão dos casos de uso.","1"
"2025","motivo_nao_uso_ia","Internet/Ecommerce","de 101 a 500","Baixa qualidade e/ou falta de confiabilidade das saídas (alucinação dos modelos).","1"
"2025","motivo_nao_uso_ia","Marketing","de 1 a 5","Preocupações com segurança e privacidade de dados.","1"
"2025","motivo_nao_uso_ia","Seguros ou Previdência","Acima de 3.000","Alta direção da empresa não vê valor ou não vê esse tipo de iniciativa como prioridade.","1"
"2025","motivo_nao_uso_ia","Varejo","de 1.001 a 3.000","Preocupações com segurança e privacidade de dados.","1"
"2025","motivo_nao_uso_ia","Área de Consultoria","de 101 a 500","Baixa qualidade e/ou falta de confiabilidade das saídas (alucinação dos modelos).","1"
"2025","motivo_nao_uso_ia","Área de Consultoria","Acima de 3.000","x","1"
"2025","motivo_nao_uso_ia","Finanças ou Bancos","de 51 a 100","Falta de compreensão dos casos de uso.","1"
"2025","motivo_nao_uso_ia","Finanças ou Bancos","de 501 a 1.000","Falta de profissional qualificado para assumir estas iniciativas","1"
"2025","motivo_nao_uso_ia","Setor Imobiliário/ Construção Civil","Acima de 3.000","Preocupações com propriedade intelectual (ou seja","1"
"2025","motivo_nao_uso_ia","Área da Saúde","de 11 a 50","Incerteza em relação a regulamentação ou questões regulatórias.","1"
"2025","motivo_nao_uso_ia","Varejo","Acima de 3.000","Preocupações com propriedade intelectual (ou seja","1"
"2025","motivo_nao_uso_ia","Educação","de 501 a 1.000","Dados da empresa não estão prontos para uso de IA Generativa.","1"
"2025","motivo_nao_uso_ia","Setor de Energia","de 1.001 a 3.000","Preocupações com segurança e privacidade de dados.","1"
"2025","motivo_nao_uso_ia","Agronegócios","Acima de 3.000","tipo de dados usados para treinar um modelo de terceiros).","1"
"2025","motivo_nao_uso_ia","Outra Opção","de 51 a 100","Alta direção da empresa não vê valor ou não vê esse tipo de iniciativa como prioridade.","1"
"2025","motivo_nao_uso_ia","Agronegócios","Acima de 3.000","Alta direção da empresa não vê valor ou não vê esse tipo de iniciativa como prioridade.","1"
"2025","motivo_nao_uso_ia","Varejo","de 11 a 50","Baixa qualidade e/ou falta de confiabilidade das saídas (alucinação dos modelos).","1"
"2025","motivo_nao_uso_ia","Indústria","de 1.001 a 3.000","Preocupações com segurança e privacidade de dados.","1"
"2025","motivo_nao_uso_ia","Setor de Energia","de 501 a 1.000","Incerteza em relação a regulamentação ou questões regulatórias.","1"
"2025","motivo_nao_uso_ia","Setor Farmaceutico","de 51 a 100","Falta de expertise das equipes técnicas ou falta de recursos internos.","1"
"2025","motivo_nao_uso_ia","Educação","de 1.001 a 3.000","Falta de expertise das equipes técnicas ou falta de recursos internos.","1"
"2025","motivo_nao_uso_ia","Tecnologia/Fábrica de Software","de 51 a 100","Outras prioridades deixam pouco tempo para explorar novas soluções de LLM","1"
"2025","motivo_nao_uso_ia","Outra Opção","de 1.001 a 3.000","Falta de expertise das equipes técnicas ou falta de recursos internos.","1"
"2025","motivo_nao_uso_ia","Setor Alimentício","de 501 a 1.000","Baixa qualidade e/ou falta de confiabilidade das saídas (alucinação dos modelos).","1"
"2025","motivo_nao_uso_ia","Filantropia/ONG's","de 1.001 a 3.000","Custos","1"
"2025","motivo_nao_uso_ia","Educação","de 11 a 50","Baixa qualidade e/ou falta de confiabilidade das saídas (alucinação dos modelos).","1"
"2025","motivo_nao_uso_ia","Área da Saúde","de 1.001 a 3.000","Dificuldade de alinhamento entre os stakeholders para aprovar o modelo a ser desenvolvido.","1"
"2025","motivo_nao_uso_ia","Marketing","de 51 a 100","Falta de expertise das equipes técnicas ou falta de recursos internos.","1"
"2025","motivo_nao_uso_ia","Indústria","de 51 a 100","Baixa qualidade e/ou falta de confiabilidade das saídas (alucinação dos modelos).","1"
"2025","motivo_nao_uso_ia","Educação","de 1.001 a 3.000","Dados da empresa não estão prontos para uso de IA Generativa.","1"
"2025","motivo_nao_uso_ia","Setor Imobiliário/ Construção Civil","de 1 a 5","tipo de dados usados para treinar um modelo de terceiros).","1"
"2025","motivo_nao_uso_ia","Filantropia/ONG's","Acima de 3.000","Falta de expertise das equipes técnicas ou falta de recursos internos.","1"
"2025","motivo_nao_uso_ia","Tecnologia/Fábrica de Software","de 6 a 10","Falta de compreensão dos casos de uso.","1"
"2025","motivo_nao_uso_ia","Telecomunicação","de 1 a 5","Falta de compreensão dos casos de uso.","1"
"2025","motivo_nao_uso_ia","Indústria","de 6 a 10","Preocupações com segurança e privacidade de dados.","1"
"2025","motivo_nao_uso_ia","Área da Saúde","de 101 a 500","Retorno sobre investimento (ROI) não comprovado de IA Generativa.","1"
"2025","motivo_nao_uso_ia","Área de Consultoria","de 1 a 5","Alta direção da empresa não vê valor ou não vê esse tipo de iniciativa como prioridade.","1"
"2025","motivo_nao_uso_ia","Internet/Ecommerce","Acima de 3.000","Incerteza em relação a regulamentação ou questões regulatórias.","1"
"2025","motivo_nao_uso_ia","Setor Alimentício","de 101 a 500","Dados da empresa não estão prontos para uso de IA Generativa.","1"
"2025","motivo_nao_uso_ia","Tecnologia/Fábrica de Software","de 6 a 10","Baixa qualidade e/ou falta de confiabilidade das saídas (alucinação dos modelos).","1"
"2025","motivo_nao_uso_ia","Tecnologia/Fábrica de Software","de 11 a 50","Alta direção da empresa não vê valor ou não vê esse tipo de iniciativa como prioridade.","1"
"2025","motivo_nao_uso_ia","Área da Saúde","de 1 a 5","Preocupações com propriedade intelectual (ou seja","1"
"2025","motivo_nao_uso_ia","Área de Consultoria","de 51 a 100","Somos consultoria outros projetos ainda são mais buscados","1"
"2025","motivo_nao_uso_ia","Finanças ou Bancos","de 101 a 500","Retorno sobre investimento (ROI) não comprovado de IA Generativa.","1"
"2025","motivo_nao_uso_ia","Indústria","de 1.001 a 3.000","Falta de expertise das equipes técnicas ou falta de recursos internos.","1"
"2025","motivo_nao_uso_ia","Setor Farmaceutico","de 101 a 500","Retorno sobre investimento (ROI) não comprovado de IA Generativa.","1"
"2025","motivo_nao_uso_ia","Área de Consultoria","de 101 a 500","ninguém no mundo real suporta mais isso","1"
"2025","motivo_nao_uso_ia","Entretenimento ou Esportes","de 101 a 500","Dados da empresa não estão prontos para uso de IA Generativa.","1"
"2025","motivo_nao_uso_ia","Agronegócios","de 501 a 1.000","Falta de expertise das equipes técnicas ou falta de recursos internos.","1"
"2025","motivo_nao_uso_ia","Varejo","de 1 a 5","Dados da empresa não estão prontos para uso de IA Generativa.","1"
"2025","motivo_nao_uso_ia","Finanças ou Bancos","de 1 a 5","Retorno sobre investimento (ROI) não comprovado de IA Generativa.","1"
"2025","motivo_nao_uso_ia","Internet/Ecommerce","de 101 a 500","Preocupações com segurança e privacidade de dados.","1"
"2025","motivo_nao_uso_ia","Setor Imobiliário/ Construção Civil","de 51 a 100","não faz muito sentido pro nosso negócio. Temos muitos modelos de machine learning","1"
"2025","motivo_nao_uso_ia","Finanças ou Bancos","de 1 a 5","Falta de expertise das equipes técnicas ou falta de recursos internos.","1"
"2025","motivo_nao_uso_ia","Área da Saúde","de 11 a 50","Falta de compreensão dos casos de uso.","1"
"2025","motivo_nao_uso_ia","Área de Consultoria","de 101 a 500","Fadiga de IA","1"
"2025","motivo_nao_uso_ia","Área de Consultoria","de 501 a 1.000","Incerteza em relação a regulamentação ou questões regulatórias.","1"
"2025","motivo_nao_uso_ia","Outra Opção","de 11 a 50","Falta de compreensão dos casos de uso.","1"
"2025","motivo_nao_uso_ia","Finanças ou Bancos","de 11 a 50","Falta de compreensão dos casos de uso.","1"
"2025","motivo_nao_uso_ia","Filantropia/ONG's","de 101 a 500","Preocupações com segurança e privacidade de dados.","1"
"2025","motivo_nao_uso_ia","Marketing","de 501 a 1.000","Falta de expertise das equipes técnicas ou falta de recursos internos.","1"
"2025","motivo_nao_uso_ia","Telecomunicação","de 51 a 100","Falta de compreensão dos casos de uso.","1"
"2025","motivo_nao_uso_ia","Educação","de 1 a 5","Preocupações com propriedade intelectual (ou seja","1"
"2025","motivo_nao_uso_ia","Agronegócios","de 101 a 500","Alta direção da empresa não vê valor ou não vê esse tipo de iniciativa como prioridade.","1"
"2025","motivo_nao_uso_ia","Internet/Ecommerce","de 101 a 500","tipo de dados usados para treinar um modelo de terceiros).","1"
"2025","motivo_nao_uso_ia","Agronegócios","Acima de 3.000","Preocupações com propriedade intelectual (ou seja","1"
"2025","motivo_nao_uso_ia","Educação","de 11 a 50","Incerteza em relação a regulamentação ou questões regulatórias.","1"
"2025","motivo_nao_uso_ia","Setor de Energia","de 11 a 50","Alta direção da empresa não vê valor ou não vê esse tipo de iniciativa como prioridade.","1"
"2025","motivo_nao_uso_ia","Educação","de 51 a 100","Dados da empresa não estão prontos para uso de IA Generativa.","1"
"2025","motivo_nao_uso_ia","Tecnologia/Fábrica de Software","de 6 a 10","Falta de expertise das equipes técnicas ou falta de recursos internos.","1"
"2025","motivo_nao_uso_ia","Filantropia/ONG's","Acima de 3.000","Dados da empresa não estão prontos para uso de IA Generativa.","1"
"2025","motivo_nao_uso_ia","Finanças ou Bancos","de 101 a 500","Outros","1"
"2025","motivo_nao_uso_ia","Varejo","de 501 a 1.000","Dados da empresa não estão prontos para uso de IA Generativa.","1"
"2025","motivo_nao_uso_ia","Marketing","de 101 a 500","Alta direção da empresa não vê valor ou não vê esse tipo de iniciativa como prioridade.","1"
"2025","motivo_nao_uso_ia","Indústria","de 6 a 10","Incerteza em relação a regulamentação ou questões regulatórias.","1"
"2025","motivo_nao_uso_ia","Agronegócios","de 11 a 50","Dados da empresa não estão prontos para uso de IA Generativa.","1"
"2025","motivo_nao_uso_ia","Área da Saúde","de 11 a 50","Retorno sobre investimento (ROI) não comprovado de IA Generativa.","1"
"2025","motivo_nao_uso_ia","Setor Imobiliário/ Construção Civil","Acima de 3.000","tipo de dados usados para treinar um modelo de terceiros).","1"
"2025","motivo_nao_uso_ia","Outra Opção","de 101 a 500","tipo de dados usados para treinar um modelo de terceiros).","1"
"2025","motivo_nao_uso_ia","Indústria","de 101 a 500","Dados da empresa não estão prontos para uso de IA Generativa.","1"
"2025","motivo_nao_uso_ia","Área da Saúde","de 1.001 a 3.000","Baixa qualidade e/ou falta de confiabilidade das saídas (alucinação dos modelos).","1"
"2025","motivo_nao_uso_ia","Indústria","de 11 a 50","Falta de expertise das equipes técnicas ou falta de recursos internos.","1"
"2025","motivo_nao_uso_ia","Finanças ou Bancos","Acima de 3.000","Preocupações com propriedade intelectual (ou seja","1"
"2025","motivo_nao_uso_ia","Setor Imobiliário/ Construção Civil","de 1 a 5","Preocupações com propriedade intelectual (ou seja","1"
"2025","motivo_nao_uso_ia","Telecomunicação","de 101 a 500","Retorno sobre investimento (ROI) não comprovado de IA Generativa.","1"
"2025","motivo_nao_uso_ia","Setor Automotivo","Acima de 3.000","Baixa qualidade e/ou falta de confiabilidade das saídas (alucinação dos modelos).","1"
"2025","motivo_nao_uso_ia","Área da Saúde","de 51 a 100","Retorno sobre investimento (ROI) não comprovado de IA Generativa.","1"
"2025","motivo_nao_uso_ia","Marketing","de 101 a 500","Falta de expertise das equipes técnicas ou falta de recursos internos.","1"
"2025","motivo_nao_uso_ia","Outra Opção","de 1.001 a 3.000","Baixa qualidade e/ou falta de confiabilidade das saídas (alucinação dos modelos).","1"
"2025","motivo_nao_uso_ia","Marketing","de 51 a 100","Dados da empresa não estão prontos para uso de IA Generativa.","1"
"2025","motivo_nao_uso_ia","Filantropia/ONG's","de 101 a 500","Orçamento insuficiente","1"
"2025","motivo_nao_uso_ia","Educação","Acima de 3.000","Baixa qualidade e/ou falta de confiabilidade das saídas (alucinação dos modelos).","1"
"2025","motivo_nao_uso_ia","Área de Consultoria","de 6 a 10","Retorno sobre investimento (ROI) não comprovado de IA Generativa.","1"
"2025","motivo_nao_uso_ia","Finanças ou Bancos","Acima de 3.000","Estamos adotando","1"
"2025","motivo_nao_uso_ia","Área de Consultoria","de 101 a 500","tipo de dados usados para treinar um modelo de terceiros).","1"
"2025","motivo_nao_uso_ia","Tecnologia/Fábrica de Software","de 51 a 100","Não temos dificuldades nesse sentido.","1"
"2025","motivo_nao_uso_ia","Outra Opção","de 51 a 100","tipo de dados usados para treinar um modelo de terceiros).","1"
"2025","motivo_nao_uso_ia","Setor de Energia","Acima de 3.000","Dados da empresa não estão prontos para uso de IA Generativa.","1"
"2025","motivo_nao_uso_ia","Setor Automotivo","de 51 a 100","Retorno sobre investimento (ROI) não comprovado de IA Generativa.","1"
"2025","motivo_nao_uso_ia","Área da Saúde","de 1 a 5","tipo de dados usados para treinar um modelo de terceiros).","1"
"2025","motivo_nao_uso_ia","Marketing","de 101 a 500","Preocupações com segurança e privacidade de dados.","1"
"2025","motivo_nao_uso_ia","Finanças ou Bancos","de 6 a 10","Dados da empresa não estão prontos para uso de IA Generativa.","1"
"2025","motivo_nao_uso_ia","Outra Opção","de 501 a 1.000","Preocupações com segurança e privacidade de dados.","1"
"2025","motivo_nao_uso_ia","Finanças ou Bancos","de 6 a 10","Falta de expertise das equipes técnicas ou falta de recursos internos.","1"
"2025","motivo_nao_uso_ia","Área da Saúde","de 51 a 100","Falta de compreensão dos casos de uso.","1"
"2025","motivo_nao_uso_ia","Tecnologia/Fábrica de Software","de 51 a 100","Alta direção da empresa não vê valor ou não vê esse tipo de iniciativa como prioridade.","1"
"2025","motivo_nao_uso_ia","Área de Consultoria","Acima de 3.000","Depende do cliente","1"
"2025","motivo_nao_uso_ia","Área da Saúde","de 501 a 1.000","Retorno sobre investimento (ROI) não comprovado de IA Generativa.","1"
"2025","motivo_nao_uso_ia","Marketing","Acima de 3.000","Retorno sobre investimento (ROI) não comprovado de IA Generativa.","1"
"2025","motivo_nao_uso_ia","Setor Alimentício","de 501 a 1.000","Incerteza em relação a regulamentação ou questões regulatórias.","1"
"2025","motivo_nao_uso_ia","Outra Opção","de 501 a 1.000","Retorno sobre investimento (ROI) não comprovado de IA Generativa.","1"
"2025","motivo_nao_uso_ia","Área de Consultoria","de 6 a 10","Alta direção da empresa não vê valor ou não vê esse tipo de iniciativa como prioridade.","1"
"2025","motivo_nao_uso_ia","Educação","de 501 a 1.000","Retorno sobre investimento (ROI) não comprovado de IA Generativa.","1"
"2025","motivo_nao_uso_ia","Seguros ou Previdência","de 51 a 100","Dados da empresa não estão prontos para uso de IA Generativa.","1"
"2025","motivo_nao_uso_ia","Setor Alimentício","de 1.001 a 3.000","Dados da empresa não estão prontos para uso de IA Generativa.","1"
"2025","motivo_nao_uso_ia","Setor Alimentício","Acima de 3.000","Retorno sobre investimento (ROI) não comprovado de IA Generativa.","1"
"2025","motivo_nao_uso_ia","Tecnologia/Fábrica de Software","de 51 a 100","Apenas não estamos olhando pra isso no momento","1"
"2025","motivo_nao_uso_ia","Setor de Energia","de 51 a 100","Dados da empresa não estão prontos para uso de IA Generativa.","1"
"2025","motivo_nao_uso_ia","Seguros ou Previdência","de 51 a 100","Falta de compreensão dos casos de uso.","1"
"2025","motivo_nao_uso_ia","Educação","de 101 a 500","Baixa qualidade e/ou falta de confiabilidade das saídas (alucinação dos modelos).","1"
"2025","motivo_nao_uso_ia","Educação","de 1.001 a 3.000","Retorno sobre investimento (ROI) não comprovado de IA Generativa.","1"
"2025","motivo_nao_uso_ia","Área da Saúde","de 501 a 1.000","Incerteza em relação a regulamentação ou questões regulatórias.","1"
"2025","motivo_nao_uso_ia","Área da Saúde","de 501 a 1.000","Falta de compreensão dos casos de uso.","1"
"2025","motivo_nao_uso_ia","Setor Imobiliário/ Construção Civil","de 51 a 100","mas LLM só em contextos específicos.","1"
"2025","motivo_nao_uso_ia","Setor de Energia","de 501 a 1.000","Preocupações com segurança e privacidade de dados.","1"
"2025","motivo_nao_uso_ia","Finanças ou Bancos","de 51 a 100","Retorno sobre investimento (ROI) não comprovado de IA Generativa.","1"
"2025","motivo_nao_uso_ia","Internet/Ecommerce","Acima de 3.000","Dados da empresa não estão prontos para uso de IA Generativa.","1"
"2025","possui_data_lake","Finanças ou Bancos","Acima de 3.000","Sim","73"
"2025","possui_data_lake","Tecnologia/Fábrica de Software","Acima de 3.000","Sim","23"
"2025","possui_data_lake","Varejo","Acima de 3.000","Sim","22"
"2025","possui_data_lake","Tecnologia/Fábrica de Software","de 101 a 500","Sim","19"
"2025","possui_data_lake","Área de Consultoria","Acima de 3.000","Sim","18"
"2025","possui_data_lake","Indústria","Acima de 3.000","Sim","15"
"2025","possui_data_lake","Finanças ou Bancos","de 1.001 a 3.000","Sim","13"
"2025","possui_data_lake","Tecnologia/Fábrica de Software","de 51 a 100","Sim","12"
"2025","possui_data_lake","Área de Consultoria","de 101 a 500","Sim","12"
"2025","possui_data_lake","Outra Opção","Acima de 3.000","Sim","11"
"2025","possui_data_lake","Tecnologia/Fábrica de Software","de 501 a 1.000","Sim","11"
"2025","possui_data_lake","Finanças ou Bancos","de 101 a 500","Sim","10"
"2025","possui_data_lake","Tecnologia/Fábrica de Software","de 11 a 50","Sim","10"
"2025","possui_data_lake","Tecnologia/Fábrica de Software","de 1.001 a 3.000","Sim","9"
"2025","possui_data_lake","Setor Automotivo","Acima de 3.000","Sim","7"
"2025","possui_data_lake","Tecnologia/Fábrica de Software","de 101 a 500","Não","7"
"2025","possui_data_lake","Área de Consultoria","de 51 a 100","Sim","7"
"2025","possui_data_lake","Internet/Ecommerce","de 1.001 a 3.000","Sim","7"
"2025","possui_data_lake","Área de Consultoria","de 501 a 1.000","Sim","7"
"2025","possui_data_lake","Área da Saúde","Acima de 3.000","Sim","6"
"2025","possui_data_lake","Seguros ou Previdência","de 501 a 1.000","Sim","6"
"2025","possui_data_lake","Entretenimento ou Esportes","Acima de 3.000","Sim","6"
"2025","possui_data_lake","Telecomunicação","Acima de 3.000","Sim","6"
"2025","possui_data_lake","Finanças ou Bancos","de 501 a 1.000","Sim","6"
"2025","possui_data_lake","Setor Alimentício","Acima de 3.000","Sim","6"
"2025","possui_data_lake","Outra Opção","de 501 a 1.000","Sim","5"
"2025","possui_data_lake","Área de Consultoria","de 11 a 50","Sim","5"
"2025","possui_data_lake","Indústria","de 1.001 a 3.000","Sim","4"
"2025","possui_data_lake","Área de Consultoria","Acima de 3.000","Não","4"
"2025","possui_data_lake","Internet/Ecommerce","Acima de 3.000","Sim","4"
"2025","possui_data_lake","Tecnologia/Fábrica de Software","de 51 a 100","Não","4"
"2025","possui_data_lake","Área da Saúde","de 1.001 a 3.000","Sim","4"
"2025","possui_data_lake","Tecnologia/Fábrica de Software","Acima de 3.000","Não","4"
"2025","possui_data_lake","Área de Consultoria","de 1.001 a 3.000","Sim","4"
"2025","possui_data_lake","Finanças ou Bancos","de 11 a 50","Sim","4"
"2025","possui_data_lake","Educação","de 101 a 500","Sim","4"
"2025","possui_data_lake","Marketing","de 101 a 500","Sim","4"
"2025","possui_data_lake","Área da Saúde","de 1.001 a 3.000","Não","3"
"2025","possui_data_lake","Varejo","de 101 a 500","Não","3"
"2025","possui_data_lake","Educação","Acima de 3.000","Sim","3"
"2025","possui_data_lake","Varejo","de 1.001 a 3.000","Sim","3"
"2025","possui_data_lake","Educação","de 51 a 100","Sim","3"
"2025","possui_data_lake","Setor Imobiliário/ Construção Civil","de 101 a 500","Sim","3"
"2025","possui_data_lake","Outra Opção","de 501 a 1.000","Não","3"
"2025","possui_data_lake","Setor de Energia","Acima de 3.000","Sim","3"
"2025","possui_data_lake","Setor de Energia","de 101 a 500","Não","3"
"2025","possui_data_lake","Outra Opção","de 101 a 500","Sim","3"
"2025","possui_data_lake","Área da Saúde","de 101 a 500","Sim","3"
"2025","possui_data_lake","Finanças ou Bancos","de 101 a 500","Não","3"
"2025","possui_data_lake","Agronegócios","Acima de 3.000","Sim","3"
"2025","possui_data_lake","Finanças ou Bancos","de 51 a 100","Sim","3"
"2025","possui_data_lake","Setor Farmaceutico","Acima de 3.000","Sim","3"
"2025","possui_data_lake","Finanças ou Bancos","de 51 a 100","Não","3"
"2025","possui_data_lake","Educação","de 1.001 a 3.000","Sim","3"
"2025","possui_data_lake","Área da Saúde","de 11 a 50","Sim","3"
"2025","possui_data_lake","Marketing","Acima de 3.000","Sim","2"
"2025","possui_data_lake","Entretenimento ou Esportes","de 101 a 500","Não","2"
"2025","possui_data_lake","Educação","de 501 a 1.000","Não","2"
"2025","possui_data_lake","Indústria","de 101 a 500","Sim","2"
"2025","possui_data_lake","Outra Opção","de 51 a 100","Sim","2"
"2025","possui_data_lake","Área de Consultoria","de 101 a 500","Não","2"
"2025","possui_data_lake","Tecnologia/Fábrica de Software","de 1.001 a 3.000","Não","2"
"2025","possui_data_lake","Tecnologia/Fábrica de Software","de 11 a 50","Não","2"
"2025","possui_data_lake","Tecnologia/Fábrica de Software","de 501 a 1.000","Não","2"
"2025","possui_data_lake","Varejo","de 501 a 1.000","Sim","2"
"2025","possui_data_lake","Tecnologia/Fábrica de Software","de 6 a 10","Sim","2"
"2025","possui_data_lake","Marketing","de 101 a 500","Não","2"
"2025","possui_data_lake","Indústria","de 501 a 1.000","Não","2"
"2025","possui_data_lake","Outra Opção","de 101 a 500","Não","2"
"2025","possui_data_lake","Setor Público","de 1.001 a 3.000","Não","2"
"2025","possui_data_lake","Agronegócios","de 101 a 500","Sim","2"
"2025","possui_data_lake","Marketing","de 501 a 1.000","Sim","2"
"2025","possui_data_lake","Área da Saúde","de 501 a 1.000","Sim","2"
"2025","possui_data_lake","Agronegócios","de 501 a 1.000","Sim","2"
"2025","possui_data_lake","Área de Consultoria","de 11 a 50","Não","2"
"2025","possui_data_lake","Internet/Ecommerce","de 101 a 500","Sim","2"
"2025","possui_data_lake","Setor Público","Acima de 3.000","Não","2"
"2025","possui_data_lake","Seguros ou Previdência","de 101 a 500","Sim","2"
"2025","possui_data_lake","Educação","de 501 a 1.000","Sim","2"
"2025","possui_data_lake","Setor de Energia","de 501 a 1.000","Sim","2"
"2025","possui_data_lake","Setor Automotivo","de 11 a 50","Sim","2"
"2025","possui_data_lake","Setor Público","de 501 a 1.000","Sim","2"
"2025","possui_data_lake","Varejo","de 101 a 500","Sim","2"
"2025","possui_data_lake","Setor Imobiliário/ Construção Civil","Acima de 3.000","Sim","2"
"2025","possui_data_lake","Setor Alimentício","de 501 a 1.000","Sim","2"
"2025","possui_data_lake","Agronegócios","Acima de 3.000","Não","2"
"2025","possui_data_lake","Área de Consultoria","de 51 a 100","Não","2"
"2025","possui_data_lake","Marketing","de 51 a 100","Sim","2"
"2025","possui_data_lake","Setor Alimentício","de 101 a 500","Não","2"
"2025","possui_data_lake","Setor de Energia","de 101 a 500","Sim","2"
"2025","possui_data_lake","Setor Público","de 1.001 a 3.000","Sim","2"
"2025","possui_data_lake","Indústria","Acima de 3.000","Não","2"
"2025","possui_data_lake","Indústria","de 501 a 1.000","Sim","2"
"2025","possui_data_lake","Finanças ou Bancos","de 11 a 50","Não","2"
"2025","possui_data_lake","Setor Público","de 11 a 50","Não","1"
"2025","possui_data_lake","Setor Alimentício","de 1.001 a 3.000","Sim","1"
"2025","possui_data_lake","Outra Opção","de 1.001 a 3.000","Sim","1"
"2025","possui_data_lake","Telecomunicação","de 501 a 1.000","Sim","1"
"2025","possui_data_lake","Setor Automotivo","de 11 a 50","Não","1"
"2025","possui_data_lake","Internet/Ecommerce","Acima de 3.000","Não","1"
"2025","possui_data_lake","Setor Público","de 101 a 500","Não","1"
"2025","possui_data_lake","Setor Público","de 101 a 500","Sim","1"
"2025","possui_data_lake","Varejo","Acima de 3.000","Não","1"
"2025","possui_data_lake","Entretenimento ou Esportes","de 101 a 500","Sim","1"
"2025","possui_data_lake","Seguros ou Previdência","Acima de 3.000","Sim","1"
"2025","possui_data_lake","Marketing","de 11 a 50","Sim","1"
"2025","possui_data_lake","Indústria","de 1 a 5","Não","1"
"2025","possui_data_lake","Área de Consultoria","de 1.001 a 3.000","Não","1"
"2025","possui_data_lake","Finanças ou Bancos","Acima de 3.000","Não","1"
"2025","possui_data_lake","Marketing","de 51 a 100","Não","1"
"2025","possui_data_lake","Setor Público","de 11 a 50","Sim","1"
"2025","possui_data_lake","Setor Automotivo","de 101 a 500","Sim","1"
"2025","possui_data_lake","Área de Consultoria","de 1 a 5","Sim","1"
"2025","possui_data_lake","Indústria","de 101 a 500","Não","1"
"2025","possui_data_lake","Outra Opção","de 11 a 50","Não","1"
"2025","possui_data_lake","Internet/Ecommerce","de 51 a 100","Sim","1"
"2025","possui_data_lake","Agronegócios","de 501 a 1.000","Não","1"
"2025","possui_data_lake","Varejo","de 51 a 100","Não","1"
"2025","possui_data_lake","Varejo","de 1.001 a 3.000","Não","1"
"2025","possui_data_lake","Área de Consultoria","de 1 a 5","Não","1"
"2025","possui_data_lake","Varejo","de 501 a 1.000","Não","1"
"2025","possui_data_lake","Telecomunicação","Acima de 3.000","Não","1"
"2025","possui_data_lake","Setor Automotivo","de 501 a 1.000","Sim","1"
"2025","possui_data_lake","Agronegócios","de 1.001 a 3.000","Não","1"
"2025","possui_data_lake","Setor Alimentício","de 101 a 500","Sim","1"
"2025","possui_data_lake","Telecomunicação","de 101 a 500","Sim","1"
"2025","possui_data_lake","Internet/Ecommerce","de 501 a 1.000","Sim","1"
"2025","possui_data_lake","Entretenimento ou Esportes","Acima de 3.000","Não","1"
"2025","possui_data_lake","Filantropia/ONG's","de 11 a 50","Não","1"
"2025","possui_data_lake","Setor Público","de 1 a 5","Não","1"
"2025","possui_data_lake","Telecomunicação","de 51 a 100","Sim","1"
"2025","possui_data_lake","Seguros ou Previdência","de 51 a 100","Não","1"
"2025","possui_data_lake","Seguros ou Previdência","de 101 a 500","Não","1"
"2025","possui_data_lake","Tecnologia/Fábrica de Software","de 1 a 5","Sim","1"
"2025","possui_data_lake","Marketing","de 1.001 a 3.000","Sim","1"
"2025","possui_data_lake","Outra Opção","Acima de 3.000","Não","1"
"2025","possui_data_lake","Entretenimento ou Esportes","de 51 a 100","Não","1"
"2025","possui_data_lake","Seguros ou Previdência","de 1.001 a 3.000","Sim","1"
"2025","possui_data_lake","Indústria","de 1.001 a 3.000","Não","1"
"2025","possui_data_lake","Setor de Energia","de 1.001 a 3.000","Não","1"
"2025","possui_data_lake","Educação","de 101 a 500","Não","1"
"2025","possui_data_lake","Setor Farmaceutico","de 501 a 1.000","Sim","1"
"2025","possui_data_lake","Setor de Energia","de 6 a 10","Não","1"
"2025","possui_data_lake","Finanças ou Bancos","de 501 a 1.000","Não","1"
"2025","possui_data_lake","Entretenimento ou Esportes","de 51 a 100","Sim","1"
"2025","possui_data_lake","Setor Imobiliário/ Construção Civil","de 1.001 a 3.000","Sim","1"
"2025","possui_data_warehouse","Finanças ou Bancos","Acima de 3.000","Sim","59"
"2025","possui_data_warehouse","Tecnologia/Fábrica de Software","Acima de 3.000","Sim","24"
"2025","possui_data_warehouse","Varejo","Acima de 3.000","Sim","19"
"2025","possui_data_warehouse","Tecnologia/Fábrica de Software","de 101 a 500","Sim","18"
"2025","possui_data_warehouse","Área de Consultoria","Acima de 3.000","Sim","17"
"2025","possui_data_warehouse","Indústria","Acima de 3.000","Sim","14"
"2025","possui_data_warehouse","Outra Opção","Acima de 3.000","Sim","12"
"2025","possui_data_warehouse","Tecnologia/Fábrica de Software","de 501 a 1.000","Sim","12"
"2025","possui_data_warehouse","Tecnologia/Fábrica de Software","de 1.001 a 3.000","Sim","11"
"2025","possui_data_warehouse","Tecnologia/Fábrica de Software","de 51 a 100","Sim","11"
"2025","possui_data_warehouse","Finanças ou Bancos","de 1.001 a 3.000","Sim","10"
"2025","possui_data_warehouse","Finanças ou Bancos","Acima de 3.000","Não","10"
"2025","possui_data_warehouse","Área de Consultoria","de 101 a 500","Sim","10"
"2025","possui_data_warehouse","Finanças ou Bancos","de 101 a 500","Sim","8"
"2025","possui_data_warehouse","Tecnologia/Fábrica de Software","de 101 a 500","Não","8"
"2025","possui_data_warehouse","Área de Consultoria","de 51 a 100","Sim","8"
"2025","possui_data_warehouse","Área de Consultoria","de 11 a 50","Sim","7"
"2025","possui_data_warehouse","Área de Consultoria","de 501 a 1.000","Sim","7"
"2025","possui_data_warehouse","Entretenimento ou Esportes","Acima de 3.000","Sim","6"
"2025","possui_data_warehouse","Internet/Ecommerce","de 1.001 a 3.000","Sim","6"
"2025","possui_data_warehouse","Tecnologia/Fábrica de Software","de 11 a 50","Sim","6"
"2025","possui_data_warehouse","Área da Saúde","de 1.001 a 3.000","Sim","6"
"2025","possui_data_warehouse","Finanças ou Bancos","de 51 a 100","Sim","6"
"2025","possui_data_warehouse","Outra Opção","de 501 a 1.000","Sim","6"
"2025","possui_data_warehouse","Finanças ou Bancos","de 501 a 1.000","Sim","6"
"2025","possui_data_warehouse","Telecomunicação","Acima de 3.000","Sim","5"
"2025","possui_data_warehouse","Área de Consultoria","Acima de 3.000","Não","5"
"2025","possui_data_warehouse","Área de Consultoria","de 1.001 a 3.000","Sim","5"
"2025","possui_data_warehouse","Outra Opção","de 101 a 500","Sim","5"
"2025","possui_data_warehouse","Área da Saúde","Acima de 3.000","Sim","5"
"2025","possui_data_warehouse","Agronegócios","Acima de 3.000","Sim","5"
"2025","possui_data_warehouse","Finanças ou Bancos","de 101 a 500","Não","5"
"2025","possui_data_warehouse","Tecnologia/Fábrica de Software","de 51 a 100","Não","5"
"2025","possui_data_warehouse","Marketing","de 101 a 500","Sim","5"
"2025","possui_data_warehouse","Setor Automotivo","Acima de 3.000","Sim","5"
"2025","possui_data_warehouse","Finanças ou Bancos","de 11 a 50","Sim","4"
"2025","possui_data_warehouse","Internet/Ecommerce","Acima de 3.000","Sim","4"
"2025","possui_data_warehouse","Educação","de 501 a 1.000","Sim","4"
"2025","possui_data_warehouse","Setor Alimentício","Acima de 3.000","Sim","4"
"2025","possui_data_warehouse","Indústria","de 1.001 a 3.000","Sim","4"
"2025","possui_data_warehouse","Varejo","de 1.001 a 3.000","Sim","4"
"2025","possui_data_warehouse","Tecnologia/Fábrica de Software","de 11 a 50","Não","4"
"2025","possui_data_warehouse","Indústria","de 101 a 500","Sim","3"
"2025","possui_data_warehouse","Setor Farmaceutico","Acima de 3.000","Sim","3"
"2025","possui_data_warehouse","Entretenimento ou Esportes","de 101 a 500","Sim","3"
"2025","possui_data_warehouse","Indústria","de 501 a 1.000","Sim","3"
"2025","possui_data_warehouse","Setor Alimentício","de 101 a 500","Sim","3"
"2025","possui_data_warehouse","Setor Automotivo","de 11 a 50","Sim","3"
"2025","possui_data_warehouse","Educação","de 51 a 100","Sim","3"
"2025","possui_data_warehouse","Setor de Energia","de 101 a 500","Sim","3"
"2025","possui_data_warehouse","Setor Público","de 1.001 a 3.000","Sim","3"
"2025","possui_data_warehouse","Varejo","Acima de 3.000","Não","3"
"2025","possui_data_warehouse","Finanças ou Bancos","de 1.001 a 3.000","Não","3"
"2025","possui_data_warehouse","Educação","de 101 a 500","Sim","3"
"2025","possui_data_warehouse","Setor Imobiliário/ Construção Civil","de 101 a 500","Sim","3"
"2025","possui_data_warehouse","Setor de Energia","Acima de 3.000","Sim","3"
"2025","possui_data_warehouse","Agronegócios","de 501 a 1.000","Sim","3"
"2025","possui_data_warehouse","Área de Consultoria","de 101 a 500","Não","3"
"2025","possui_data_warehouse","Seguros ou Previdência","de 501 a 1.000","Sim","3"
"2025","possui_data_warehouse","Educação","Acima de 3.000","Sim","3"
"2025","possui_data_warehouse","Marketing","de 51 a 100","Sim","3"
"2025","possui_data_warehouse","Seguros ou Previdência","de 501 a 1.000","Não","3"
"2025","possui_data_warehouse","Varejo","de 101 a 500","Sim","3"
"2025","possui_data_warehouse","Setor de Energia","de 501 a 1.000","Sim","2"
"2025","possui_data_warehouse","Outra Opção","de 501 a 1.000","Não","2"
"2025","possui_data_warehouse","Outra Opção","de 51 a 100","Sim","2"
"2025","possui_data_warehouse","Área da Saúde","de 501 a 1.000","Sim","2"
"2025","possui_data_warehouse","Tecnologia/Fábrica de Software","de 6 a 10","Sim","2"
"2025","possui_data_warehouse","Agronegócios","de 101 a 500","Sim","2"
"2025","possui_data_warehouse","Tecnologia/Fábrica de Software","Acima de 3.000","Não","2"
"2025","possui_data_warehouse","Área de Consultoria","de 1 a 5","Sim","2"
"2025","possui_data_warehouse","Área da Saúde","de 101 a 500","Sim","2"
"2025","possui_data_warehouse","Varejo","de 501 a 1.000","Sim","2"
"2025","possui_data_warehouse","Seguros ou Previdência","de 101 a 500","Sim","2"
"2025","possui_data_warehouse","Finanças ou Bancos","de 11 a 50","Não","2"
"2025","possui_data_warehouse","Setor Alimentício","Acima de 3.000","Não","2"
"2025","possui_data_warehouse","Setor Público","Acima de 3.000","Sim","2"
"2025","possui_data_warehouse","Setor Imobiliário/ Construção Civil","Acima de 3.000","Sim","2"
"2025","possui_data_warehouse","Varejo","de 101 a 500","Não","2"
"2025","possui_data_warehouse","Setor Alimentício","de 501 a 1.000","Sim","2"
"2025","possui_data_warehouse","Telecomunicação","Acima de 3.000","Não","2"
"2025","possui_data_warehouse","Setor Automotivo","Acima de 3.000","Não","2"
"2025","possui_data_warehouse","Indústria","Acima de 3.000","Não","2"
"2025","possui_data_warehouse","Área da Saúde","de 11 a 50","Sim","2"
"2025","possui_data_warehouse","Setor de Energia","de 101 a 500","Não","2"
"2025","possui_data_warehouse","Educação","de 1.001 a 3.000","Sim","2"
"2025","possui_data_warehouse","Marketing","de 501 a 1.000","Sim","2"
"2025","possui_data_warehouse","Marketing","Acima de 3.000","Sim","2"
"2025","possui_data_warehouse","Área de Consultoria","de 1.001 a 3.000","Não","1"
"2025","possui_data_warehouse","Seguros ou Previdência","de 1.001 a 3.000","Sim","1"
"2025","possui_data_warehouse","Filantropia/ONG's","de 11 a 50","Não","1"
"2025","possui_data_warehouse","Telecomunicação","de 51 a 100","Sim","1"
"2025","possui_data_warehouse","Setor Automotivo","de 101 a 500","Não","1"
"2025","possui_data_warehouse","Internet/Ecommerce","de 1.001 a 3.000","Não","1"
"2025","possui_data_warehouse","Internet/Ecommerce","de 501 a 1.000","Sim","1"
"2025","possui_data_warehouse","Seguros ou Previdência","Acima de 3.000","Sim","1"
"2025","possui_data_warehouse","Finanças ou Bancos","de 501 a 1.000","Não","1"
"2025","possui_data_warehouse","Área da Saúde","Acima de 3.000","Não","1"
"2025","possui_data_warehouse","Setor de Energia","de 6 a 10","Sim","1"
"2025","possui_data_warehouse","Área de Consultoria","de 51 a 100","Não","1"
"2025","possui_data_warehouse","Telecomunicação","de 101 a 500","Não","1"
"2025","possui_data_warehouse","Setor Público","de 101 a 500","Sim","1"
"2025","possui_data_warehouse","Tecnologia/Fábrica de Software","de 501 a 1.000","Não","1"
"2025","possui_data_warehouse","Setor Público","Acima de 3.000","Não","1"
"2025","possui_data_warehouse","Internet/Ecommerce","de 51 a 100","Sim","1"
"2025","possui_data_warehouse","Setor Público","de 1.001 a 3.000","Não","1"
"2025","possui_data_warehouse","Setor Farmaceutico","de 501 a 1.000","Sim","1"
"2025","possui_data_warehouse","Outra Opção","de 11 a 50","Sim","1"
"2025","possui_data_warehouse","Varejo","de 51 a 100","Sim","1"
"2025","possui_data_warehouse","Outra Opção","de 1.001 a 3.000","Não","1"
"2025","possui_data_warehouse","Marketing","de 1.001 a 3.000","Não","1"
"2025","possui_data_warehouse","Telecomunicação","de 501 a 1.000","Sim","1"
"2025","possui_data_warehouse","Entretenimento ou Esportes","Acima de 3.000","Não","1"
"2025","possui_data_warehouse","Internet/Ecommerce","de 101 a 500","Não","1"
"2025","possui_data_warehouse","Setor Imobiliário/ Construção Civil","de 1.001 a 3.000","Sim","1"
"2025","possui_data_warehouse","Setor Automotivo","de 501 a 1.000","Sim","1"
"2025","possui_data_warehouse","Setor Alimentício","de 1.001 a 3.000","Não","1"
"2025","possui_data_warehouse","Internet/Ecommerce","de 101 a 500","Sim","1"
"2025","possui_data_warehouse","Marketing","de 11 a 50","Sim","1"
"2025","possui_data_warehouse","Educação","de 101 a 500","Não","1"
"2025","possui_data_warehouse","Tecnologia/Fábrica de Software","de 1 a 5","Sim","1"
"2025","possui_data_warehouse","Seguros ou Previdência","de 51 a 100","Não","1"
"2025","possui_data_warehouse","Indústria","de 1.001 a 3.000","Não","1"
"2025","possui_data_warehouse","Área da Saúde","de 1.001 a 3.000","Não","1"
"2025","possui_data_warehouse","Setor Público","de 11 a 50","Não","1"
"2025","possui_data_warehouse","Setor Público","de 501 a 1.000","Sim","1"
"2025","possui_data_warehouse","Indústria","de 1 a 5","Sim","1"
"2025","possui_data_warehouse","Educação","de 1.001 a 3.000","Não","1"
"2025","possui_data_warehouse","Entretenimento ou Esportes","de 51 a 100","Sim","1"
"2025","possui_data_warehouse","Setor Público","de 101 a 500","Não","1"
"2025","possui_data_warehouse","Setor de Energia","de 1.001 a 3.000","Sim","1"
"2025","possui_data_warehouse","Internet/Ecommerce","Acima de 3.000","Não","1"
"2025","possui_data_warehouse","Área da Saúde","de 11 a 50","Não","1"
"2025","possui_data_warehouse","Indústria","de 501 a 1.000","Não","1"
"2025","possui_data_warehouse","Outra Opção","de 51 a 100","Não","1"
"2025","possui_data_warehouse","Marketing","de 101 a 500","Não","1"
"2025","risco_turnover","Finanças ou Bancos","Acima de 3.000","Não estou buscando, mas me considero aberto a outras oportunidades","138"
"2025","risco_turnover","Finanças ou Bancos","Acima de 3.000","Não estou buscando e não pretendo mudar de emprego nos próximos 6 meses","121"
"2025","risco_turnover","Finanças ou Bancos","Acima de 3.000","Estou em busca de oportunidades dentro ou fora do Brasil","80"
"2025","risco_turnover","Tecnologia/Fábrica de Software","Acima de 3.000","Não estou buscando, mas me considero aberto a outras oportunidades","60"
"2025","risco_turnover","Tecnologia/Fábrica de Software","de 101 a 500","Não estou buscando, mas me considero aberto a outras oportunidades","56"
"2025","risco_turnover","Indústria","Acima de 3.000","Não estou buscando, mas me considero aberto a outras oportunidades","53"
"2025","risco_turnover","Varejo","Acima de 3.000","Não estou buscando, mas me considero aberto a outras oportunidades","47"
"2025","risco_turnover","Tecnologia/Fábrica de Software","de 1.001 a 3.000","Não estou buscando, mas me considero aberto a outras oportunidades","46"
"2025","risco_turnover","Outra Opção","Acima de 3.000","Não estou buscando, mas me considero aberto a outras oportunidades","36"
"2025","risco_turnover","Varejo","Acima de 3.000","Não estou buscando e não pretendo mudar de emprego nos próximos 6 meses","34"
"2025","risco_turnover","Tecnologia/Fábrica de Software","Acima de 3.000","Não estou buscando e não pretendo mudar de emprego nos próximos 6 meses","34"
"2025","risco_turnover","Tecnologia/Fábrica de Software","de 11 a 50","Não estou buscando, mas me considero aberto a outras oportunidades","31"
"2025","risco_turnover","Internet/Ecommerce","Acima de 3.000","Não estou buscando, mas me considero aberto a outras oportunidades","30"
"2025","risco_turnover","Indústria","Acima de 3.000","Não estou buscando e não pretendo mudar de emprego nos próximos 6 meses","29"
"2025","risco_turnover","Educação","Acima de 3.000","Não estou buscando, mas me considero aberto a outras oportunidades","29"
"2025","risco_turnover","Tecnologia/Fábrica de Software","de 101 a 500","Estou em busca de oportunidades dentro ou fora do Brasil","29"
"2025","risco_turnover","Indústria","Acima de 3.000","Estou em busca de oportunidades dentro ou fora do Brasil","27"
"2025","risco_turnover","Tecnologia/Fábrica de Software","Acima de 3.000","Estou em busca de oportunidades dentro ou fora do Brasil","27"
"2025","risco_turnover","Finanças ou Bancos","de 101 a 500","Não estou buscando, mas me considero aberto a outras oportunidades","26"
"2025","risco_turnover","Finanças ou Bancos","Acima de 3.000","Estou em busca de oportunidades, mas apenas fora do Brasil","26"
"2025","risco_turnover","Tecnologia/Fábrica de Software","de 11 a 50","Não estou buscando e não pretendo mudar de emprego nos próximos 6 meses","26"
"2025","risco_turnover","Tecnologia/Fábrica de Software","de 501 a 1.000","Não estou buscando, mas me considero aberto a outras oportunidades","26"
"2025","risco_turnover","Telecomunicação","Acima de 3.000","Não estou buscando, mas me considero aberto a outras oportunidades","24"
"2025","risco_turnover","Tecnologia/Fábrica de Software","de 51 a 100","Não estou buscando, mas me considero aberto a outras oportunidades","24"
"2025","risco_turnover","Outra Opção","Acima de 3.000","Estou em busca de oportunidades dentro ou fora do Brasil","24"
"2025","risco_turnover","Área da Saúde","Acima de 3.000","Não estou buscando, mas me considero aberto a outras oportunidades","23"
"2025","risco_turnover","Finanças ou Bancos","de 501 a 1.000","Não estou buscando, mas me considero aberto a outras oportunidades","22"
"2025","risco_turnover","Finanças ou Bancos","de 1.001 a 3.000","Não estou buscando, mas me considero aberto a outras oportunidades","22"
"2025","risco_turnover","Setor Público","Acima de 3.000","Não estou buscando e não pretendo mudar de emprego nos próximos 6 meses","21"
"2025","risco_turnover","Área de Consultoria","Acima de 3.000","Não estou buscando, mas me considero aberto a outras oportunidades","21"
"2025","risco_turnover","Área de Consultoria","de 101 a 500","Não estou buscando, mas me considero aberto a outras oportunidades","21"
"2025","risco_turnover","Setor Público","Acima de 3.000","Não estou buscando, mas me considero aberto a outras oportunidades","20"
"2025","risco_turnover","Finanças ou Bancos","de 501 a 1.000","Não estou buscando e não pretendo mudar de emprego nos próximos 6 meses","20"
"2025","risco_turnover","Tecnologia/Fábrica de Software","de 101 a 500","Não estou buscando e não pretendo mudar de emprego nos próximos 6 meses","19"
"2025","risco_turnover","Tecnologia/Fábrica de Software","de 51 a 100","Não estou buscando e não pretendo mudar de emprego nos próximos 6 meses","19"
"2025","risco_turnover","Educação","Acima de 3.000","Estou em busca de oportunidades dentro ou fora do Brasil","18"
"2025","risco_turnover","Varejo","Acima de 3.000","Estou em busca de oportunidades dentro ou fora do Brasil","18"
"2025","risco_turnover","Finanças ou Bancos","de 101 a 500","Estou em busca de oportunidades dentro ou fora do Brasil","17"
"2025","risco_turnover","Área de Consultoria","de 101 a 500","Estou em busca de oportunidades dentro ou fora do Brasil","17"
"2025","risco_turnover","Tecnologia/Fábrica de Software","de 11 a 50","Estou em busca de oportunidades dentro ou fora do Brasil","17"
"2025","risco_turnover","Setor Automotivo","Acima de 3.000","Não estou buscando, mas me considero aberto a outras oportunidades","17"
"2025","risco_turnover","Outra Opção","de 101 a 500","Não estou buscando e não pretendo mudar de emprego nos próximos 6 meses","17"
"2025","risco_turnover","Tecnologia/Fábrica de Software","de 501 a 1.000","Estou em busca de oportunidades dentro ou fora do Brasil","17"
"2025","risco_turnover","Área de Consultoria","Acima de 3.000","Estou em busca de oportunidades, mas apenas fora do Brasil","17"
"2025","risco_turnover","Área de Consultoria","Acima de 3.000","Não estou buscando e não pretendo mudar de emprego nos próximos 6 meses","17"
"2025","risco_turnover","Outra Opção","de 101 a 500","Não estou buscando, mas me considero aberto a outras oportunidades","16"
"2025","risco_turnover","Área de Consultoria","de 501 a 1.000","Não estou buscando, mas me considero aberto a outras oportunidades","15"
"2025","risco_turnover","Educação","de 101 a 500","Estou em busca de oportunidades dentro ou fora do Brasil","15"
"2025","risco_turnover","Setor Alimentício","Acima de 3.000","Não estou buscando e não pretendo mudar de emprego nos próximos 6 meses","15"
"2025","risco_turnover","Área de Consultoria","Acima de 3.000","Estou em busca de oportunidades dentro ou fora do Brasil","15"
"2025","risco_turnover","Outra Opção","Acima de 3.000","Não estou buscando e não pretendo mudar de emprego nos próximos 6 meses","15"
"2025","risco_turnover","Tecnologia/Fábrica de Software","de 1.001 a 3.000","Não estou buscando e não pretendo mudar de emprego nos próximos 6 meses","15"
"2025","risco_turnover","Finanças ou Bancos","de 1.001 a 3.000","Estou em busca de oportunidades dentro ou fora do Brasil","15"
"2025","risco_turnover","Setor Alimentício","Acima de 3.000","Não estou buscando, mas me considero aberto a outras oportunidades","14"
"2025","risco_turnover","Área de Consultoria","de 51 a 100","Não estou buscando, mas me considero aberto a outras oportunidades","14"
"2025","risco_turnover","Tecnologia/Fábrica de Software","de 501 a 1.000","Não estou buscando e não pretendo mudar de emprego nos próximos 6 meses","14"
"2025","risco_turnover","Finanças ou Bancos","de 101 a 500","Não estou buscando e não pretendo mudar de emprego nos próximos 6 meses","14"
"2025","risco_turnover","Área de Consultoria","de 11 a 50","Não estou buscando, mas me considero aberto a outras oportunidades","14"
"2025","risco_turnover","Finanças ou Bancos","de 1.001 a 3.000","Não estou buscando e não pretendo mudar de emprego nos próximos 6 meses","13"
"2025","risco_turnover","Telecomunicação","Acima de 3.000","Estou em busca de oportunidades dentro ou fora do Brasil","13"
"2025","risco_turnover","Agronegócios","Acima de 3.000","Não estou buscando, mas me considero aberto a outras oportunidades","13"
"2025","risco_turnover","Varejo","de 101 a 500","Não estou buscando, mas me considero aberto a outras oportunidades","13"
"2025","risco_turnover","Área da Saúde","Acima de 3.000","Não estou buscando e não pretendo mudar de emprego nos próximos 6 meses","13"
"2025","risco_turnover","Tecnologia/Fábrica de Software","de 51 a 100","Estou em busca de oportunidades dentro ou fora do Brasil","13"
"2025","risco_turnover","Finanças ou Bancos","de 501 a 1.000","Estou em busca de oportunidades dentro ou fora do Brasil","13"
"2025","risco_turnover","Tecnologia/Fábrica de Software","de 101 a 500","Estou em busca de oportunidades, mas apenas fora do Brasil","13"
"2025","risco_turnover","Indústria","de 1.001 a 3.000","Estou em busca de oportunidades dentro ou fora do Brasil","12"
"2025","risco_turnover","Tecnologia/Fábrica de Software","Acima de 3.000","Estou em busca de oportunidades, mas apenas fora do Brasil","12"
"2025","risco_turnover","Outra Opção","de 501 a 1.000","Não estou buscando e não pretendo mudar de emprego nos próximos 6 meses","12"
"2025","risco_turnover","Indústria","de 51 a 100","Estou em busca de oportunidades dentro ou fora do Brasil","12"
"2025","risco_turnover","Tecnologia/Fábrica de Software","de 51 a 100","Estou em busca de oportunidades, mas apenas fora do Brasil","12"
"2025","risco_turnover","Internet/Ecommerce","Acima de 3.000","Não estou buscando e não pretendo mudar de emprego nos próximos 6 meses","12"
"2025","risco_turnover","Área de Consultoria","de 101 a 500","Estou em busca de oportunidades, mas apenas fora do Brasil","12"
"2025","risco_turnover","Setor Público","de 1.001 a 3.000","Não estou buscando, mas me considero aberto a outras oportunidades","12"
"2025","risco_turnover","Indústria","de 101 a 500","Não estou buscando, mas me considero aberto a outras oportunidades","12"
"2025","risco_turnover","Outra Opção","de 501 a 1.000","Estou em busca de oportunidades dentro ou fora do Brasil","12"
"2025","risco_turnover","Indústria","de 501 a 1.000","Não estou buscando, mas me considero aberto a outras oportunidades","12"
"2025","risco_turnover","Outra Opção","de 501 a 1.000","Não estou buscando, mas me considero aberto a outras oportunidades","11"
"2025","risco_turnover","Educação","de 1.001 a 3.000","Não estou buscando e não pretendo mudar de emprego nos próximos 6 meses","11"
"2025","risco_turnover","Setor Público","Acima de 3.000","Estou em busca de oportunidades dentro ou fora do Brasil","11"
"2025","risco_turnover","Outra Opção","de 51 a 100","Não estou buscando, mas me considero aberto a outras oportunidades","10"
"2025","risco_turnover","Área de Consultoria","de 1 a 5","Não estou buscando, mas me considero aberto a outras oportunidades","10"
"2025","risco_turnover","Indústria","de 101 a 500","Estou em busca de oportunidades dentro ou fora do Brasil","10"
"2025","risco_turnover","Educação","de 1.001 a 3.000","Não estou buscando, mas me considero aberto a outras oportunidades","10"
"2025","risco_turnover","Setor Público","de 101 a 500","Estou em busca de oportunidades dentro ou fora do Brasil","10"
"2025","risco_turnover","Internet/Ecommerce","de 101 a 500","Não estou buscando, mas me considero aberto a outras oportunidades","10"
"2025","risco_turnover","Setor Público","de 101 a 500","Não estou buscando, mas me considero aberto a outras oportunidades","10"
"2025","risco_turnover","Educação","Acima de 3.000","Não estou buscando e não pretendo mudar de emprego nos próximos 6 meses","10"
"2025","risco_turnover","Tecnologia/Fábrica de Software","de 1.001 a 3.000","Estou em busca de oportunidades dentro ou fora do Brasil","10"
"2025","risco_turnover","Área da Saúde","de 1.001 a 3.000","Não estou buscando, mas me considero aberto a outras oportunidades","9"
"2025","risco_turnover","Varejo","Acima de 3.000","Estou em busca de oportunidades, mas apenas fora do Brasil","9"
"2025","risco_turnover","Área de Consultoria","de 1 a 5","Não estou buscando e não pretendo mudar de emprego nos próximos 6 meses","9"
"2025","risco_turnover","Indústria","de 1.001 a 3.000","Não estou buscando, mas me considero aberto a outras oportunidades","9"
"2025","risco_turnover","Área de Consultoria","de 51 a 100","Estou em busca de oportunidades dentro ou fora do Brasil","9"
"2025","risco_turnover","Setor de Energia","Acima de 3.000","Não estou buscando, mas me considero aberto a outras oportunidades","9"
"2025","risco_turnover","Setor Alimentício","Acima de 3.000","Estou em busca de oportunidades dentro ou fora do Brasil","9"
"2025","risco_turnover","Tecnologia/Fábrica de Software","de 11 a 50","Estou em busca de oportunidades, mas apenas fora do Brasil","9"
"2025","risco_turnover","Marketing","de 101 a 500","Não estou buscando, mas me considero aberto a outras oportunidades","9"
"2025","risco_turnover","Outra Opção","de 101 a 500","Estou em busca de oportunidades dentro ou fora do Brasil","9"
"2025","risco_turnover","Área de Consultoria","de 11 a 50","Não estou buscando e não pretendo mudar de emprego nos próximos 6 meses","8"
"2025","risco_turnover","Área de Consultoria","de 101 a 500","Não estou buscando e não pretendo mudar de emprego nos próximos 6 meses","8"
"2025","risco_turnover","Outra Opção","de 1.001 a 3.000","Estou em busca de oportunidades dentro ou fora do Brasil","8"
"2025","risco_turnover","Outra Opção","Acima de 3.000","Estou em busca de oportunidades, mas apenas fora do Brasil","8"
"2025","risco_turnover","Finanças ou Bancos","de 101 a 500","Estou em busca de oportunidades, mas apenas fora do Brasil","8"
"2025","risco_turnover","Área de Consultoria","de 501 a 1.000","Estou em busca de oportunidades, mas apenas fora do Brasil","8"
"2025","risco_turnover","Varejo","de 1.001 a 3.000","Não estou buscando, mas me considero aberto a outras oportunidades","8"
"2025","risco_turnover","Varejo","de 101 a 500","Estou em busca de oportunidades dentro ou fora do Brasil","8"
"2025","risco_turnover","Área da Saúde","de 501 a 1.000","Não estou buscando, mas me considero aberto a outras oportunidades","8"
"2025","risco_turnover","Finanças ou Bancos","de 11 a 50","Não estou buscando, mas me considero aberto a outras oportunidades","8"
"2025","risco_turnover","Educação","de 501 a 1.000","Não estou buscando, mas me considero aberto a outras oportunidades","8"
"2025","risco_turnover","Marketing","de 101 a 500","Não estou buscando e não pretendo mudar de emprego nos próximos 6 meses","8"
"2025","risco_turnover","Setor Público","de 1.001 a 3.000","Não estou buscando e não pretendo mudar de emprego nos próximos 6 meses","8"
"2025","risco_turnover","Indústria","de 501 a 1.000","Estou em busca de oportunidades dentro ou fora do Brasil","8"
"2025","risco_turnover","Área de Consultoria","de 51 a 100","Não estou buscando e não pretendo mudar de emprego nos próximos 6 meses","8"
"2025","risco_turnover","Internet/Ecommerce","de 1.001 a 3.000","Não estou buscando e não pretendo mudar de emprego nos próximos 6 meses","8"
"2025","risco_turnover","Setor Público","de 1.001 a 3.000","Estou em busca de oportunidades dentro ou fora do Brasil","7"
"2025","risco_turnover","Setor Público","de 501 a 1.000","Estou em busca de oportunidades dentro ou fora do Brasil","7"
"2025","risco_turnover","Outra Opção","de 51 a 100","Estou em busca de oportunidades dentro ou fora do Brasil","7"
"2025","risco_turnover","Marketing","de 101 a 500","Estou em busca de oportunidades dentro ou fora do Brasil","7"
"2025","risco_turnover","Setor Imobiliário/ Construção Civil","Acima de 3.000","Não estou buscando, mas me considero aberto a outras oportunidades","7"
"2025","risco_turnover","Educação","de 101 a 500","Não estou buscando, mas me considero aberto a outras oportunidades","7"
"2025","risco_turnover","Indústria","de 501 a 1.000","Não estou buscando e não pretendo mudar de emprego nos próximos 6 meses","7"
"2025","risco_turnover","Setor Imobiliário/ Construção Civil","de 101 a 500","Não estou buscando, mas me considero aberto a outras oportunidades","7"
"2025","risco_turnover","Área de Consultoria","de 1.001 a 3.000","Estou em busca de oportunidades dentro ou fora do Brasil","7"
"2025","risco_turnover","Setor de Energia","Acima de 3.000","Não estou buscando e não pretendo mudar de emprego nos próximos 6 meses","7"
"2025","risco_turnover","Finanças ou Bancos","de 51 a 100","Não estou buscando, mas me considero aberto a outras oportunidades","7"
"2025","risco_turnover","Setor de Energia","de 101 a 500","Não estou buscando, mas me considero aberto a outras oportunidades","7"
"2025","risco_turnover","Outra Opção","de 1.001 a 3.000","Não estou buscando e não pretendo mudar de emprego nos próximos 6 meses","7"
"2025","risco_turnover","Entretenimento ou Esportes","Acima de 3.000","Não estou buscando e não pretendo mudar de emprego nos próximos 6 meses","7"
"2025","risco_turnover","Outra Opção","de 1 a 5","Não estou buscando, mas me considero aberto a outras oportunidades","7"
"2025","risco_turnover","Internet/Ecommerce","de 1.001 a 3.000","Não estou buscando, mas me considero aberto a outras oportunidades","7"
"2025","risco_turnover","Setor Imobiliário/ Construção Civil","Acima de 3.000","Não estou buscando e não pretendo mudar de emprego nos próximos 6 meses","7"
"2025","risco_turnover","Indústria","Acima de 3.000","Estou em busca de oportunidades, mas apenas fora do Brasil","7"
"2025","risco_turnover","Seguros ou Previdência","de 101 a 500","Não estou buscando, mas me considero aberto a outras oportunidades","7"
"2025","risco_turnover","Área da Saúde","de 501 a 1.000","Estou em busca de oportunidades dentro ou fora do Brasil","7"
"2025","risco_turnover","Outra Opção","de 1.001 a 3.000","Não estou buscando, mas me considero aberto a outras oportunidades","7"
"2025","risco_turnover","Área da Saúde","Acima de 3.000","Estou em busca de oportunidades dentro ou fora do Brasil","7"
"2025","risco_turnover","Finanças ou Bancos","de 11 a 50","Estou em busca de oportunidades dentro ou fora do Brasil","7"
"2025","risco_turnover","Agronegócios","Acima de 3.000","Não estou buscando e não pretendo mudar de emprego nos próximos 6 meses","7"
"2025","risco_turnover","Educação","de 1.001 a 3.000","Estou em busca de oportunidades dentro ou fora do Brasil","6"
"2025","risco_turnover","Setor Automotivo","Acima de 3.000","Não estou buscando e não pretendo mudar de emprego nos próximos 6 meses","6"
"2025","risco_turnover","Marketing","de 11 a 50","Estou em busca de oportunidades dentro ou fora do Brasil","6"
"2025","risco_turnover","Seguros ou Previdência","de 501 a 1.000","Estou em busca de oportunidades dentro ou fora do Brasil","6"
"2025","risco_turnover","Finanças ou Bancos","de 501 a 1.000","Estou em busca de oportunidades, mas apenas fora do Brasil","6"
"2025","risco_turnover","Setor Alimentício","de 101 a 500","Não estou buscando, mas me considero aberto a outras oportunidades","6"
"2025","risco_turnover","Internet/Ecommerce","de 101 a 500","Não estou buscando e não pretendo mudar de emprego nos próximos 6 meses","6"
"2025","risco_turnover","Área da Saúde","de 101 a 500","Não estou buscando, mas me considero aberto a outras oportunidades","6"
"2025","risco_turnover","Telecomunicação","Acima de 3.000","Não estou buscando e não pretendo mudar de emprego nos próximos 6 meses","6"
"2025","risco_turnover","Finanças ou Bancos","de 51 a 100","Não estou buscando e não pretendo mudar de emprego nos próximos 6 meses","6"
"2025","risco_turnover","Internet/Ecommerce","Acima de 3.000","Estou em busca de oportunidades dentro ou fora do Brasil","6"
"2025","risco_turnover","Educação","de 501 a 1.000","Estou em busca de oportunidades dentro ou fora do Brasil","6"
"2025","risco_turnover","Área de Consultoria","de 1.001 a 3.000","Não estou buscando, mas me considero aberto a outras oportunidades","6"
"2025","risco_turnover","Entretenimento ou Esportes","de 101 a 500","Não estou buscando, mas me considero aberto a outras oportunidades","6"
"2025","risco_turnover","Área de Consultoria","de 11 a 50","Estou em busca de oportunidades, mas apenas fora do Brasil","6"
"2025","risco_turnover","Agronegócios","Acima de 3.000","Estou em busca de oportunidades dentro ou fora do Brasil","6"
"2025","risco_turnover","Seguros ou Previdência","Acima de 3.000","Não estou buscando, mas me considero aberto a outras oportunidades","6"
"2025","risco_turnover","Tecnologia/Fábrica de Software","de 1 a 5","Estou em busca de oportunidades dentro ou fora do Brasil","6"
"2025","risco_turnover","Setor Automotivo","Acima de 3.000","Estou em busca de oportunidades dentro ou fora do Brasil","6"
"2025","risco_turnover","Indústria","de 11 a 50","Estou em busca de oportunidades dentro ou fora do Brasil","6"
"2025","risco_turnover","Marketing","Acima de 3.000","Não estou buscando, mas me considero aberto a outras oportunidades","6"
"2025","risco_turnover","Varejo","de 1.001 a 3.000","Estou em busca de oportunidades dentro ou fora do Brasil","6"
"2025","risco_turnover","Finanças ou Bancos","de 51 a 100","Estou em busca de oportunidades, mas apenas fora do Brasil","6"
"2025","risco_turnover","Área de Consultoria","de 501 a 1.000","Não estou buscando e não pretendo mudar de emprego nos próximos 6 meses","6"
"2025","risco_turnover","Filantropia/ONG's","de 11 a 50","Estou em busca de oportunidades dentro ou fora do Brasil","5"
"2025","risco_turnover","Varejo","de 501 a 1.000","Não estou buscando, mas me considero aberto a outras oportunidades","5"
"2025","risco_turnover","Indústria","de 6 a 10","Estou em busca de oportunidades dentro ou fora do Brasil","5"
"2025","risco_turnover","Agronegócios","de 1.001 a 3.000","Estou em busca de oportunidades dentro ou fora do Brasil","5"
"2025","risco_turnover","Outra Opção","de 1 a 5","Estou em busca de oportunidades dentro ou fora do Brasil","5"
"2025","risco_turnover","Área da Saúde","de 11 a 50","Estou em busca de oportunidades dentro ou fora do Brasil","5"
"2025","risco_turnover","Finanças ou Bancos","de 51 a 100","Estou em busca de oportunidades dentro ou fora do Brasil","5"
"2025","risco_turnover","Educação","de 1 a 5","Não estou buscando e não pretendo mudar de emprego nos próximos 6 meses","5"
"2025","risco_turnover","Área da Saúde","de 51 a 100","Não estou buscando, mas me considero aberto a outras oportunidades","5"
"2025","risco_turnover","Área da Saúde","de 101 a 500","Estou em busca de oportunidades dentro ou fora do Brasil","5"
"2025","risco_turnover","Marketing","de 11 a 50","Não estou buscando, mas me considero aberto a outras oportunidades","5"
"2025","risco_turnover","Indústria","de 1.001 a 3.000","Estou em busca de oportunidades, mas apenas fora do Brasil","5"
"2025","risco_turnover","Marketing","de 51 a 100","Estou em busca de oportunidades dentro ou fora do Brasil","5"
"2025","risco_turnover","Finanças ou Bancos","de 1.001 a 3.000","Estou em busca de oportunidades, mas apenas fora do Brasil","5"
"2025","risco_turnover","Setor de Energia","de 501 a 1.000","Não estou buscando, mas me considero aberto a outras oportunidades","5"
"2025","risco_turnover","Tecnologia/Fábrica de Software","de 6 a 10","Não estou buscando e não pretendo mudar de emprego nos próximos 6 meses","5"
"2025","risco_turnover","Área de Consultoria","de 1.001 a 3.000","Estou em busca de oportunidades, mas apenas fora do Brasil","5"
"2025","risco_turnover","Seguros ou Previdência","de 101 a 500","Não estou buscando e não pretendo mudar de emprego nos próximos 6 meses","5"
"2025","risco_turnover","Internet/Ecommerce","de 51 a 100","Não estou buscando e não pretendo mudar de emprego nos próximos 6 meses","5"
"2025","risco_turnover","Área da Saúde","de 1.001 a 3.000","Estou em busca de oportunidades dentro ou fora do Brasil","5"
"2025","risco_turnover","Educação","de 51 a 100","Estou em busca de oportunidades dentro ou fora do Brasil","5"
"2025","risco_turnover","Educação","de 101 a 500","Não estou buscando e não pretendo mudar de emprego nos próximos 6 meses","5"
"2025","risco_turnover","Área da Saúde","de 1.001 a 3.000","Estou em busca de oportunidades, mas apenas fora do Brasil","5"
"2025","risco_turnover","Varejo","de 1.001 a 3.000","Não estou buscando e não pretendo mudar de emprego nos próximos 6 meses","5"
"2025","risco_turnover","Tecnologia/Fábrica de Software","de 1 a 5","Não estou buscando, mas me considero aberto a outras oportunidades","5"
"2025","risco_turnover","Marketing","de 501 a 1.000","Estou em busca de oportunidades dentro ou fora do Brasil","5"
"2025","risco_turnover","Área da Saúde","de 501 a 1.000","Não estou buscando e não pretendo mudar de emprego nos próximos 6 meses","5"
"2025","risco_turnover","Área de Consultoria","de 51 a 100","Estou em busca de oportunidades, mas apenas fora do Brasil","5"
"2025","risco_turnover","Entretenimento ou Esportes","Acima de 3.000","Não estou buscando, mas me considero aberto a outras oportunidades","5"
"2025","risco_turnover","Agronegócios","de 501 a 1.000","Não estou buscando, mas me considero aberto a outras oportunidades","5"
"2025","risco_turnover","Tecnologia/Fábrica de Software","de 1.001 a 3.000","Estou em busca de oportunidades, mas apenas fora do Brasil","5"
"2025","risco_turnover","Setor Público","de 101 a 500","Não estou buscando e não pretendo mudar de emprego nos próximos 6 meses","5"
"2025","risco_turnover","Marketing","de 1.001 a 3.000","Não estou buscando, mas me considero aberto a outras oportunidades","5"
"2025","risco_turnover","Área da Saúde","de 1.001 a 3.000","Não estou buscando e não pretendo mudar de emprego nos próximos 6 meses","5"
"2025","risco_turnover","Entretenimento ou Esportes","de 101 a 500","Não estou buscando e não pretendo mudar de emprego nos próximos 6 meses","5"
"2025","risco_turnover","Entretenimento ou Esportes","Acima de 3.000","Estou em busca de oportunidades, mas apenas fora do Brasil","5"
"2025","risco_turnover","Setor Alimentício","de 1.001 a 3.000","Não estou buscando, mas me considero aberto a outras oportunidades","4"
"2025","risco_turnover","Varejo","de 51 a 100","Não estou buscando, mas me considero aberto a outras oportunidades","4"
"2025","risco_turnover","Setor de Energia","de 6 a 10","Estou em busca de oportunidades dentro ou fora do Brasil","4"
"2025","risco_turnover","Setor Automotivo","Acima de 3.000","Estou em busca de oportunidades, mas apenas fora do Brasil","4"
"2025","risco_turnover","Outra Opção","de 11 a 50","Não estou buscando, mas me considero aberto a outras oportunidades","4"
"2025","risco_turnover","Marketing","de 51 a 100","Não estou buscando e não pretendo mudar de emprego nos próximos 6 meses","4"
"2025","risco_turnover","Área de Consultoria","de 501 a 1.000","Estou em busca de oportunidades dentro ou fora do Brasil","4"
"2025","risco_turnover","Área de Consultoria","de 11 a 50","Estou em busca de oportunidades dentro ou fora do Brasil","4"
"2025","risco_turnover","Varejo","de 11 a 50","Estou em busca de oportunidades dentro ou fora do Brasil","4"
"2025","risco_turnover","Área da Saúde","de 11 a 50","Não estou buscando e não pretendo mudar de emprego nos próximos 6 meses","4"
"2025","risco_turnover","Marketing","de 51 a 100","Não estou buscando, mas me considero aberto a outras oportunidades","4"
"2025","risco_turnover","Educação","de 11 a 50","Estou em busca de oportunidades dentro ou fora do Brasil","4"
"2025","risco_turnover","Setor Público","Acima de 3.000","Estou em busca de oportunidades, mas apenas fora do Brasil","4"
"2025","risco_turnover","Outra Opção","de 1.001 a 3.000","Estou em busca de oportunidades, mas apenas fora do Brasil","4"
"2025","risco_turnover","Educação","de 1.001 a 3.000","Estou em busca de oportunidades, mas apenas fora do Brasil","4"
"2025","risco_turnover","Finanças ou Bancos","de 11 a 50","Não estou buscando e não pretendo mudar de emprego nos próximos 6 meses","4"
"2025","risco_turnover","Área de Consultoria","de 6 a 10","Estou em busca de oportunidades dentro ou fora do Brasil","4"
"2025","risco_turnover","Varejo","de 101 a 500","Estou em busca de oportunidades, mas apenas fora do Brasil","4"
"2025","risco_turnover","Internet/Ecommerce","Acima de 3.000","Estou em busca de oportunidades, mas apenas fora do Brasil","4"
"2025","risco_turnover","Indústria","de 1.001 a 3.000","Não estou buscando e não pretendo mudar de emprego nos próximos 6 meses","4"
"2025","risco_turnover","Filantropia/ONG's","de 51 a 100","Não estou buscando, mas me considero aberto a outras oportunidades","4"
"2025","risco_turnover","Área de Consultoria","de 1.001 a 3.000","Não estou buscando e não pretendo mudar de emprego nos próximos 6 meses","4"
"2025","risco_turnover","Marketing","de 1 a 5","Estou em busca de oportunidades dentro ou fora do Brasil","4"
"2025","risco_turnover","Telecomunicação","de 101 a 500","Não estou buscando, mas me considero aberto a outras oportunidades","4"
"2025","risco_turnover","Entretenimento ou Esportes","Acima de 3.000","Estou em busca de oportunidades dentro ou fora do Brasil","4"
"2025","risco_turnover","Telecomunicação","de 1.001 a 3.000","Não estou buscando, mas me considero aberto a outras oportunidades","4"
"2025","risco_turnover","Outra Opção","de 51 a 100","Não estou buscando e não pretendo mudar de emprego nos próximos 6 meses","4"
"2025","risco_turnover","Setor Público","de 51 a 100","Não estou buscando, mas me considero aberto a outras oportunidades","4"
"2025","risco_turnover","Setor Alimentício","de 51 a 100","Estou em busca de oportunidades dentro ou fora do Brasil","4"
"2025","risco_turnover","Setor de Energia","de 101 a 500","Não estou buscando e não pretendo mudar de emprego nos próximos 6 meses","4"
"2025","risco_turnover","Área de Consultoria","de 6 a 10","Não estou buscando e não pretendo mudar de emprego nos próximos 6 meses","3"
"2025","risco_turnover","Finanças ou Bancos","de 6 a 10","Estou em busca de oportunidades dentro ou fora do Brasil","3"
"2025","risco_turnover","Telecomunicação","de 501 a 1.000","Estou em busca de oportunidades dentro ou fora do Brasil","3"
"2025","risco_turnover","Outra Opção","de 11 a 50","Estou em busca de oportunidades dentro ou fora do Brasil","3"
"2025","risco_turnover","Educação","de 11 a 50","Não estou buscando e não pretendo mudar de emprego nos próximos 6 meses","3"
"2025","risco_turnover","Educação","de 501 a 1.000","Não estou buscando e não pretendo mudar de emprego nos próximos 6 meses","3"
"2025","risco_turnover","Agronegócios","de 101 a 500","Não estou buscando, mas me considero aberto a outras oportunidades","3"
"2025","risco_turnover","Marketing","de 51 a 100","Estou em busca de oportunidades, mas apenas fora do Brasil","3"
"2025","risco_turnover","Seguros ou Previdência","Acima de 3.000","Estou em busca de oportunidades dentro ou fora do Brasil","3"
"2025","risco_turnover","Tecnologia/Fábrica de Software","de 1 a 5","Não estou buscando e não pretendo mudar de emprego nos próximos 6 meses","3"
"2025","risco_turnover","Indústria","de 51 a 100","Estou em busca de oportunidades, mas apenas fora do Brasil","3"
"2025","risco_turnover","Marketing","de 1 a 5","Não estou buscando, mas me considero aberto a outras oportunidades","3"
"2025","risco_turnover","Setor de Energia","Acima de 3.000","Estou em busca de oportunidades dentro ou fora do Brasil","3"
"2025","risco_turnover","Seguros ou Previdência","de 51 a 100","Não estou buscando, mas me considero aberto a outras oportunidades","3"
"2025","risco_turnover","Internet/Ecommerce","de 501 a 1.000","Estou em busca de oportunidades dentro ou fora do Brasil","3"
"2025","risco_turnover","Tecnologia/Fábrica de Software","de 6 a 10","Não estou buscando, mas me considero aberto a outras oportunidades","3"
"2025","risco_turnover","Setor Público","de 11 a 50","Estou em busca de oportunidades dentro ou fora do Brasil","3"
"2025","risco_turnover","Área da Saúde","de 51 a 100","Não estou buscando e não pretendo mudar de emprego nos próximos 6 meses","3"
"2025","risco_turnover","Setor de Energia","de 101 a 500","Estou em busca de oportunidades dentro ou fora do Brasil","3"
"2025","risco_turnover","Internet/Ecommerce","de 1.001 a 3.000","Estou em busca de oportunidades dentro ou fora do Brasil","3"
"2025","risco_turnover","Setor Alimentício","de 1 a 5","Estou em busca de oportunidades dentro ou fora do Brasil","3"
"2025","risco_turnover","Telecomunicação","de 101 a 500","Não estou buscando e não pretendo mudar de emprego nos próximos 6 meses","3"
"2025","risco_turnover","Área da Saúde","de 101 a 500","Não estou buscando e não pretendo mudar de emprego nos próximos 6 meses","3"
"2025","risco_turnover","Agronegócios","de 501 a 1.000","Estou em busca de oportunidades dentro ou fora do Brasil","3"
"2025","risco_turnover","Indústria","de 101 a 500","Não estou buscando e não pretendo mudar de emprego nos próximos 6 meses","3"
"2025","risco_turnover","Educação","de 11 a 50","Não estou buscando, mas me considero aberto a outras oportunidades","3"
"2025","risco_turnover","Finanças ou Bancos","de 1 a 5","Não estou buscando e não pretendo mudar de emprego nos próximos 6 meses","3"
"2025","risco_turnover","Área de Consultoria","de 6 a 10","Não estou buscando, mas me considero aberto a outras oportunidades","3"
"2025","risco_turnover","Agronegócios","de 1.001 a 3.000","Não estou buscando e não pretendo mudar de emprego nos próximos 6 meses","3"
"2025","risco_turnover","Setor Imobiliário/ Construção Civil","de 1 a 5","Estou em busca de oportunidades dentro ou fora do Brasil","3"
"2025","risco_turnover","Agronegócios","de 51 a 100","Não estou buscando, mas me considero aberto a outras oportunidades","3"
"2025","risco_turnover","Marketing","Acima de 3.000","Estou em busca de oportunidades dentro ou fora do Brasil","3"
"2025","risco_turnover","Agronegócios","de 11 a 50","Estou em busca de oportunidades dentro ou fora do Brasil","3"
"2025","risco_turnover","Setor Automotivo","de 11 a 50","Não estou buscando, mas me considero aberto a outras oportunidades","3"
"2025","risco_turnover","Outra Opção","de 51 a 100","Estou em busca de oportunidades, mas apenas fora do Brasil","3"
"2025","risco_turnover","Educação","de 51 a 100","Não estou buscando e não pretendo mudar de emprego nos próximos 6 meses","3"
"2025","risco_turnover","Outra Opção","de 6 a 10","Não estou buscando, mas me considero aberto a outras oportunidades","3"
"2025","risco_turnover","Indústria","de 501 a 1.000","Estou em busca de oportunidades, mas apenas fora do Brasil","3"
"2025","risco_turnover","Varejo","de 501 a 1.000","Estou em busca de oportunidades dentro ou fora do Brasil","3"
"2025","risco_turnover","Setor de Energia","de 1.001 a 3.000","Estou em busca de oportunidades dentro ou fora do Brasil","3"
"2025","risco_turnover","Agronegócios","de 101 a 500","Não estou buscando e não pretendo mudar de emprego nos próximos 6 meses","3"
"2025","risco_turnover","Marketing","de 6 a 10","Não estou buscando, mas me considero aberto a outras oportunidades","3"
"2025","risco_turnover","Setor Alimentício","de 11 a 50","Estou em busca de oportunidades dentro ou fora do Brasil","3"
"2025","risco_turnover","Setor de Energia","de 1.001 a 3.000","Não estou buscando e não pretendo mudar de emprego nos próximos 6 meses","3"
"2025","risco_turnover","Setor Farmaceutico","Acima de 3.000","Não estou buscando, mas me considero aberto a outras oportunidades","3"
"2025","risco_turnover","Tecnologia/Fábrica de Software","de 501 a 1.000","Estou em busca de oportunidades, mas apenas fora do Brasil","3"
"2025","risco_turnover","Setor Farmaceutico","Acima de 3.000","Estou em busca de oportunidades dentro ou fora do Brasil","3"
"2025","risco_turnover","Seguros ou Previdência","de 501 a 1.000","Não estou buscando e não pretendo mudar de emprego nos próximos 6 meses","3"
"2025","risco_turnover","Setor Alimentício","de 51 a 100","Não estou buscando, mas me considero aberto a outras oportunidades","2"
"2025","risco_turnover","Indústria","de 1 a 5","Estou em busca de oportunidades, mas apenas fora do Brasil","2"
"2025","risco_turnover","Área da Saúde","de 101 a 500","Estou em busca de oportunidades, mas apenas fora do Brasil","2"
"2025","risco_turnover","Indústria","de 51 a 100","Não estou buscando, mas me considero aberto a outras oportunidades","2"
"2025","risco_turnover","Setor Público","de 51 a 100","Estou em busca de oportunidades dentro ou fora do Brasil","2"
"2025","risco_turnover","Setor Público","de 11 a 50","Estou em busca de oportunidades, mas apenas fora do Brasil","2"
"2025","risco_turnover","Setor Imobiliário/ Construção Civil","de 501 a 1.000","Estou em busca de oportunidades dentro ou fora do Brasil","2"
"2025","risco_turnover","Setor de Energia","de 51 a 100","Não estou buscando e não pretendo mudar de emprego nos próximos 6 meses","2"
"2025","risco_turnover","Varejo","de 1 a 5","Estou em busca de oportunidades dentro ou fora do Brasil","2"
"2025","risco_turnover","Setor de Energia","de 11 a 50","Estou em busca de oportunidades, mas apenas fora do Brasil","2"
"2025","risco_turnover","Setor Alimentício","de 501 a 1.000","Estou em busca de oportunidades dentro ou fora do Brasil","2"
"2025","risco_turnover","Setor Imobiliário/ Construção Civil","de 51 a 100","Não estou buscando, mas me considero aberto a outras oportunidades","2"
"2025","risco_turnover","Setor Automotivo","de 501 a 1.000","Não estou buscando, mas me considero aberto a outras oportunidades","2"
"2025","risco_turnover","Setor de Energia","de 501 a 1.000","Não estou buscando e não pretendo mudar de emprego nos próximos 6 meses","2"
"2025","risco_turnover","Setor Público","de 51 a 100","Estou em busca de oportunidades, mas apenas fora do Brasil","2"
"2025","risco_turnover","Educação","de 101 a 500","Estou em busca de oportunidades, mas apenas fora do Brasil","2"
"2025","risco_turnover","Área de Consultoria","de 1 a 5","Estou em busca de oportunidades dentro ou fora do Brasil","2"
"2025","risco_turnover","Varejo","de 101 a 500","Não estou buscando e não pretendo mudar de emprego nos próximos 6 meses","2"
"2025","risco_turnover","Setor Imobiliário/ Construção Civil","de 101 a 500","Estou em busca de oportunidades dentro ou fora do Brasil","2"
"2025","risco_turnover","Indústria","de 1 a 5","Estou em busca de oportunidades dentro ou fora do Brasil","2"
"2025","risco_turnover","Setor Alimentício","Acima de 3.000","Estou em busca de oportunidades, mas apenas fora do Brasil","2"
"2025","risco_turnover","Varejo","de 11 a 50","Não estou buscando e não pretendo mudar de emprego nos próximos 6 meses","2"
"2025","risco_turnover","Setor Imobiliário/ Construção Civil","de 11 a 50","Estou em busca de oportunidades dentro ou fora do Brasil","2"
"2025","risco_turnover","Outra Opção","de 11 a 50","Não estou buscando e não pretendo mudar de emprego nos próximos 6 meses","2"
"2025","risco_turnover","Entretenimento ou Esportes","de 51 a 100","Não estou buscando e não pretendo mudar de emprego nos próximos 6 meses","2"
"2025","risco_turnover","Área da Saúde","de 501 a 1.000","Estou em busca de oportunidades, mas apenas fora do Brasil","2"
"2025","risco_turnover","Setor Imobiliário/ Construção Civil","de 11 a 50","Não estou buscando e não pretendo mudar de emprego nos próximos 6 meses","2"
"2025","risco_turnover","Telecomunicação","de 501 a 1.000","Não estou buscando, mas me considero aberto a outras oportunidades","2"
"2025","risco_turnover","Agronegócios","de 11 a 50","Não estou buscando e não pretendo mudar de emprego nos próximos 6 meses","2"
"2025","risco_turnover","Filantropia/ONG's","Acima de 3.000","Não estou buscando, mas me considero aberto a outras oportunidades","2"
"2025","risco_turnover","Setor Alimentício","de 101 a 500","Estou em busca de oportunidades dentro ou fora do Brasil","2"
"2025","risco_turnover","Outra Opção","de 1 a 5","Não estou buscando e não pretendo mudar de emprego nos próximos 6 meses","2"
"2025","risco_turnover","Outra Opção","de 6 a 10","Não estou buscando e não pretendo mudar de emprego nos próximos 6 meses","2"
"2025","risco_turnover","Agronegócios","de 1.001 a 3.000","Não estou buscando, mas me considero aberto a outras oportunidades","2"
"2025","risco_turnover","Seguros ou Previdência","de 1.001 a 3.000","Não estou buscando, mas me considero aberto a outras oportunidades","2"
"2025","risco_turnover","Marketing","de 1 a 5","Estou em busca de oportunidades, mas apenas fora do Brasil","2"
"2025","risco_turnover","Telecomunicação","de 101 a 500","Estou em busca de oportunidades dentro ou fora do Brasil","2"
"2025","risco_turnover","Setor Imobiliário/ Construção Civil","de 501 a 1.000","Não estou buscando, mas me considero aberto a outras oportunidades","2"
"2025","risco_turnover","Setor Imobiliário/ Construção Civil","Acima de 3.000","Estou em busca de oportunidades dentro ou fora do Brasil","2"
"2025","risco_turnover","Tecnologia/Fábrica de Software","de 1 a 5","Estou em busca de oportunidades, mas apenas fora do Brasil","2"
"2025","risco_turnover","Agronegócios","de 101 a 500","Estou em busca de oportunidades dentro ou fora do Brasil","2"
"2025","risco_turnover","Setor Farmaceutico","de 501 a 1.000","Não estou buscando, mas me considero aberto a outras oportunidades","2"
"2025","risco_turnover","Internet/Ecommerce","de 501 a 1.000","Não estou buscando, mas me considero aberto a outras oportunidades","2"
"2025","risco_turnover","Telecomunicação","de 1 a 5","Não estou buscando, mas me considero aberto a outras oportunidades","2"
"2025","risco_turnover","Setor Automotivo","de 101 a 500","Não estou buscando, mas me considero aberto a outras oportunidades","2"
"2025","risco_turnover","Telecomunicação","de 51 a 100","Não estou buscando, mas me considero aberto a outras oportunidades","2"
"2025","risco_turnover","Telecomunicação","Acima de 3.000","Estou em busca de oportunidades, mas apenas fora do Brasil","2"
"2025","risco_turnover","Setor Automotivo","de 101 a 500","Estou em busca de oportunidades, mas apenas fora do Brasil","2"
"2025","risco_turnover","Setor Imobiliário/ Construção Civil","de 101 a 500","Estou em busca de oportunidades, mas apenas fora do Brasil","2"
"2025","risco_turnover","Marketing","de 501 a 1.000","Não estou buscando, mas me considero aberto a outras oportunidades","2"
"2025","risco_turnover","Internet/Ecommerce","de 51 a 100","Não estou buscando, mas me considero aberto a outras oportunidades","2"
"2025","risco_turnover","Entretenimento ou Esportes","de 51 a 100","Não estou buscando, mas me considero aberto a outras oportunidades","2"
"2025","risco_turnover","Filantropia/ONG's","de 101 a 500","Não estou buscando, mas me considero aberto a outras oportunidades","2"
"2025","risco_turnover","Outra Opção","de 501 a 1.000","Estou em busca de oportunidades, mas apenas fora do Brasil","2"
"2025","risco_turnover","Setor Automotivo","de 101 a 500","Estou em busca de oportunidades dentro ou fora do Brasil","2"
"2025","risco_turnover","Área de Consultoria","de 1 a 5","Estou em busca de oportunidades, mas apenas fora do Brasil","2"
"2025","risco_turnover","Setor Automotivo","de 1.001 a 3.000","Não estou buscando e não pretendo mudar de emprego nos próximos 6 meses","2"
"2025","risco_turnover","Telecomunicação","de 11 a 50","Estou em busca de oportunidades, mas apenas fora do Brasil","2"
"2025","risco_turnover","Marketing","de 1 a 5","Não estou buscando e não pretendo mudar de emprego nos próximos 6 meses","2"
"2025","risco_turnover","Área da Saúde","de 11 a 50","Não estou buscando, mas me considero aberto a outras oportunidades","2"
"2025","risco_turnover","Filantropia/ONG's","de 51 a 100","Estou em busca de oportunidades dentro ou fora do Brasil","2"
"2025","risco_turnover","Marketing","de 11 a 50","Não estou buscando e não pretendo mudar de emprego nos próximos 6 meses","2"
"2025","risco_turnover","Setor Alimentício","de 501 a 1.000","Não estou buscando e não pretendo mudar de emprego nos próximos 6 meses","2"
"2025","risco_turnover","Internet/Ecommerce","de 101 a 500","Estou em busca de oportunidades, mas apenas fora do Brasil","2"
"2025","risco_turnover","Outra Opção","de 101 a 500","Estou em busca de oportunidades, mas apenas fora do Brasil","2"
"2025","risco_turnover","Educação","de 51 a 100","Não estou buscando, mas me considero aberto a outras oportunidades","2"
"2025","risco_turnover","Entretenimento ou Esportes","de 1.001 a 3.000","Não estou buscando, mas me considero aberto a outras oportunidades","2"
"2025","risco_turnover","Tecnologia/Fábrica de Software","de 6 a 10","Estou em busca de oportunidades dentro ou fora do Brasil","2"
"2025","risco_turnover","Setor Farmaceutico","de 101 a 500","Estou em busca de oportunidades dentro ou fora do Brasil","1"
"2025","risco_turnover","Educação","Acima de 3.000","Estou em busca de oportunidades, mas apenas fora do Brasil","1"
"2025","risco_turnover","Entretenimento ou Esportes","de 51 a 100","Estou em busca de oportunidades dentro ou fora do Brasil","1"
"2025","risco_turnover","Setor Imobiliário/ Construção Civil","de 1.001 a 3.000","Estou em busca de oportunidades, mas apenas fora do Brasil","1"
"2025","risco_turnover","Setor Imobiliário/ Construção Civil","de 11 a 50","Estou em busca de oportunidades, mas apenas fora do Brasil","1"
"2025","risco_turnover","Setor de Energia","de 11 a 50","Não estou buscando, mas me considero aberto a outras oportunidades","1"
"2025","risco_turnover","Entretenimento ou Esportes","de 101 a 500","Estou em busca de oportunidades dentro ou fora do Brasil","1"
"2025","risco_turnover","Setor Farmaceutico","de 51 a 100","Estou em busca de oportunidades dentro ou fora do Brasil","1"
"2025","risco_turnover","Varejo","de 1.001 a 3.000","Estou em busca de oportunidades, mas apenas fora do Brasil","1"
"2025","risco_turnover","Finanças ou Bancos","de 6 a 10","Não estou buscando e não pretendo mudar de emprego nos próximos 6 meses","1"
"2025","risco_turnover","Filantropia/ONG's","de 51 a 100","Não estou buscando e não pretendo mudar de emprego nos próximos 6 meses","1"
"2025","risco_turnover","Setor Público","de 51 a 100","Não estou buscando e não pretendo mudar de emprego nos próximos 6 meses","1"
"2025","risco_turnover","Varejo","de 6 a 10","Estou em busca de oportunidades dentro ou fora do Brasil","1"
"2025","risco_turnover","Setor Farmaceutico","de 51 a 100","Não estou buscando e não pretendo mudar de emprego nos próximos 6 meses","1"
"2025","risco_turnover","Internet/Ecommerce","de 101 a 500","Estou em busca de oportunidades dentro ou fora do Brasil","1"
"2025","risco_turnover","Setor Público","de 1 a 5","Estou em busca de oportunidades dentro ou fora do Brasil","1"
"2025","risco_turnover","Finanças ou Bancos","de 6 a 10","Não estou buscando, mas me considero aberto a outras oportunidades","1"
"2025","risco_turnover","Setor Farmaceutico","de 51 a 100","Não estou buscando, mas me considero aberto a outras oportunidades","1"
"2025","risco_turnover","Setor Público","de 501 a 1.000","Não estou buscando e não pretendo mudar de emprego nos próximos 6 meses","1"
"2025","risco_turnover","Varejo","de 11 a 50","Não estou buscando, mas me considero aberto a outras oportunidades","1"
"2025","risco_turnover","Seguros ou Previdência","de 51 a 100","Estou em busca de oportunidades dentro ou fora do Brasil","1"
"2025","risco_turnover","Educação","de 501 a 1.000","Estou em busca de oportunidades, mas apenas fora do Brasil","1"
"2025","risco_turnover","Setor Automotivo","de 501 a 1.000","Estou em busca de oportunidades dentro ou fora do Brasil","1"
"2025","risco_turnover","Telecomunicação","de 51 a 100","Estou em busca de oportunidades dentro ou fora do Brasil","1"
"2025","risco_turnover","Setor Automotivo","de 51 a 100","Estou em busca de oportunidades dentro ou fora do Brasil","1"
"2025","risco_turnover","Internet/Ecommerce","de 51 a 100","Estou em busca de oportunidades dentro ou fora do Brasil","1"
"2025","risco_turnover","Agronegócios","de 1.001 a 3.000","Estou em busca de oportunidades, mas apenas fora do Brasil","1"
"2025","risco_turnover","Indústria","de 11 a 50","Não estou buscando e não pretendo mudar de emprego nos próximos 6 meses","1"
"2025","risco_turnover","Setor Imobiliário/ Construção Civil","de 101 a 500","Não estou buscando e não pretendo mudar de emprego nos próximos 6 meses","1"
"2025","risco_turnover","Telecomunicação","de 1.001 a 3.000","Estou em busca de oportunidades dentro ou fora do Brasil","1"
"2025","risco_turnover","Marketing","de 1.001 a 3.000","Não estou buscando e não pretendo mudar de emprego nos próximos 6 meses","1"
"2025","risco_turnover","Setor Automotivo","de 6 a 10","Não estou buscando, mas me considero aberto a outras oportunidades","1"
"2025","risco_turnover","Internet/Ecommerce","de 11 a 50","Estou em busca de oportunidades, mas apenas fora do Brasil","1"
"2025","risco_turnover","Marketing","de 11 a 50","Estou em busca de oportunidades, mas apenas fora do Brasil","1"
"2025","risco_turnover","Setor Farmaceutico","de 101 a 500","Não estou buscando, mas me considero aberto a outras oportunidades","1"
"2025","risco_turnover","Telecomunicação","de 51 a 100","Não estou buscando e não pretendo mudar de emprego nos próximos 6 meses","1"
"2025","risco_turnover","Área de Consultoria","de 6 a 10","Estou em busca de oportunidades, mas apenas fora do Brasil","1"
"2025","risco_turnover","Agronegócios","de 6 a 10","Não estou buscando, mas me considero aberto a outras oportunidades","1"
"2025","risco_turnover","Indústria","de 11 a 50","Não estou buscando, mas me considero aberto a outras oportunidades","1"
"2025","risco_turnover","Marketing","de 501 a 1.000","Estou em busca de oportunidades, mas apenas fora do Brasil","1"
"2025","risco_turnover","Entretenimento ou Esportes","de 1.001 a 3.000","Estou em busca de oportunidades dentro ou fora do Brasil","1"
"2025","risco_turnover","Entretenimento ou Esportes","de 1.001 a 3.000","Não estou buscando e não pretendo mudar de emprego nos próximos 6 meses","1"
"2025","risco_turnover","Agronegócios","de 501 a 1.000","Não estou buscando e não pretendo mudar de emprego nos próximos 6 meses","1"
"2025","risco_turnover","Setor Público","de 11 a 50","Não estou buscando, mas me considero aberto a outras oportunidades","1"
"2025","risco_turnover","Seguros ou Previdência","Acima de 3.000","Estou em busca de oportunidades, mas apenas fora do Brasil","1"
"2025","risco_turnover","Filantropia/ONG's","Acima de 3.000","Não estou buscando e não pretendo mudar de emprego nos próximos 6 meses","1"
"2025","risco_turnover","Setor Farmaceutico","Acima de 3.000","Não estou buscando e não pretendo mudar de emprego nos próximos 6 meses","1"
"2025","risco_turnover","Seguros ou Previdência","Acima de 3.000","Não estou buscando e não pretendo mudar de emprego nos próximos 6 meses","1"
"2025","risco_turnover","Setor Automotivo","de 101 a 500","Não estou buscando e não pretendo mudar de emprego nos próximos 6 meses","1"
"2025","risco_turnover","Seguros ou Previdência","de 51 a 100","Não estou buscando e não pretendo mudar de emprego nos próximos 6 meses","1"
"2025","risco_turnover","Internet/Ecommerce","de 501 a 1.000","Não estou buscando e não pretendo mudar de emprego nos próximos 6 meses","1"
"2025","risco_turnover","Setor Farmaceutico","de 11 a 50","Não estou buscando, mas me considero aberto a outras oportunidades","1"
"2025","risco_turnover","Telecomunicação","de 11 a 50","Não estou buscando e não pretendo mudar de emprego nos próximos 6 meses","1"
"2025","risco_turnover","Entretenimento ou Esportes","de 11 a 50","Estou em busca de oportunidades dentro ou fora do Brasil","1"
"2025","risco_turnover","Setor Alimentício","de 6 a 10","Não estou buscando, mas me considero aberto a outras oportunidades","1"
"2025","risco_turnover","Área da Saúde","de 51 a 100","Estou em busca de oportunidades dentro ou fora do Brasil","1"
"2025","risco_turnover","Marketing","de 6 a 10","Estou em busca de oportunidades dentro ou fora do Brasil","1"
"2025","risco_turnover","Educação","de 51 a 100","Estou em busca de oportunidades, mas apenas fora do Brasil","1"
"2025","risco_turnover","Setor Imobiliário/ Construção Civil","de 6 a 10","Não estou buscando, mas me considero aberto a outras oportunidades","1"
"2025","risco_turnover","Setor de Energia","Acima de 3.000","Estou em busca de oportunidades, mas apenas fora do Brasil","1"
"2025","risco_turnover","Filantropia/ONG's","de 11 a 50","Não estou buscando, mas me considero aberto a outras oportunidades","1"
"2025","risco_turnover","Setor Alimentício","de 1.001 a 3.000","Não estou buscando e não pretendo mudar de emprego nos próximos 6 meses","1"
"2025","risco_turnover","Seguros ou Previdência","de 501 a 1.000","Estou em busca de oportunidades, mas apenas fora do Brasil","1"
"2025","risco_turnover","Telecomunicação","de 1.001 a 3.000","Estou em busca de oportunidades, mas apenas fora do Brasil","1"
"2025","risco_turnover","Setor Automotivo","de 501 a 1.000","Não estou buscando e não pretendo mudar de emprego nos próximos 6 meses","1"
"2025","risco_turnover","Educação","de 1 a 5","Não estou buscando, mas me considero aberto a outras oportunidades","1"
"2025","risco_turnover","Área da Saúde","de 1 a 5","Não estou buscando e não pretendo mudar de emprego nos próximos 6 meses","1"
"2025","risco_turnover","Setor Farmaceutico","de 1.001 a 3.000","Não estou buscando, mas me considero aberto a outras oportunidades","1"
"2025","risco_turnover","Indústria","de 6 a 10","Estou em busca de oportunidades, mas apenas fora do Brasil","1"
"2025","risco_turnover","Setor de Energia","de 51 a 100","Estou em busca de oportunidades, mas apenas fora do Brasil","1"
"2025","risco_turnover","Área da Saúde","de 1 a 5","Não estou buscando, mas me considero aberto a outras oportunidades","1"
"2025","risco_turnover","Telecomunicação","de 11 a 50","Estou em busca de oportunidades dentro ou fora do Brasil","1"
"2025","risco_turnover","Varejo","de 501 a 1.000","Não estou buscando e não pretendo mudar de emprego nos próximos 6 meses","1"
"2025","risco_turnover","Setor de Energia","de 51 a 100","Não estou buscando, mas me considero aberto a outras oportunidades","1"
"2025","risco_turnover","Agronegócios","de 51 a 100","Estou em busca de oportunidades dentro ou fora do Brasil","1"
"2025","risco_turnover","Varejo","de 501 a 1.000","Estou em busca de oportunidades, mas apenas fora do Brasil","1"
"2025","risco_turnover","Filantropia/ONG's","de 1.001 a 3.000","Não estou buscando, mas me considero aberto a outras oportunidades","1"
"2025","risco_turnover","Filantropia/ONG's","de 101 a 500","Não estou buscando e não pretendo mudar de emprego nos próximos 6 meses","1"
"2025","risco_turnover","Setor Público","de 501 a 1.000","Estou em busca de oportunidades, mas apenas fora do Brasil","1"
"2025","risco_turnover","Agronegócios","de 1 a 5","Estou em busca de oportunidades dentro ou fora do Brasil","1"
"2025","risco_turnover","Área da Saúde","Acima de 3.000","Estou em busca de oportunidades, mas apenas fora do Brasil","1"
"2025","risco_turnover","Filantropia/ONG's","de 11 a 50","Não estou buscando e não pretendo mudar de emprego nos próximos 6 meses","1"
"2025","risco_turnover","Seguros ou Previdência","de 51 a 100","Estou em busca de oportunidades, mas apenas fora do Brasil","1"
"2025","risco_turnover","Varejo","de 6 a 10","Não estou buscando, mas me considero aberto a outras oportunidades","1"
"2025","risco_turnover","Setor Imobiliário/ Construção Civil","de 11 a 50","Não estou buscando, mas me considero aberto a outras oportunidades","1"
"2025","risco_turnover","Setor Automotivo","de 1 a 5","Não estou buscando, mas me considero aberto a outras oportunidades","1"
"2025","risco_turnover","Setor Alimentício","de 501 a 1.000","Estou em busca de oportunidades, mas apenas fora do Brasil","1"
"2025","risco_turnover","Setor Imobiliário/ Construção Civil","de 501 a 1.000","Estou em busca de oportunidades, mas apenas fora do Brasil","1"
"2025","risco_turnover","Outra Opção","de 1 a 5","Estou em busca de oportunidades, mas apenas fora do Brasil","1"
"2025","risco_turnover","Indústria","de 1 a 5","Não estou buscando e não pretendo mudar de emprego nos próximos 6 meses","1"
"2025","risco_turnover","Agronegócios","Acima de 3.000","Estou em busca de oportunidades, mas apenas fora do Brasil","1"
"2025","risco_turnover","Finanças ou Bancos","de 11 a 50","Estou em busca de oportunidades, mas apenas fora do Brasil","1"
"2025","risco_turnover","Varejo","de 51 a 100","Não estou buscando e não pretendo mudar de emprego nos próximos 6 meses","1"
"2025","risco_turnover","Setor Público","de 501 a 1.000","Não estou buscando, mas me considero aberto a outras oportunidades","1"
"2025","risco_turnover","Internet/Ecommerce","de 1 a 5","Não estou buscando, mas me considero aberto a outras oportunidades","1"
"2025","risco_turnover","Setor Público","de 1.001 a 3.000","Estou em busca de oportunidades, mas apenas fora do Brasil","1"
"2025","risco_turnover","Filantropia/ONG's","de 1.001 a 3.000","Estou em busca de oportunidades dentro ou fora do Brasil","1"
"2025","risco_turnover","Seguros ou Previdência","de 101 a 500","Estou em busca de oportunidades dentro ou fora do Brasil","1"
"2025","risco_turnover","Setor Automotivo","de 51 a 100","Não estou buscando, mas me considero aberto a outras oportunidades","1"
"2025","risco_turnover","Setor Farmaceutico","de 501 a 1.000","Estou em busca de oportunidades dentro ou fora do Brasil","1"
"2025","risco_turnover","Setor Público","de 101 a 500","Estou em busca de oportunidades, mas apenas fora do Brasil","1"
"2025","risco_turnover","Seguros ou Previdência","de 1.001 a 3.000","Estou em busca de oportunidades dentro ou fora do Brasil","1"
"2025","risco_turnover","Setor Alimentício","de 1.001 a 3.000","Estou em busca de oportunidades, mas apenas fora do Brasil","1"
"2025","risco_turnover","Marketing","Acima de 3.000","Estou em busca de oportunidades, mas apenas fora do Brasil","1"
