"_ano_pesquisa","situacao_de_trabalho","setor","numero_de_funcionarios","modelo_de_trabalho_atual","qtd_respondentes"
"2023","Desempregado, buscando recolocação",,,,"361"
"2023","Empregado (CLT)","Varejo","Acima de 3.000","Modelo 100% remoto","202"
"2023","Empregado (CLT)","Finanças ou Bancos","Acima de 3.000","Modelo 100% remoto","172"
"2023","Empregado (CLT)","Finanças ou Bancos","Acima de 3.000","Modelo híbrido com dias fixos de trabalho presencial","137"
"2023","Empregado (CLT)","Finanças ou Bancos","Acima de 3.000","Modelo híbrido flexível (o funcionário tem liberdade para escolher quando estar no escritório presencialmente)","122"
"2023","Empregado (CLT)","Tecnologia/Fábrica de Software","Acima de 3.000","Modelo 100% remoto","119"
"2023","Empregado (CLT)","Indústria","Acima de 3.000","Modelo 100% remoto","90"
"2023","Empregado (CLT)","Tecnologia/Fábrica de Software","de 101 a 500","Modelo 100% remoto","81"
"2023","Somente Estudante (graduação)",,,,"78"
"2023","Trabalho na área Acadêmica/Pesquisador",,,,"63"
"2023","Empregado (CLT)","Tecnologia/Fábrica de Software","de 1.001 a 3.000","Modelo 100% remoto","61"
"2023","Empregado (CLT)","Outra Opção","Acima de 3.000","Modelo 100% remoto","58"
"2023","Empregado (CLT)","Tecnologia/Fábrica de Software","de 501 a 1.000","Modelo 100% remoto","53"
"2023","Empregado (CLT)","Área de Consultoria","Acima de 3.000","Modelo 100% remoto","52"
"2023","Empregado (CLT)","Finanças ou Bancos","Acima de 3.000","Modelo 100% presencial","52"
"2023","Empregado (CLT)","Indústria","Acima de 3.000","Modelo híbrido flexível (o funcionário tem liberdade para escolher quando estar no escritório presencialmente)","48"
"2023","Empregado (CLT)","Finanças ou Bancos","de 1.001 a 3.000","Modelo 100% remoto","48"
"2023","Empregado (CLT)","Finanças ou Bancos","de 101 a 500","Modelo 100% remoto","47"
"2023","Empregado (CLT)","Tecnologia/Fábrica de Software","Acima de 3.000","Modelo híbrido flexível (o funcionário tem liberdade para escolher quando estar no escritório presencialmente)","39"
"2023","Empregado (CLT)","Área de Consultoria","de 101 a 500","Modelo 100% remoto","38"
"2023","Empregado (CLT)","Tecnologia/Fábrica de Software","de 1.001 a 3.000","Modelo híbrido flexível (o funcionário tem liberdade para escolher quando estar no escritório presencialmente)","34"
"2023","Empregado (CLT)","Finanças ou Bancos","de 501 a 1.000","Modelo 100% remoto","31"
"2023","Empregado (CLT)","Tecnologia/Fábrica de Software","de 51 a 100","Modelo 100% remoto","31"
"2023","Empreendedor ou Empregado (CNPJ)","Tecnologia/Fábrica de Software","de 11 a 50","Modelo 100% remoto","31"
"2023","Servidor Público","Setor Público","Acima de 3.000","Modelo 100% presencial","30"
"2023","Empregado (CLT)","Setor Alimentício","Acima de 3.000","Modelo 100% remoto","30"
"2023","Empregado (CLT)","Área de Consultoria","Acima de 3.000","Modelo híbrido flexível (o funcionário tem liberdade para escolher quando estar no escritório presencialmente)","30"
"2023","Somente Estudante (pós-graduação)",,,,"28"
"2023","Empregado (CLT)","Varejo","Acima de 3.000","Modelo híbrido flexível (o funcionário tem liberdade para escolher quando estar no escritório presencialmente)","28"
"2023","Empreendedor ou Empregado (CNPJ)","Tecnologia/Fábrica de Software","de 101 a 500","Modelo 100% remoto","27"
"2023","Empregado (CLT)","Varejo","Acima de 3.000","Modelo híbrido com dias fixos de trabalho presencial","27"
"2023","Empregado (CLT)","Tecnologia/Fábrica de Software","de 11 a 50","Modelo 100% remoto","24"
"2023","Empregado (CLT)","Finanças ou Bancos","de 1.001 a 3.000","Modelo híbrido flexível (o funcionário tem liberdade para escolher quando estar no escritório presencialmente)","24"
"2023","Empregado (CLT)","Finanças ou Bancos","de 101 a 500","Modelo híbrido flexível (o funcionário tem liberdade para escolher quando estar no escritório presencialmente)","24"
"2023","Empregado (CLT)","Internet/Ecommerce","Acima de 3.000","Modelo 100% remoto","24"
"2023","Empregado (CLT)","Indústria","Acima de 3.000","Modelo 100% presencial","23"
"2023","Empregado (CLT)","Outra Opção","Acima de 3.000","Modelo 100% presencial","22"
"2023","Empregado (CLT)","Indústria","Acima de 3.000","Modelo híbrido com dias fixos de trabalho presencial","22"
"2023","Empregado (CLT)","Tecnologia/Fábrica de Software","de 101 a 500","Modelo híbrido flexível (o funcionário tem liberdade para escolher quando estar no escritório presencialmente)","22"
"2023","Empregado (CLT)","Outra Opção","Acima de 3.000","Modelo híbrido com dias fixos de trabalho presencial","22"
"2023","Empregado (CLT)","Finanças ou Bancos","de 101 a 500","Modelo híbrido com dias fixos de trabalho presencial","22"
"2023","Empregado (CLT)","Área da Saúde","Acima de 3.000","Modelo 100% remoto","21"
"2023","Empregado (CLT)","Finanças ou Bancos","de 101 a 500","Modelo 100% presencial","21"
"2023","Empregado (CLT)","Área da Saúde","Acima de 3.000","Modelo híbrido flexível (o funcionário tem liberdade para escolher quando estar no escritório presencialmente)","19"
"2023","Empreendedor ou Empregado (CNPJ)","Tecnologia/Fábrica de Software","de 51 a 100","Modelo 100% remoto","19"
"2023","Empreendedor ou Empregado (CNPJ)","Tecnologia/Fábrica de Software","de 1 a 5","Modelo 100% remoto","19"
"2023","Empregado (CLT)","Área da Saúde","Acima de 3.000","Modelo híbrido com dias fixos de trabalho presencial","19"
"2023","Empregado (CLT)","Área de Consultoria","de 501 a 1.000","Modelo 100% remoto","19"
"2023","Empreendedor ou Empregado (CNPJ)","Área de Consultoria","de 101 a 500","Modelo 100% remoto","19"
"2023","Empregado (CLT)","Telecomunicação","Acima de 3.000","Modelo híbrido flexível (o funcionário tem liberdade para escolher quando estar no escritório presencialmente)","19"
"2023","Empregado (CLT)","Outra Opção","Acima de 3.000","Modelo híbrido flexível (o funcionário tem liberdade para escolher quando estar no escritório presencialmente)","18"
"2023","Empregado (CLT)","Telecomunicação","Acima de 3.000","Modelo 100% remoto","18"
"2023","Empregado (CLT)","Finanças ou Bancos","de 501 a 1.000","Modelo híbrido flexível (o funcionário tem liberdade para escolher quando estar no escritório presencialmente)","18"
"2023","Empregado (CLT)","Agronegócios","Acima de 3.000","Modelo híbrido flexível (o funcionário tem liberdade para escolher quando estar no escritório presencialmente)","17"
"2023","Empregado (CLT)","Seguros ou Previdência","Acima de 3.000","Modelo híbrido com dias fixos de trabalho presencial","17"
"2023","Empregado (CLT)","Setor de Energia","Acima de 3.000","Modelo híbrido com dias fixos de trabalho presencial","16"
"2023","Empregado (CLT)","Educação","Acima de 3.000","Modelo híbrido com dias fixos de trabalho presencial","16"
"2023","Empregado (CLT)","Outra Opção","de 101 a 500","Modelo 100% remoto","16"
"2023","Empregado (CLT)","Tecnologia/Fábrica de Software","de 101 a 500","Modelo híbrido com dias fixos de trabalho presencial","16"
"2023","Empregado (CLT)","Educação","Acima de 3.000","Modelo 100% remoto","15"
"2023","Empregado (CLT)","Internet/Ecommerce","Acima de 3.000","Modelo híbrido flexível (o funcionário tem liberdade para escolher quando estar no escritório presencialmente)","15"
"2023","Empreendedor ou Empregado (CNPJ)","Área de Consultoria","de 1 a 5","Modelo 100% remoto","15"
"2023","Empregado (CLT)","Tecnologia/Fábrica de Software","de 501 a 1.000","Modelo híbrido flexível (o funcionário tem liberdade para escolher quando estar no escritório presencialmente)","15"
"2023","Empregado (CLT)","Área da Saúde","Acima de 3.000","Modelo 100% presencial","14"
"2023","Empregado (CLT)","Indústria","de 1.001 a 3.000","Modelo 100% presencial","14"
"2023","Empregado (CLT)","Outra Opção","de 101 a 500","Modelo 100% presencial","13"
"2023","Empregado (CLT)","Educação","de 101 a 500","Modelo 100% remoto","13"
"2023","Empreendedor ou Empregado (CNPJ)","Área de Consultoria","de 11 a 50","Modelo 100% remoto","13"
"2023","Empregado (CLT)","Área de Consultoria","de 1.001 a 3.000","Modelo 100% remoto","13"
"2023","Empregado (CLT)","Setor de Energia","Acima de 3.000","Modelo híbrido flexível (o funcionário tem liberdade para escolher quando estar no escritório presencialmente)","13"
"2023","Empregado (CLT)","Finanças ou Bancos","de 1.001 a 3.000","Modelo híbrido com dias fixos de trabalho presencial","13"
"2023","Empregado (CLT)","Setor Alimentício","Acima de 3.000","Modelo híbrido flexível (o funcionário tem liberdade para escolher quando estar no escritório presencialmente)","13"
"2023","Empregado (CLT)","Finanças ou Bancos","de 501 a 1.000","Modelo 100% presencial","13"
"2023","Empreendedor ou Empregado (CNPJ)","Finanças ou Bancos","de 101 a 500","Modelo 100% remoto","13"
"2023","Empregado (CLT)","Marketing","de 101 a 500","Modelo 100% remoto","13"
"2023","Empregado (CLT)","Outra Opção","de 501 a 1.000","Modelo híbrido com dias fixos de trabalho presencial","13"
"2023","Empregado (CLT)","Outra Opção","de 501 a 1.000","Modelo 100% remoto","12"
"2023","Empregado (CLT)","Setor Alimentício","Acima de 3.000","Modelo 100% presencial","12"
"2023","Empregado (CLT)","Setor Farmaceutico","Acima de 3.000","Modelo 100% remoto","11"
"2023","Empregado (CLT)","Finanças ou Bancos","de 51 a 100","Modelo híbrido com dias fixos de trabalho presencial","11"
"2023","Vivo no Brasil e trabalho remoto para empresa de fora do Brasil","Tecnologia/Fábrica de Software","de 101 a 500","Modelo 100% remoto","11"
"2023","Estagiário","Finanças ou Bancos","Acima de 3.000","Modelo híbrido com dias fixos de trabalho presencial","11"
"2023","Empregado (CLT)","Tecnologia/Fábrica de Software","de 51 a 100","Modelo híbrido flexível (o funcionário tem liberdade para escolher quando estar no escritório presencialmente)","11"
"2023","Empregado (CLT)","Tecnologia/Fábrica de Software","de 51 a 100","Modelo 100% presencial","11"
"2023","Servidor Público","Setor Público","de 101 a 500","Modelo 100% presencial","11"
"2023","Empregado (CLT)","Setor Automotivo","Acima de 3.000","Modelo híbrido flexível (o funcionário tem liberdade para escolher quando estar no escritório presencialmente)","11"
"2023","Empregado (CLT)","Internet/Ecommerce","de 101 a 500","Modelo 100% remoto","11"
"2023","Empregado (CLT)","Internet/Ecommerce","de 1.001 a 3.000","Modelo híbrido flexível (o funcionário tem liberdade para escolher quando estar no escritório presencialmente)","11"
"2023","Empregado (CLT)","Área de Consultoria","de 11 a 50","Modelo 100% remoto","11"
"2023","Empreendedor ou Empregado (CNPJ)","Área da Saúde","de 11 a 50","Modelo 100% remoto","11"
"2023","Empregado (CLT)","Educação","Acima de 3.000","Modelo híbrido flexível (o funcionário tem liberdade para escolher quando estar no escritório presencialmente)","11"
"2023","Empregado (CLT)","Internet/Ecommerce","de 1.001 a 3.000","Modelo 100% remoto","11"
"2023","Empregado (CLT)","Indústria","de 101 a 500","Modelo 100% presencial","11"
"2023","Empregado (CLT)","Setor de Energia","Acima de 3.000","Modelo 100% presencial","10"
"2023","Empregado (CLT)","Área da Saúde","de 101 a 500","Modelo 100% remoto","10"
"2023","Empreendedor ou Empregado (CNPJ)","Área de Consultoria","de 11 a 50","Modelo híbrido flexível (o funcionário tem liberdade para escolher quando estar no escritório presencialmente)","10"
"2023","Desempregado e não estou buscando recolocação",,,,"10"
"2023","Empregado (CLT)","Varejo","de 1.001 a 3.000","Modelo 100% remoto","10"
"2023","Empregado (CLT)","Área de Consultoria","de 51 a 100","Modelo 100% remoto","10"
"2023","Empregado (CLT)","Outra Opção","de 1.001 a 3.000","Modelo 100% remoto","10"
"2023","Empregado (CLT)","Varejo","de 101 a 500","Modelo 100% presencial","10"
"2023","Empregado (CLT)","Setor Alimentício","Acima de 3.000","Modelo híbrido com dias fixos de trabalho presencial","10"
"2023","Empregado (CLT)","Outra Opção","de 11 a 50","Modelo 100% presencial","10"
"2023","Empregado (CLT)","Telecomunicação","Acima de 3.000","Modelo híbrido com dias fixos de trabalho presencial","10"
"2023","Empregado (CLT)","Finanças ou Bancos","de 11 a 50","Modelo 100% presencial","10"
"2023","Empregado (CLT)","Tecnologia/Fábrica de Software","Acima de 3.000","Modelo híbrido com dias fixos de trabalho presencial","10"
"2023","Servidor Público","Setor Público","de 1.001 a 3.000","Modelo 100% presencial","9"
"2023","Empregado (CLT)","Setor Automotivo","Acima de 3.000","Modelo híbrido com dias fixos de trabalho presencial","9"
"2023","Empregado (CLT)","Seguros ou Previdência","Acima de 3.000","Modelo híbrido flexível (o funcionário tem liberdade para escolher quando estar no escritório presencialmente)","9"
"2023","Empregado (CLT)","Agronegócios","de 101 a 500","Modelo 100% remoto","9"
"2023","Empregado (CLT)","Setor de Energia","Acima de 3.000","Modelo 100% remoto","9"
"2023","Empregado (CLT)","Área de Consultoria","Acima de 3.000","Modelo híbrido com dias fixos de trabalho presencial","9"
"2023","Empregado (CLT)","Tecnologia/Fábrica de Software","de 501 a 1.000","Modelo híbrido com dias fixos de trabalho presencial","9"
"2023","Empregado (CLT)","Agronegócios","Acima de 3.000","Modelo 100% presencial","9"
"2023","Servidor Público","Setor Público","Acima de 3.000","Modelo 100% remoto","9"
"2023","Empregado (CLT)","Varejo","Acima de 3.000","Modelo 100% presencial","9"
"2023","Servidor Público","Setor Público","Acima de 3.000","Modelo híbrido com dias fixos de trabalho presencial","9"
"2023","Empregado (CLT)","Tecnologia/Fábrica de Software","de 101 a 500","Modelo 100% presencial","9"
"2023","Empregado (CLT)","Outra Opção","de 101 a 500","Modelo híbrido flexível (o funcionário tem liberdade para escolher quando estar no escritório presencialmente)","9"
"2023","Empreendedor ou Empregado (CNPJ)","Finanças ou Bancos","de 11 a 50","Modelo 100% remoto","9"
"2023","Empregado (CLT)","Educação","de 501 a 1.000","Modelo 100% remoto","8"
"2023","Empregado (CLT)","Educação","de 1.001 a 3.000","Modelo híbrido flexível (o funcionário tem liberdade para escolher quando estar no escritório presencialmente)","8"
"2023","Empregado (CLT)","Setor Público","Acima de 3.000","Modelo 100% remoto","8"
"2023","Empregado (CLT)","Tecnologia/Fábrica de Software","de 11 a 50","Modelo híbrido com dias fixos de trabalho presencial","8"
"2023","Empregado (CLT)","Tecnologia/Fábrica de Software","de 51 a 100","Modelo híbrido com dias fixos de trabalho presencial","8"
"2023","Empreendedor ou Empregado (CNPJ)","Tecnologia/Fábrica de Software","de 11 a 50","Modelo híbrido flexível (o funcionário tem liberdade para escolher quando estar no escritório presencialmente)","8"
"2023","Empregado (CLT)","Varejo","de 1.001 a 3.000","Modelo 100% presencial","8"
"2023","Servidor Público","Setor Público","de 501 a 1.000","Modelo 100% presencial","8"
"2023","Empregado (CLT)","Setor Imobiliário/ Construção Civil","Acima de 3.000","Modelo 100% remoto","8"
"2023","Freelancer","Área de Consultoria","de 1 a 5","Modelo 100% remoto","7"
"2023","Empregado (CLT)","Outra Opção","de 1.001 a 3.000","Modelo 100% presencial","7"
"2023","Empregado (CLT)","Área de Consultoria","de 1.001 a 3.000","Modelo híbrido flexível (o funcionário tem liberdade para escolher quando estar no escritório presencialmente)","7"
"2023","Empregado (CLT)","Área da Saúde","de 501 a 1.000","Modelo 100% presencial","7"
"2023","Empregado (CLT)","Finanças ou Bancos","de 11 a 50","Modelo 100% remoto","7"
"2023","Empregado (CLT)","Varejo","de 101 a 500","Modelo 100% remoto","7"
"2023","Empregado (CLT)","Área da Saúde","de 1.001 a 3.000","Modelo 100% presencial","7"
"2023","Empregado (CLT)","Indústria","de 501 a 1.000","Modelo 100% presencial","7"
"2023","Empregado (CLT)","Setor Farmaceutico","Acima de 3.000","Modelo híbrido com dias fixos de trabalho presencial","7"
"2023","Empregado (CLT)","Educação","de 101 a 500","Modelo 100% presencial","7"
"2023","Empregado (CLT)","Área da Saúde","de 101 a 500","Modelo híbrido flexível (o funcionário tem liberdade para escolher quando estar no escritório presencialmente)","7"
"2023","Empregado (CLT)","Indústria","de 501 a 1.000","Modelo híbrido com dias fixos de trabalho presencial","7"
"2023","Empregado (CLT)","Área de Consultoria","de 501 a 1.000","Modelo híbrido flexível (o funcionário tem liberdade para escolher quando estar no escritório presencialmente)","7"
"2023","Empregado (CLT)","Educação","de 51 a 100","Modelo 100% presencial","7"
"2023","Empregado (CLT)","Finanças ou Bancos","de 501 a 1.000","Modelo híbrido com dias fixos de trabalho presencial","7"
"2023","Empregado (CLT)","Finanças ou Bancos","de 51 a 100","Modelo 100% presencial","7"
"2023","Empregado (CLT)","Tecnologia/Fábrica de Software","Acima de 3.000","Modelo 100% presencial","7"
"2023","Empregado (CLT)","Educação","Acima de 3.000","Modelo 100% presencial","7"
"2023","Empregado (CLT)","Marketing","de 11 a 50","Modelo 100% remoto","7"
"2023","Empregado (CLT)","Área da Saúde","de 101 a 500","Modelo 100% presencial","7"
"2023","Empregado (CLT)","Finanças ou Bancos","de 51 a 100","Modelo 100% remoto","7"
"2023","Empregado (CLT)","Varejo","de 51 a 100","Modelo 100% presencial","7"
"2023","Empregado (CLT)","Marketing","de 11 a 50","Modelo híbrido com dias fixos de trabalho presencial","6"
"2023","Empregado (CLT)","Marketing","de 101 a 500","Modelo híbrido com dias fixos de trabalho presencial","6"
"2023","Vivo no Brasil e trabalho remoto para empresa de fora do Brasil","Tecnologia/Fábrica de Software","de 51 a 100","Modelo 100% remoto","6"
"2023","Empregado (CLT)","Varejo","de 1.001 a 3.000","Modelo híbrido flexível (o funcionário tem liberdade para escolher quando estar no escritório presencialmente)","6"
"2023","Empreendedor ou Empregado (CNPJ)","Marketing","de 11 a 50","Modelo 100% remoto","6"
"2023","Empregado (CLT)","Internet/Ecommerce","Acima de 3.000","Modelo híbrido com dias fixos de trabalho presencial","6"
"2023","Empreendedor ou Empregado (CNPJ)","Outra Opção","de 101 a 500","Modelo 100% remoto","6"
"2023","Empregado (CLT)","Telecomunicação","de 501 a 1.000","Modelo 100% presencial","6"
"2023","Empreendedor ou Empregado (CNPJ)","Tecnologia/Fábrica de Software","de 11 a 50","Modelo híbrido com dias fixos de trabalho presencial","6"
"2023","Empregado (CLT)","Setor Imobiliário/ Construção Civil","Acima de 3.000","Modelo 100% presencial","6"
"2023","Empregado (CLT)","Outra Opção","de 1.001 a 3.000","Modelo híbrido flexível (o funcionário tem liberdade para escolher quando estar no escritório presencialmente)","6"
"2023","Empreendedor ou Empregado (CNPJ)","Finanças ou Bancos","de 101 a 500","Modelo híbrido flexível (o funcionário tem liberdade para escolher quando estar no escritório presencialmente)","6"
"2023","Empreendedor ou Empregado (CNPJ)","Tecnologia/Fábrica de Software","de 6 a 10","Modelo 100% remoto","6"
"2023","Empregado (CLT)","Tecnologia/Fábrica de Software","de 11 a 50","Modelo híbrido flexível (o funcionário tem liberdade para escolher quando estar no escritório presencialmente)","6"
"2023","Empregado (CLT)","Setor Público","de 101 a 500","Modelo 100% presencial","6"
"2023","Empregado (CLT)","Internet/Ecommerce","de 501 a 1.000","Modelo 100% remoto","6"
"2023","Empregado (CLT)","Indústria","de 1.001 a 3.000","Modelo híbrido com dias fixos de trabalho presencial","6"
"2023","Empregado (CLT)","Varejo","de 1.001 a 3.000","Modelo híbrido com dias fixos de trabalho presencial","6"
"2023","Empregado (CLT)","Agronegócios","de 101 a 500","Modelo 100% presencial","6"
"2023","Empregado (CLT)","Marketing","de 501 a 1.000","Modelo híbrido flexível (o funcionário tem liberdade para escolher quando estar no escritório presencialmente)","6"
"2023","Estagiário","Setor Público","Acima de 3.000","Modelo 100% presencial","6"
"2023","Empregado (CLT)","Educação","de 501 a 1.000","Modelo híbrido flexível (o funcionário tem liberdade para escolher quando estar no escritório presencialmente)","6"
"2023","Empregado (CLT)","Varejo","de 501 a 1.000","Modelo 100% remoto","6"
"2023","Empregado (CLT)","Tecnologia/Fábrica de Software","de 1.001 a 3.000","Modelo híbrido com dias fixos de trabalho presencial","6"
"2023","Empregado (CLT)","Outra Opção","de 501 a 1.000","Modelo 100% presencial","6"
"2023","Empregado (CLT)","Indústria","de 501 a 1.000","Modelo híbrido flexível (o funcionário tem liberdade para escolher quando estar no escritório presencialmente)","6"
"2023","Empregado (CLT)","Marketing","de 101 a 500","Modelo híbrido flexível (o funcionário tem liberdade para escolher quando estar no escritório presencialmente)","6"
"2023","Empregado (CLT)","Área da Saúde","de 501 a 1.000","Modelo 100% remoto","6"
"2023","Empregado (CLT)","Finanças ou Bancos","de 1.001 a 3.000","Modelo 100% presencial","6"
"2023","Empreendedor ou Empregado (CNPJ)","Tecnologia/Fábrica de Software","de 1 a 5","Modelo híbrido flexível (o funcionário tem liberdade para escolher quando estar no escritório presencialmente)","6"
"2023","Empregado (CLT)","Varejo","de 101 a 500","Modelo híbrido com dias fixos de trabalho presencial","6"
"2023","Empreendedor ou Empregado (CNPJ)","Tecnologia/Fábrica de Software","de 101 a 500","Modelo híbrido flexível (o funcionário tem liberdade para escolher quando estar no escritório presencialmente)","6"
"2023","Empregado (CLT)","Telecomunicação","de 101 a 500","Modelo 100% presencial","6"
"2023","Empreendedor ou Empregado (CNPJ)","Tecnologia/Fábrica de Software","de 51 a 100","Modelo híbrido flexível (o funcionário tem liberdade para escolher quando estar no escritório presencialmente)","6"
"2023","Empregado (CLT)","Entretenimento ou Esportes","Acima de 3.000","Modelo híbrido flexível (o funcionário tem liberdade para escolher quando estar no escritório presencialmente)","6"
"2023","Empregado (CLT)","Seguros ou Previdência","de 101 a 500","Modelo híbrido flexível (o funcionário tem liberdade para escolher quando estar no escritório presencialmente)","6"
"2023","Empreendedor ou Empregado (CNPJ)","Área de Consultoria","de 101 a 500","Modelo híbrido flexível (o funcionário tem liberdade para escolher quando estar no escritório presencialmente)","6"
"2023","Empregado (CLT)","Educação","de 1.001 a 3.000","Modelo 100% presencial","6"
"2023","Empregado (CLT)","Telecomunicação","de 1.001 a 3.000","Modelo 100% remoto","5"
"2023","Empregado (CLT)","Setor Automotivo","Acima de 3.000","Modelo 100% presencial","5"
"2023","Empregado (CLT)","Telecomunicação","Acima de 3.000","Modelo 100% presencial","5"
"2023","Estagiário","Tecnologia/Fábrica de Software","de 101 a 500","Modelo 100% remoto","5"
"2023","Estagiário","Tecnologia/Fábrica de Software","Acima de 3.000","Modelo 100% remoto","5"
"2023","Empregado (CLT)","Agronegócios","de 501 a 1.000","Modelo 100% presencial","5"
"2023","Empregado (CLT)","Marketing","de 1.001 a 3.000","Modelo 100% remoto","5"
"2023","Empregado (CLT)","Agronegócios","de 1.001 a 3.000","Modelo 100% presencial","5"
"2023","Empregado (CLT)","Educação","de 51 a 100","Modelo 100% remoto","5"
"2023","Empregado (CLT)","Marketing","de 51 a 100","Modelo 100% remoto","5"
"2023","Empregado (CLT)","Área de Consultoria","de 101 a 500","Modelo 100% presencial","5"
"2023","Empregado (CLT)","Setor Alimentício","de 101 a 500","Modelo 100% presencial","5"
"2023","Servidor Público","Setor Público","de 1.001 a 3.000","Modelo 100% remoto","5"
"2023","Empregado (CLT)","Seguros ou Previdência","de 101 a 500","Modelo 100% remoto","5"
"2023","Empregado (CLT)","Educação","de 501 a 1.000","Modelo 100% presencial","5"
"2023","Empregado (CLT)","Filantropia/ONG's","de 101 a 500","Modelo 100% presencial","5"
"2023","Empregado (CLT)","Varejo","de 11 a 50","Modelo 100% presencial","5"
"2023","Empregado (CLT)","Seguros ou Previdência","de 1.001 a 3.000","Modelo híbrido com dias fixos de trabalho presencial","5"
"2023","Servidor Público","Educação","Acima de 3.000","Modelo 100% presencial","5"
"2023","Empregado (CLT)","Área da Saúde","de 1.001 a 3.000","Modelo 100% remoto","5"
"2023","Empregado (CLT)","Tecnologia/Fábrica de Software","de 11 a 50","Modelo 100% presencial","5"
"2023","Vivo no Brasil e trabalho remoto para empresa de fora do Brasil","Tecnologia/Fábrica de Software","de 11 a 50","Modelo 100% remoto","5"
"2023","Vivo no Brasil e trabalho remoto para empresa de fora do Brasil","Finanças ou Bancos","de 101 a 500","Modelo 100% remoto","5"
"2023","Vivo no Brasil e trabalho remoto para empresa de fora do Brasil","Área de Consultoria","de 101 a 500","Modelo 100% remoto","5"
"2023","Empreendedor ou Empregado (CNPJ)","Área de Consultoria","de 6 a 10","Modelo 100% remoto","5"
"2023","Empregado (CLT)","Setor Imobiliário/ Construção Civil","de 1.001 a 3.000","Modelo 100% remoto","5"
"2023","Empreendedor ou Empregado (CNPJ)","Área de Consultoria","de 51 a 100","Modelo 100% remoto","5"
"2023","Empregado (CLT)","Indústria","de 101 a 500","Modelo híbrido flexível (o funcionário tem liberdade para escolher quando estar no escritório presencialmente)","5"
"2023","Empregado (CLT)","Setor Público","Acima de 3.000","Modelo 100% presencial","5"
"2023","Empregado (CLT)","Agronegócios","Acima de 3.000","Modelo híbrido com dias fixos de trabalho presencial","5"
"2023","Estagiário","Tecnologia/Fábrica de Software","de 11 a 50","Modelo 100% remoto","5"
"2023","Empregado (CLT)","Outra Opção","de 51 a 100","Modelo 100% remoto","5"
"2023","Empregado (CLT)","Outra Opção","de 51 a 100","Modelo 100% presencial","5"
"2023","Empregado (CLT)","Área de Consultoria","de 101 a 500","Modelo híbrido flexível (o funcionário tem liberdade para escolher quando estar no escritório presencialmente)","5"
"2023","Vivo no Brasil e trabalho remoto para empresa de fora do Brasil","Tecnologia/Fábrica de Software","Acima de 3.000","Modelo 100% remoto","4"
"2023","Servidor Público","Educação","Acima de 3.000","Modelo híbrido com dias fixos de trabalho presencial","4"
"2023","Empregado (CLT)","Outra Opção","de 501 a 1.000","Modelo híbrido flexível (o funcionário tem liberdade para escolher quando estar no escritório presencialmente)","4"
"2023","Empregado (CLT)","Outra Opção","de 11 a 50","Modelo 100% remoto","4"
"2023","Empreendedor ou Empregado (CNPJ)","Educação","de 101 a 500","Modelo híbrido com dias fixos de trabalho presencial","4"
"2023","Empregado (CLT)","Setor de Energia","de 501 a 1.000","Modelo híbrido flexível (o funcionário tem liberdade para escolher quando estar no escritório presencialmente)","4"
"2023","Empregado (CLT)","Área de Consultoria","de 51 a 100","Modelo híbrido flexível (o funcionário tem liberdade para escolher quando estar no escritório presencialmente)","4"
"2023","Empreendedor ou Empregado (CNPJ)","Área de Consultoria","de 501 a 1.000","Modelo 100% remoto","4"
"2023","Empregado (CLT)","Educação","de 501 a 1.000","Modelo híbrido com dias fixos de trabalho presencial","4"
"2023","Empregado (CLT)","Tecnologia/Fábrica de Software","de 6 a 10","Modelo 100% remoto","4"
"2023","Servidor Público","Setor Público","de 1.001 a 3.000","Modelo híbrido com dias fixos de trabalho presencial","4"
"2023","Freelancer","Educação","de 11 a 50","Modelo 100% remoto","4"
"2023","Empreendedor ou Empregado (CNPJ)","Área da Saúde","de 51 a 100","Modelo 100% remoto","4"
"2023","Empregado (CLT)","Entretenimento ou Esportes","de 101 a 500","Modelo 100% remoto","4"
"2023","Estagiário","Finanças ou Bancos","Acima de 3.000","Modelo 100% remoto","4"
"2023","Empreendedor ou Empregado (CNPJ)","Outra Opção","de 51 a 100","Modelo 100% remoto","4"
"2023","Empregado (CLT)","Área da Saúde","de 501 a 1.000","Modelo híbrido com dias fixos de trabalho presencial","4"
"2023","Empregado (CLT)","Setor Alimentício","de 101 a 500","Modelo híbrido flexível (o funcionário tem liberdade para escolher quando estar no escritório presencialmente)","4"
"2023","Empregado (CLT)","Outra Opção","de 101 a 500","Modelo híbrido com dias fixos de trabalho presencial","4"
"2023","Empreendedor ou Empregado (CNPJ)","Área de Consultoria","de 1 a 5","Modelo híbrido flexível (o funcionário tem liberdade para escolher quando estar no escritório presencialmente)","4"
"2023","Vivo no Brasil e trabalho remoto para empresa de fora do Brasil","Indústria","Acima de 3.000","Modelo 100% remoto","4"
"2023","Empregado (CLT)","Outra Opção","de 11 a 50","Modelo híbrido flexível (o funcionário tem liberdade para escolher quando estar no escritório presencialmente)","4"
"2023","Vivo no Brasil e trabalho remoto para empresa de fora do Brasil","Entretenimento ou Esportes","de 51 a 100","Modelo 100% remoto","4"
"2023","Servidor Público","Outra Opção","Acima de 3.000","Modelo 100% presencial","4"
"2023","Empreendedor ou Empregado (CNPJ)","Outra Opção","de 101 a 500","Modelo híbrido flexível (o funcionário tem liberdade para escolher quando estar no escritório presencialmente)","4"
"2023","Empreendedor ou Empregado (CNPJ)","Marketing","de 51 a 100","Modelo 100% remoto","4"
"2023","Empreendedor ou Empregado (CNPJ)","Tecnologia/Fábrica de Software","de 11 a 50","Modelo 100% presencial","4"
"2023","Vivo no Brasil e trabalho remoto para empresa de fora do Brasil","Finanças ou Bancos","de 1.001 a 3.000","Modelo 100% remoto","4"
"2023","Empregado (CLT)","Telecomunicação","de 1.001 a 3.000","Modelo híbrido com dias fixos de trabalho presencial","4"
"2023","Empregado (CLT)","Marketing","de 501 a 1.000","Modelo 100% remoto","4"
"2023","Servidor Público","Setor Público","de 501 a 1.000","Modelo híbrido flexível (o funcionário tem liberdade para escolher quando estar no escritório presencialmente)","4"
"2023","Empreendedor ou Empregado (CNPJ)","Educação","de 1 a 5","Modelo 100% remoto","4"
"2023","Empregado (CLT)","Internet/Ecommerce","Acima de 3.000","Modelo 100% presencial","4"
"2023","Empreendedor ou Empregado (CNPJ)","Filantropia/ONG's","de 11 a 50","Modelo 100% remoto","4"
"2023","Empregado (CLT)","Telecomunicação","de 1.001 a 3.000","Modelo 100% presencial","4"
"2023","Empregado (CLT)","Setor Público","de 101 a 500","Modelo híbrido com dias fixos de trabalho presencial","4"
"2023","Empregado (CLT)","Setor de Energia","de 101 a 500","Modelo 100% presencial","4"
"2023","Empregado (CLT)","Internet/Ecommerce","de 101 a 500","Modelo híbrido flexível (o funcionário tem liberdade para escolher quando estar no escritório presencialmente)","4"
"2023","Empreendedor ou Empregado (CNPJ)","Marketing","de 51 a 100","Modelo híbrido com dias fixos de trabalho presencial","4"
"2023","Empregado (CLT)","Setor Imobiliário/ Construção Civil","de 101 a 500","Modelo 100% presencial","4"
"2023","Empreendedor ou Empregado (CNPJ)","Educação","de 101 a 500","Modelo híbrido flexível (o funcionário tem liberdade para escolher quando estar no escritório presencialmente)","4"
"2023","Empregado (CLT)","Indústria","de 51 a 100","Modelo 100% presencial","4"
"2023","Empregado (CLT)","Educação","de 11 a 50","Modelo híbrido com dias fixos de trabalho presencial","4"
"2023","Estagiário","Finanças ou Bancos","Acima de 3.000","Modelo híbrido flexível (o funcionário tem liberdade para escolher quando estar no escritório presencialmente)","4"
"2023","Empreendedor ou Empregado (CNPJ)","Finanças ou Bancos","de 51 a 100","Modelo híbrido flexível (o funcionário tem liberdade para escolher quando estar no escritório presencialmente)","3"
"2023","Empreendedor ou Empregado (CNPJ)","Varejo","de 11 a 50","Modelo híbrido flexível (o funcionário tem liberdade para escolher quando estar no escritório presencialmente)","3"
"2023","Empregado (CLT)","Marketing","de 11 a 50","Modelo 100% presencial","3"
"2023","Estagiário","Varejo","Acima de 3.000","Modelo 100% remoto","3"
"2023","Vivo fora do Brasil e trabalho para empresa de fora do Brasil","Tecnologia/Fábrica de Software","Acima de 3.000","Modelo híbrido flexível (o funcionário tem liberdade para escolher quando estar no escritório presencialmente)","3"
"2023","Empregado (CLT)","Tecnologia/Fábrica de Software","de 501 a 1.000","Modelo 100% presencial","3"
"2023","Empregado (CLT)","Internet/Ecommerce","de 1.001 a 3.000","Modelo híbrido com dias fixos de trabalho presencial","3"
"2023","Estagiário","Finanças ou Bancos","de 101 a 500","Modelo híbrido flexível (o funcionário tem liberdade para escolher quando estar no escritório presencialmente)","3"
"2023","Empregado (CLT)","Educação","de 1.001 a 3.000","Modelo híbrido com dias fixos de trabalho presencial","3"
"2023","Empregado (CLT)","Seguros ou Previdência","de 501 a 1.000","Modelo híbrido com dias fixos de trabalho presencial","3"
"2023","Estagiário","Área de Consultoria","de 101 a 500","Modelo 100% remoto","3"
"2023","Empregado (CLT)","Indústria","de 1.001 a 3.000","Modelo híbrido flexível (o funcionário tem liberdade para escolher quando estar no escritório presencialmente)","3"
"2023","Empreendedor ou Empregado (CNPJ)","Tecnologia/Fábrica de Software","de 51 a 100","Modelo híbrido com dias fixos de trabalho presencial","3"
"2023","Empregado (CLT)","Entretenimento ou Esportes","de 501 a 1.000","Modelo híbrido com dias fixos de trabalho presencial","3"
"2023","Empregado (CLT)","Indústria","de 101 a 500","Modelo híbrido com dias fixos de trabalho presencial","3"
"2023","Empreendedor ou Empregado (CNPJ)","Telecomunicação","Acima de 3.000","Modelo 100% remoto","3"
"2023","Servidor Público","Setor Público","de 101 a 500","Modelo híbrido com dias fixos de trabalho presencial","3"
"2023","Estagiário","Agronegócios","Acima de 3.000","Modelo híbrido flexível (o funcionário tem liberdade para escolher quando estar no escritório presencialmente)","3"
"2023","Empregado (CLT)","Área da Saúde","de 101 a 500","Modelo híbrido com dias fixos de trabalho presencial","3"
"2023","Empregado (CLT)","Área da Saúde","de 11 a 50","Modelo híbrido flexível (o funcionário tem liberdade para escolher quando estar no escritório presencialmente)","3"
"2023","Empregado (CLT)","Setor Público","de 101 a 500","Modelo híbrido flexível (o funcionário tem liberdade para escolher quando estar no escritório presencialmente)","3"
"2023","Empregado (CLT)","Setor Público","de 1.001 a 3.000","Modelo 100% presencial","3"
"2023","Empregado (CLT)","Setor Alimentício","de 501 a 1.000","Modelo híbrido flexível (o funcionário tem liberdade para escolher quando estar no escritório presencialmente)","3"
"2023","Empreendedor ou Empregado (CNPJ)","Outra Opção","de 101 a 500","Modelo 100% presencial","3"
"2023","Empreendedor ou Empregado (CNPJ)","Tecnologia/Fábrica de Software","de 501 a 1.000","Modelo 100% remoto","3"
"2023","Empregado (CLT)","Indústria","de 101 a 500","Modelo 100% remoto","3"
"2023","Empregado (CLT)","Área de Consultoria","de 11 a 50","Modelo híbrido flexível (o funcionário tem liberdade para escolher quando estar no escritório presencialmente)","3"
"2023","Vivo no Brasil e trabalho remoto para empresa de fora do Brasil","Finanças ou Bancos","Acima de 3.000","Modelo 100% remoto","3"
"2023","Empregado (CLT)","Setor Público","de 51 a 100","Modelo 100% presencial","3"
"2023","Empregado (CLT)","Setor Público","de 501 a 1.000","Modelo híbrido com dias fixos de trabalho presencial","3"
"2023","Empreendedor ou Empregado (CNPJ)","Outra Opção","de 51 a 100","Modelo híbrido flexível (o funcionário tem liberdade para escolher quando estar no escritório presencialmente)","3"
"2023","Estagiário","Setor Público","de 1.001 a 3.000","Modelo 100% presencial","3"
"2023","Empregado (CLT)","Telecomunicação","de 501 a 1.000","Modelo 100% remoto","3"
"2023","Empregado (CLT)","Setor Automotivo","de 101 a 500","Modelo híbrido com dias fixos de trabalho presencial","3"
"2023","Empregado (CLT)","Tecnologia/Fábrica de Software","de 1.001 a 3.000","Modelo 100% presencial","3"
"2023","Empreendedor ou Empregado (CNPJ)","Outra Opção","Acima de 3.000","Modelo 100% remoto","3"
"2023","Empregado (CLT)","Varejo","de 501 a 1.000","Modelo 100% presencial","3"
"2023","Estagiário","Tecnologia/Fábrica de Software","de 1.001 a 3.000","Modelo 100% remoto","3"
"2023","Empregado (CLT)","Varejo","de 1 a 5","Modelo 100% presencial","3"
"2023","Empregado (CLT)","Outra Opção","de 11 a 50","Modelo híbrido com dias fixos de trabalho presencial","3"
"2023","Estagiário","Indústria","Acima de 3.000","Modelo híbrido com dias fixos de trabalho presencial","3"
"2023","Empregado (CLT)","Setor de Energia","de 1.001 a 3.000","Modelo 100% remoto","3"
"2023","Empregado (CLT)","Agronegócios","de 11 a 50","Modelo 100% presencial","3"
"2023","Empregado (CLT)","Setor Imobiliário/ Construção Civil","Acima de 3.000","Modelo híbrido flexível (o funcionário tem liberdade para escolher quando estar no escritório presencialmente)","3"
"2023","Empregado (CLT)","Setor Farmaceutico","Acima de 3.000","Modelo 100% presencial","3"
"2023","Empregado (CLT)","Filantropia/ONG's","de 101 a 500","Modelo 100% remoto","3"
"2023","Empreendedor ou Empregado (CNPJ)","Indústria","Acima de 3.000","Modelo híbrido com dias fixos de trabalho presencial","3"
"2023","Empregado (CLT)","Varejo","de 51 a 100","Modelo 100% remoto","3"
"2023","Empregado (CLT)","Setor Imobiliário/ Construção Civil","Acima de 3.000","Modelo híbrido com dias fixos de trabalho presencial","3"
"2023","Servidor Público","Área da Saúde","Acima de 3.000","Modelo 100% presencial","3"
"2023","Empregado (CLT)","Indústria","de 11 a 50","Modelo 100% presencial","3"
"2023","Empreendedor ou Empregado (CNPJ)","Indústria","de 101 a 500","Modelo 100% presencial","3"
"2023","Vivo no Brasil e trabalho remoto para empresa de fora do Brasil","Área de Consultoria","de 11 a 50","Modelo 100% remoto","3"
"2023","Empreendedor ou Empregado (CNPJ)","Setor Imobiliário/ Construção Civil","de 1.001 a 3.000","Modelo 100% presencial","3"
"2023","Empreendedor ou Empregado (CNPJ)","Setor Alimentício","Acima de 3.000","Modelo 100% remoto","3"
"2023","Estagiário","Tecnologia/Fábrica de Software","de 1 a 5","Modelo 100% remoto","3"
"2023","Empreendedor ou Empregado (CNPJ)","Área de Consultoria","de 1 a 5","Modelo híbrido com dias fixos de trabalho presencial","3"
"2023","Empregado (CLT)","Entretenimento ou Esportes","Acima de 3.000","Modelo 100% remoto","3"
"2023","Empreendedor ou Empregado (CNPJ)","Educação","de 6 a 10","Modelo 100% remoto","3"
"2023","Vivo fora do Brasil e trabalho para empresa de fora do Brasil","Indústria","Acima de 3.000","Modelo híbrido flexível (o funcionário tem liberdade para escolher quando estar no escritório presencialmente)","3"
"2023","Empregado (CLT)","Educação","de 11 a 50","Modelo 100% remoto","3"
"2023","Vivo no Brasil e trabalho remoto para empresa de fora do Brasil","Entretenimento ou Esportes","de 101 a 500","Modelo 100% remoto","3"
"2023","Empreendedor ou Empregado (CNPJ)","Educação","de 51 a 100","Modelo 100% remoto","3"
"2023","Empreendedor ou Empregado (CNPJ)","Educação","de 11 a 50","Modelo 100% remoto","3"
"2023","Empregado (CLT)","Outra Opção","de 1 a 5","Modelo 100% presencial","3"
"2023","Empregado (CLT)","Área de Consultoria","de 101 a 500","Modelo híbrido com dias fixos de trabalho presencial","3"
"2023","Empregado (CLT)","Área da Saúde","de 1.001 a 3.000","Modelo híbrido com dias fixos de trabalho presencial","3"
"2023","Empreendedor ou Empregado (CNPJ)","Finanças ou Bancos","de 11 a 50","Modelo 100% presencial","3"
"2023","Estagiário","Educação","Acima de 3.000","Modelo híbrido com dias fixos de trabalho presencial","3"
"2023","Estagiário","Tecnologia/Fábrica de Software","Acima de 3.000","Modelo híbrido flexível (o funcionário tem liberdade para escolher quando estar no escritório presencialmente)","3"
"2023","Empregado (CLT)","Seguros ou Previdência","de 101 a 500","Modelo híbrido com dias fixos de trabalho presencial","3"
"2023","Empreendedor ou Empregado (CNPJ)","Tecnologia/Fábrica de Software","de 6 a 10","Modelo híbrido flexível (o funcionário tem liberdade para escolher quando estar no escritório presencialmente)","3"
"2023","Empregado (CLT)","Área de Consultoria","de 51 a 100","Modelo híbrido com dias fixos de trabalho presencial","3"
"2023","Empregado (CLT)","Área da Saúde","de 51 a 100","Modelo 100% remoto","3"
"2023","Empregado (CLT)","Setor Público","Acima de 3.000","Modelo híbrido com dias fixos de trabalho presencial","3"
"2023","Empregado (CLT)","Setor Alimentício","de 1.001 a 3.000","Modelo 100% presencial","3"
"2023","Empreendedor ou Empregado (CNPJ)","Indústria","de 501 a 1.000","Modelo 100% presencial","3"
"2023","Empregado (CLT)","Área de Consultoria","de 11 a 50","Modelo híbrido com dias fixos de trabalho presencial","3"
"2023","Empregado (CLT)","Agronegócios","de 1.001 a 3.000","Modelo híbrido flexível (o funcionário tem liberdade para escolher quando estar no escritório presencialmente)","3"
"2023","Empregado (CLT)","Setor Automotivo","de 101 a 500","Modelo 100% presencial","3"
"2023","Freelancer","Outra Opção","de 1 a 5","Modelo 100% remoto","3"
"2023","Empregado (CLT)","Área de Consultoria","de 6 a 10","Modelo 100% remoto","3"
"2023","Empregado (CLT)","Finanças ou Bancos","de 11 a 50","Modelo híbrido com dias fixos de trabalho presencial","3"
"2023","Empregado (CLT)","Área de Consultoria","Acima de 3.000","Modelo 100% presencial","3"
"2023","Servidor Público","Finanças ou Bancos","Acima de 3.000","Modelo híbrido com dias fixos de trabalho presencial","3"
"2023","Empreendedor ou Empregado (CNPJ)","Setor Imobiliário/ Construção Civil","de 101 a 500","Modelo 100% remoto","3"
"2023","Vivo no Brasil e trabalho remoto para empresa de fora do Brasil","Varejo","Acima de 3.000","Modelo 100% remoto","3"
"2023","Empregado (CLT)","Agronegócios","Acima de 3.000","Modelo 100% remoto","2"
"2023","Vivo fora do Brasil e trabalho para empresa de fora do Brasil","Setor Alimentício","Acima de 3.000","Modelo híbrido com dias fixos de trabalho presencial","2"
"2023","Empregado (CLT)","Entretenimento ou Esportes","de 11 a 50","Modelo 100% presencial","2"
"2023","Empregado (CLT)","Internet/Ecommerce","de 101 a 500","Modelo híbrido com dias fixos de trabalho presencial","2"
"2023","Freelancer","Tecnologia/Fábrica de Software","de 6 a 10","Modelo 100% remoto","2"
"2023","Vivo fora do Brasil e trabalho para empresa de fora do Brasil","Finanças ou Bancos","Acima de 3.000","Modelo híbrido com dias fixos de trabalho presencial","2"
"2023","Empregado (CLT)","Setor Automotivo","de 51 a 100","Modelo híbrido flexível (o funcionário tem liberdade para escolher quando estar no escritório presencialmente)","2"
"2023","Vivo no Brasil e trabalho remoto para empresa de fora do Brasil","Marketing","de 501 a 1.000","Modelo 100% remoto","2"
"2023","Empregado (CLT)","Setor Alimentício","de 6 a 10","Modelo 100% presencial","2"
"2023","Empregado (CLT)","Seguros ou Previdência","de 1.001 a 3.000","Modelo híbrido flexível (o funcionário tem liberdade para escolher quando estar no escritório presencialmente)","2"
"2023","Empreendedor ou Empregado (CNPJ)","Marketing","de 101 a 500","Modelo híbrido com dias fixos de trabalho presencial","2"
"2023","Empregado (CLT)","Área de Consultoria","de 11 a 50","Modelo 100% presencial","2"
"2023","Empregado (CLT)","Telecomunicação","de 501 a 1.000","Modelo híbrido com dias fixos de trabalho presencial","2"
"2023","Estagiário","Outra Opção","Acima de 3.000","Modelo híbrido flexível (o funcionário tem liberdade para escolher quando estar no escritório presencialmente)","2"
"2023","Empregado (CLT)","Área da Saúde","de 51 a 100","Modelo híbrido com dias fixos de trabalho presencial","2"
"2023","Empregado (CLT)","Agronegócios","de 1.001 a 3.000","Modelo 100% remoto","2"
"2023","Empregado (CLT)","Entretenimento ou Esportes","de 51 a 100","Modelo 100% remoto","2"
"2023","Estagiário","Área de Consultoria","Acima de 3.000","Modelo 100% remoto","2"
"2023","Estagiário","Área de Consultoria","de 51 a 100","Modelo híbrido flexível (o funcionário tem liberdade para escolher quando estar no escritório presencialmente)","2"
"2023","Empreendedor ou Empregado (CNPJ)","Outra Opção","Acima de 3.000","Modelo híbrido flexível (o funcionário tem liberdade para escolher quando estar no escritório presencialmente)","2"
"2023","Empregado (CLT)","Entretenimento ou Esportes","de 101 a 500","Modelo híbrido com dias fixos de trabalho presencial","2"
"2023","Vivo no Brasil e trabalho remoto para empresa de fora do Brasil","Setor Imobiliário/ Construção Civil","de 51 a 100","Modelo 100% remoto","2"
"2023","Empregado (CLT)","Telecomunicação","de 51 a 100","Modelo híbrido com dias fixos de trabalho presencial","2"
"2023","Vivo no Brasil e trabalho remoto para empresa de fora do Brasil","Finanças ou Bancos","de 51 a 100","Modelo 100% remoto","2"
"2023","Freelancer","Tecnologia/Fábrica de Software","de 1 a 5","Modelo 100% remoto","2"
"2023","Vivo no Brasil e trabalho remoto para empresa de fora do Brasil","Outra Opção","de 11 a 50","Modelo 100% remoto","2"
"2023","Vivo fora do Brasil e trabalho para empresa de fora do Brasil","Varejo","Acima de 3.000","Modelo híbrido flexível (o funcionário tem liberdade para escolher quando estar no escritório presencialmente)","2"
"2023","Empregado (CLT)","Telecomunicação","de 51 a 100","Modelo 100% remoto","2"
"2023","Estagiário","Área da Saúde","Acima de 3.000","Modelo híbrido com dias fixos de trabalho presencial","2"
"2023","Freelancer","Educação","de 1 a 5","Modelo 100% remoto","2"
"2023","Empregado (CLT)","Indústria","de 501 a 1.000","Modelo 100% remoto","2"
"2023","Vivo no Brasil e trabalho remoto para empresa de fora do Brasil","Tecnologia/Fábrica de Software","de 501 a 1.000","Modelo 100% remoto","2"
"2023","Estagiário","Outra Opção","de 101 a 500","Modelo 100% remoto","2"
"2023","Empreendedor ou Empregado (CNPJ)","Educação","de 101 a 500","Modelo 100% remoto","2"
"2023","Empreendedor ou Empregado (CNPJ)","Varejo","Acima de 3.000","Modelo 100% remoto","2"
"2023","Empreendedor ou Empregado (CNPJ)","Entretenimento ou Esportes","de 11 a 50","Modelo 100% remoto","2"
"2023","Empregado (CLT)","Setor Imobiliário/ Construção Civil","de 51 a 100","Modelo 100% presencial","2"
"2023","Empreendedor ou Empregado (CNPJ)","Varejo","de 51 a 100","Modelo híbrido com dias fixos de trabalho presencial","2"
"2023","Empreendedor ou Empregado (CNPJ)","Área de Consultoria","de 6 a 10","Modelo híbrido flexível (o funcionário tem liberdade para escolher quando estar no escritório presencialmente)","2"
"2023","Empreendedor ou Empregado (CNPJ)","Área da Saúde","Acima de 3.000","Modelo 100% remoto","2"
"2023","Empreendedor ou Empregado (CNPJ)","Setor Imobiliário/ Construção Civil","de 51 a 100","Modelo híbrido flexível (o funcionário tem liberdade para escolher quando estar no escritório presencialmente)","2"
"2023","Estagiário","Telecomunicação","Acima de 3.000","Modelo híbrido com dias fixos de trabalho presencial","2"
"2023","Empreendedor ou Empregado (CNPJ)","Área da Saúde","de 101 a 500","Modelo 100% remoto","2"
"2023","Vivo fora do Brasil e trabalho para empresa de fora do Brasil","Outra Opção","Acima de 3.000","Modelo híbrido flexível (o funcionário tem liberdade para escolher quando estar no escritório presencialmente)","2"
"2023","Empreendedor ou Empregado (CNPJ)","Agronegócios","de 11 a 50","Modelo 100% remoto","2"
"2023","Empreendedor ou Empregado (CNPJ)","Finanças ou Bancos","de 51 a 100","Modelo 100% remoto","2"
"2023","Servidor Público","Educação","de 1.001 a 3.000","Modelo híbrido com dias fixos de trabalho presencial","2"
"2023","Empreendedor ou Empregado (CNPJ)","Área da Saúde","de 1.001 a 3.000","Modelo 100% remoto","2"
"2023","Servidor Público","Educação","de 501 a 1.000","Modelo 100% presencial","2"
"2023","Empreendedor ou Empregado (CNPJ)","Tecnologia/Fábrica de Software","de 101 a 500","Modelo híbrido com dias fixos de trabalho presencial","2"
"2023","Estagiário","Varejo","Acima de 3.000","Modelo híbrido flexível (o funcionário tem liberdade para escolher quando estar no escritório presencialmente)","2"
"2023","Empreendedor ou Empregado (CNPJ)","Tecnologia/Fábrica de Software","de 1.001 a 3.000","Modelo 100% remoto","2"
"2023","Empregado (CLT)","Telecomunicação","de 101 a 500","Modelo 100% remoto","2"
"2023","Estagiário","Área de Consultoria","de 6 a 10","Modelo 100% presencial","2"
"2023","Empregado (CLT)","Entretenimento ou Esportes","Acima de 3.000","Modelo 100% presencial","2"
"2023","Empregado (CLT)","Área da Saúde","de 11 a 50","Modelo 100% remoto","2"
"2023","Empreendedor ou Empregado (CNPJ)","Agronegócios","de 101 a 500","Modelo 100% remoto","2"
"2023","Empregado (CLT)","Varejo","de 51 a 100","Modelo híbrido com dias fixos de trabalho presencial","2"
"2023","Estagiário","Varejo","de 501 a 1.000","Modelo híbrido com dias fixos de trabalho presencial","2"
"2023","Vivo no Brasil e trabalho remoto para empresa de fora do Brasil","Área de Consultoria","de 1.001 a 3.000","Modelo 100% remoto","2"
"2023","Empregado (CLT)","Entretenimento ou Esportes","Acima de 3.000","Modelo híbrido com dias fixos de trabalho presencial","2"
"2023","Estagiário","Tecnologia/Fábrica de Software","de 501 a 1.000","Modelo 100% remoto","2"
"2023","Empreendedor ou Empregado (CNPJ)","Tecnologia/Fábrica de Software","de 6 a 10","Modelo híbrido com dias fixos de trabalho presencial","2"
"2023","Empreendedor ou Empregado (CNPJ)","Outra Opção","de 1.001 a 3.000","Modelo 100% remoto","2"
"2023","Empreendedor ou Empregado (CNPJ)","Indústria","Acima de 3.000","Modelo 100% remoto","2"
"2023","Freelancer","Outra Opção","de 51 a 100","Modelo 100% remoto","2"
"2023","Empreendedor ou Empregado (CNPJ)","Agronegócios","de 51 a 100","Modelo 100% remoto","2"
"2023","Empregado (CLT)","Telecomunicação","de 501 a 1.000","Modelo híbrido flexível (o funcionário tem liberdade para escolher quando estar no escritório presencialmente)","2"
"2023","Estagiário","Finanças ou Bancos","de 1.001 a 3.000","Modelo 100% presencial","2"
"2023","Empregado (CLT)","Educação","de 101 a 500","Modelo híbrido com dias fixos de trabalho presencial","2"
"2023","Empregado (CLT)","Tecnologia/Fábrica de Software","de 6 a 10","Modelo híbrido flexível (o funcionário tem liberdade para escolher quando estar no escritório presencialmente)","2"
"2023","Prefiro não informar","Outra Opção","de 1 a 5","Modelo 100% presencial","2"
"2023","Empregado (CLT)","Educação","de 1.001 a 3.000","Modelo 100% remoto","2"
"2023","Empregado (CLT)","Internet/Ecommerce","de 11 a 50","Modelo 100% presencial","2"
"2023","Estagiário","Setor de Energia","Acima de 3.000","Modelo híbrido com dias fixos de trabalho presencial","2"
"2023","Vivo fora do Brasil e trabalho para empresa de fora do Brasil","Finanças ou Bancos","de 501 a 1.000","Modelo 100% remoto","2"
"2023","Empregado (CLT)","Indústria","de 11 a 50","Modelo híbrido com dias fixos de trabalho presencial","2"
"2023","Empregado (CLT)","Área da Saúde","de 501 a 1.000","Modelo híbrido flexível (o funcionário tem liberdade para escolher quando estar no escritório presencialmente)","2"
"2023","Empregado (CLT)","Varejo","de 51 a 100","Modelo híbrido flexível (o funcionário tem liberdade para escolher quando estar no escritório presencialmente)","2"
"2023","Empreendedor ou Empregado (CNPJ)","Finanças ou Bancos","de 1 a 5","Modelo 100% remoto","2"
"2023","Servidor Público","Tecnologia/Fábrica de Software","Acima de 3.000","Modelo 100% presencial","2"
"2023","Vivo no Brasil e trabalho remoto para empresa de fora do Brasil","Área de Consultoria","de 501 a 1.000","Modelo 100% remoto","2"
"2023","Vivo fora do Brasil e trabalho para empresa de fora do Brasil","Finanças ou Bancos","Acima de 3.000","Modelo 100% remoto","2"
"2023","Estagiário","Área de Consultoria","de 101 a 500","Modelo híbrido flexível (o funcionário tem liberdade para escolher quando estar no escritório presencialmente)","2"
"2023","Empregado (CLT)","Outra Opção","de 1.001 a 3.000","Modelo híbrido com dias fixos de trabalho presencial","2"
"2023","Empreendedor ou Empregado (CNPJ)","Área de Consultoria","de 6 a 10","Modelo híbrido com dias fixos de trabalho presencial","2"
"2023","Vivo no Brasil e trabalho remoto para empresa de fora do Brasil","Seguros ou Previdência","de 51 a 100","Modelo 100% remoto","2"
"2023","Empregado (CLT)","Educação","de 101 a 500","Modelo híbrido flexível (o funcionário tem liberdade para escolher quando estar no escritório presencialmente)","2"
"2023","Servidor Público","Setor Público","de 101 a 500","Modelo 100% remoto","2"
"2023","Estagiário","Tecnologia/Fábrica de Software","Acima de 3.000","Modelo híbrido com dias fixos de trabalho presencial","2"
"2023","Empreendedor ou Empregado (CNPJ)","Área da Saúde","Acima de 3.000","Modelo híbrido com dias fixos de trabalho presencial","2"
"2023","Vivo fora do Brasil e trabalho para empresa de fora do Brasil","Varejo","Acima de 3.000","Modelo 100% remoto","2"
"2023","Freelancer","Marketing","de 1 a 5","Modelo 100% remoto","2"
"2023","Empregado (CLT)","Varejo","de 501 a 1.000","Modelo híbrido com dias fixos de trabalho presencial","2"
"2023","Estagiário","Setor Automotivo","Acima de 3.000","Modelo híbrido com dias fixos de trabalho presencial","2"
"2023","Empregado (CLT)","Área da Saúde","de 1.001 a 3.000","Modelo híbrido flexível (o funcionário tem liberdade para escolher quando estar no escritório presencialmente)","2"
"2023","Estagiário","Finanças ou Bancos","de 501 a 1.000","Modelo híbrido com dias fixos de trabalho presencial","2"
"2023","Empregado (CLT)","Agronegócios","de 11 a 50","Modelo 100% remoto","2"
"2023","Empreendedor ou Empregado (CNPJ)","Outra Opção","de 1.001 a 3.000","Modelo híbrido com dias fixos de trabalho presencial","2"
"2023","Estagiário","Tecnologia/Fábrica de Software","de 11 a 50","Modelo híbrido com dias fixos de trabalho presencial","2"
"2023","Vivo no Brasil e trabalho remoto para empresa de fora do Brasil","Área de Consultoria","Acima de 3.000","Modelo 100% remoto","2"
"2023","Empregado (CLT)","Tecnologia/Fábrica de Software","de 1 a 5","Modelo 100% presencial","2"
"2023","Empregado (CLT)","Entretenimento ou Esportes","de 101 a 500","Modelo híbrido flexível (o funcionário tem liberdade para escolher quando estar no escritório presencialmente)","2"
"2023","Vivo no Brasil e trabalho remoto para empresa de fora do Brasil","Internet/Ecommerce","de 501 a 1.000","Modelo 100% remoto","2"
"2023","Empregado (CLT)","Setor Público","Acima de 3.000","Modelo híbrido flexível (o funcionário tem liberdade para escolher quando estar no escritório presencialmente)","2"
"2023","Empregado (CLT)","Finanças ou Bancos","de 51 a 100","Modelo híbrido flexível (o funcionário tem liberdade para escolher quando estar no escritório presencialmente)","2"
"2023","Empreendedor ou Empregado (CNPJ)","Telecomunicação","de 11 a 50","Modelo 100% remoto","2"
"2023","Empreendedor ou Empregado (CNPJ)","Área da Saúde","de 11 a 50","Modelo híbrido flexível (o funcionário tem liberdade para escolher quando estar no escritório presencialmente)","2"
"2023","Estagiário","Finanças ou Bancos","de 101 a 500","Modelo 100% presencial","2"
"2023","Empregado (CLT)","Filantropia/ONG's","de 101 a 500","Modelo híbrido com dias fixos de trabalho presencial","2"
"2023","Vivo fora do Brasil e trabalho para empresa de fora do Brasil","Outra Opção","de 101 a 500","Modelo híbrido flexível (o funcionário tem liberdade para escolher quando estar no escritório presencialmente)","2"
"2023","Vivo no Brasil e trabalho remoto para empresa de fora do Brasil","Tecnologia/Fábrica de Software","Acima de 3.000","Modelo híbrido flexível (o funcionário tem liberdade para escolher quando estar no escritório presencialmente)","2"
"2023","Empreendedor ou Empregado (CNPJ)","Área de Consultoria","de 51 a 100","Modelo híbrido com dias fixos de trabalho presencial","2"
"2023","Empregado (CLT)","Entretenimento ou Esportes","de 1.001 a 3.000","Modelo 100% remoto","2"
"2023","Vivo no Brasil e trabalho remoto para empresa de fora do Brasil","Outra Opção","de 101 a 500","Modelo 100% remoto","2"
"2023","Empreendedor ou Empregado (CNPJ)","Tecnologia/Fábrica de Software","Acima de 3.000","Modelo 100% remoto","2"
"2023","Servidor Público","Setor Público","de 6 a 10","Modelo 100% presencial","2"
"2023","Servidor Público","Setor Público","Acima de 3.000","Modelo híbrido flexível (o funcionário tem liberdade para escolher quando estar no escritório presencialmente)","2"
"2023","Empregado (CLT)","Setor Automotivo","de 501 a 1.000","Modelo 100% presencial","2"
"2023","Empregado (CLT)","Agronegócios","de 1.001 a 3.000","Modelo híbrido com dias fixos de trabalho presencial","2"
"2023","Empregado (CLT)","Setor Automotivo","Acima de 3.000","Modelo 100% remoto","2"
"2023","Empreendedor ou Empregado (CNPJ)","Tecnologia/Fábrica de Software","de 51 a 100","Modelo 100% presencial","2"
"2023","Empreendedor ou Empregado (CNPJ)","Finanças ou Bancos","de 501 a 1.000","Modelo 100% remoto","2"
"2023","Empreendedor ou Empregado (CNPJ)","Área da Saúde","de 51 a 100","Modelo híbrido com dias fixos de trabalho presencial","2"
"2023","Estagiário","Internet/Ecommerce","de 501 a 1.000","Modelo 100% remoto","2"
"2023","Estagiário","Marketing","de 501 a 1.000","Modelo 100% remoto","2"
"2023","Empreendedor ou Empregado (CNPJ)","Setor de Energia","Acima de 3.000","Modelo 100% remoto","2"
"2023","Vivo fora do Brasil e trabalho para empresa de fora do Brasil","Outra Opção","de 11 a 50","Modelo 100% remoto","2"
"2023","Empregado (CLT)","Indústria","de 51 a 100","Modelo híbrido flexível (o funcionário tem liberdade para escolher quando estar no escritório presencialmente)","2"
"2023","Estagiário","Outra Opção","Acima de 3.000","Modelo 100% remoto","2"
"2023","Empreendedor ou Empregado (CNPJ)","Área de Consultoria","de 1.001 a 3.000","Modelo híbrido flexível (o funcionário tem liberdade para escolher quando estar no escritório presencialmente)","2"
"2023","Empreendedor ou Empregado (CNPJ)","Entretenimento ou Esportes","de 101 a 500","Modelo 100% remoto","2"
"2023","Empregado (CLT)","Indústria","de 51 a 100","Modelo 100% remoto","2"
"2023","Empregado (CLT)","Marketing","de 101 a 500","Modelo 100% presencial","2"
"2023","Empreendedor ou Empregado (CNPJ)","Outra Opção","de 101 a 500","Modelo híbrido com dias fixos de trabalho presencial","2"
"2023","Empregado (CLT)","Indústria","de 1.001 a 3.000","Modelo 100% remoto","2"
"2023","Empregado (CLT)","Entretenimento ou Esportes","de 501 a 1.000","Modelo 100% remoto","2"
"2023","Empregado (CLT)","Finanças ou Bancos","de 11 a 50","Modelo híbrido flexível (o funcionário tem liberdade para escolher quando estar no escritório presencialmente)","2"
"2023","Empregado (CLT)","Seguros ou Previdência","de 51 a 100","Modelo híbrido flexível (o funcionário tem liberdade para escolher quando estar no escritório presencialmente)","2"
"2023","Empreendedor ou Empregado (CNPJ)","Indústria","de 1.001 a 3.000","Modelo híbrido com dias fixos de trabalho presencial","2"
"2023","Empregado (CLT)","Área de Consultoria","de 1.001 a 3.000","Modelo 100% presencial","2"
"2023","Vivo fora do Brasil e trabalho para empresa de fora do Brasil","Varejo","de 101 a 500","Modelo híbrido flexível (o funcionário tem liberdade para escolher quando estar no escritório presencialmente)","2"
"2023","Empregado (CLT)","Telecomunicação","de 11 a 50","Modelo 100% presencial","2"
"2023","Empregado (CLT)","Internet/Ecommerce","de 51 a 100","Modelo 100% presencial","2"
"2023","Estagiário","Setor Automotivo","Acima de 3.000","Modelo 100% presencial","2"
"2023","Estagiário","Tecnologia/Fábrica de Software","de 501 a 1.000","Modelo híbrido flexível (o funcionário tem liberdade para escolher quando estar no escritório presencialmente)","2"
"2023","Empregado (CLT)","Marketing","de 6 a 10","Modelo 100% remoto","2"
"2023","Empreendedor ou Empregado (CNPJ)","Marketing","de 101 a 500","Modelo híbrido flexível (o funcionário tem liberdade para escolher quando estar no escritório presencialmente)","2"
"2023","Vivo no Brasil e trabalho remoto para empresa de fora do Brasil","Finanças ou Bancos","de 501 a 1.000","Modelo 100% remoto","2"
"2023","Empregado (CLT)","Marketing","Acima de 3.000","Modelo 100% remoto","2"
"2023","Empreendedor ou Empregado (CNPJ)","Setor Público","de 11 a 50","Modelo 100% remoto","2"
"2023","Empregado (CLT)","Setor Alimentício","de 11 a 50","Modelo 100% presencial","2"
"2023","Servidor Público","Setor Público","de 51 a 100","Modelo 100% presencial","2"
"2023","Empregado (CLT)","Setor Alimentício","de 1.001 a 3.000","Modelo híbrido flexível (o funcionário tem liberdade para escolher quando estar no escritório presencialmente)","2"
"2023","Empregado (CLT)","Internet/Ecommerce","de 51 a 100","Modelo 100% remoto","2"
"2023","Servidor Público","Finanças ou Bancos","Acima de 3.000","Modelo 100% presencial","2"
"2023","Empreendedor ou Empregado (CNPJ)","Setor Alimentício","de 101 a 500","Modelo 100% remoto","2"
"2023","Estagiário","Finanças ou Bancos","de 11 a 50","Modelo 100% presencial","2"
"2023","Empregado (CLT)","Área de Consultoria","de 1 a 5","Modelo 100% remoto","2"
"2023","Estagiário","Indústria","Acima de 3.000","Modelo 100% presencial","2"
"2023","Empreendedor ou Empregado (CNPJ)","Finanças ou Bancos","de 11 a 50","Modelo híbrido flexível (o funcionário tem liberdade para escolher quando estar no escritório presencialmente)","2"
"2023","Vivo fora do Brasil e trabalho para empresa de fora do Brasil","Tecnologia/Fábrica de Software","de 11 a 50","Modelo híbrido com dias fixos de trabalho presencial","1"
"2023","Freelancer","Entretenimento ou Esportes","de 1 a 5","Modelo 100% remoto","1"
"2023","Freelancer","Tecnologia/Fábrica de Software","Acima de 3.000","Modelo híbrido com dias fixos de trabalho presencial","1"
"2023","Estagiário","Setor Imobiliário/ Construção Civil","de 51 a 100","Modelo híbrido flexível (o funcionário tem liberdade para escolher quando estar no escritório presencialmente)","1"
"2023","Empreendedor ou Empregado (CNPJ)","Setor Imobiliário/ Construção Civil","de 1.001 a 3.000","Modelo híbrido flexível (o funcionário tem liberdade para escolher quando estar no escritório presencialmente)","1"
"2023","Empreendedor ou Empregado (CNPJ)","Marketing","de 11 a 50","Modelo híbrido flexível (o funcionário tem liberdade para escolher quando estar no escritório presencialmente)","1"
"2023","Empregado (CLT)","Setor Imobiliário/ Construção Civil","de 101 a 500","Modelo híbrido flexível (o funcionário tem liberdade para escolher quando estar no escritório presencialmente)","1"
"2023","Estagiário","Finanças ou Bancos","Acima de 3.000","Modelo 100% presencial","1"
"2023","Empreendedor ou Empregado (CNPJ)","Educação","de 101 a 500","Modelo 100% presencial","1"
"2023","Empreendedor ou Empregado (CNPJ)","Educação","de 51 a 100","Modelo híbrido flexível (o funcionário tem liberdade para escolher quando estar no escritório presencialmente)","1"
"2023","Empregado (CLT)","Telecomunicação","de 1.001 a 3.000","Modelo híbrido flexível (o funcionário tem liberdade para escolher quando estar no escritório presencialmente)","1"
"2023","Empregado (CLT)","Setor Público","de 501 a 1.000","Modelo híbrido flexível (o funcionário tem liberdade para escolher quando estar no escritório presencialmente)","1"
"2023","Empreendedor ou Empregado (CNPJ)","Setor Alimentício","de 6 a 10","Modelo 100% remoto","1"
"2023","Vivo no Brasil e trabalho remoto para empresa de fora do Brasil","Internet/Ecommerce","de 101 a 500","Modelo 100% remoto","1"
"2023","Vivo no Brasil e trabalho remoto para empresa de fora do Brasil","Educação","de 11 a 50","Modelo 100% remoto","1"
"2023","Servidor Público","Setor Público","de 101 a 500","Modelo híbrido flexível (o funcionário tem liberdade para escolher quando estar no escritório presencialmente)","1"
"2023","Empreendedor ou Empregado (CNPJ)","Entretenimento ou Esportes","de 101 a 500","Modelo híbrido com dias fixos de trabalho presencial","1"
"2023","Vivo fora do Brasil e trabalho para empresa de fora do Brasil","Internet/Ecommerce","Acima de 3.000","Modelo híbrido com dias fixos de trabalho presencial","1"
"2023","Empregado (CLT)","Agronegócios","de 501 a 1.000","Modelo híbrido flexível (o funcionário tem liberdade para escolher quando estar no escritório presencialmente)","1"
"2023","Empregado (CLT)","Setor Farmaceutico","de 1.001 a 3.000","Modelo híbrido flexível (o funcionário tem liberdade para escolher quando estar no escritório presencialmente)","1"
"2023","Empreendedor ou Empregado (CNPJ)","Agronegócios","de 51 a 100","Modelo 100% presencial","1"
"2023","Vivo fora do Brasil e trabalho para empresa de fora do Brasil","Indústria","de 51 a 100","Modelo 100% presencial","1"
"2023","Empreendedor ou Empregado (CNPJ)","Área de Consultoria","de 51 a 100","Modelo híbrido flexível (o funcionário tem liberdade para escolher quando estar no escritório presencialmente)","1"
"2023","Estagiário","Setor Farmaceutico","de 101 a 500","Modelo 100% presencial","1"
"2023","Vivo fora do Brasil e trabalho para empresa de fora do Brasil","Setor Farmaceutico","Acima de 3.000","Modelo híbrido com dias fixos de trabalho presencial","1"
"2023","Estagiário","Área de Consultoria","de 11 a 50","Modelo 100% presencial","1"
"2023","Vivo fora do Brasil e trabalho para empresa de fora do Brasil","Área de Consultoria","de 101 a 500","Modelo 100% remoto","1"
"2023","Estagiário","Setor de Energia","de 501 a 1.000","Modelo 100% remoto","1"
"2023","Estagiário","Área de Consultoria","de 51 a 100","Modelo 100% remoto","1"
"2023","Empregado (CLT)","Setor Alimentício","de 1.001 a 3.000","Modelo 100% remoto","1"
"2023","Empreendedor ou Empregado (CNPJ)","Telecomunicação","de 501 a 1.000","Modelo 100% remoto","1"
"2023","Empregado (CLT)","Internet/Ecommerce","de 501 a 1.000","Modelo 100% presencial","1"
"2023","Empreendedor ou Empregado (CNPJ)","Área de Consultoria","de 101 a 500","Modelo híbrido com dias fixos de trabalho presencial","1"
"2023","Estagiário","Outra Opção","de 6 a 10","Modelo 100% presencial","1"
"2023","Freelancer","Marketing","de 11 a 50","Modelo 100% remoto","1"
"2023","Estagiário","Finanças ou Bancos","de 11 a 50","Modelo 100% remoto","1"
"2023","Empreendedor ou Empregado (CNPJ)","Varejo","de 101 a 500","Modelo 100% remoto","1"
"2023","Empregado (CLT)","Outra Opção","de 1 a 5","Modelo 100% remoto","1"
"2023","Empreendedor ou Empregado (CNPJ)","Seguros ou Previdência","de 501 a 1.000","Modelo híbrido flexível (o funcionário tem liberdade para escolher quando estar no escritório presencialmente)","1"
"2023","Empregado (CLT)","Setor Público","de 51 a 100","Modelo híbrido flexível (o funcionário tem liberdade para escolher quando estar no escritório presencialmente)","1"
"2023","Freelancer","Setor Imobiliário/ Construção Civil","Acima de 3.000","Modelo 100% remoto","1"
"2023","Empreendedor ou Empregado (CNPJ)","Tecnologia/Fábrica de Software","de 101 a 500","Modelo 100% presencial","1"
"2023","Estagiário","Setor Público","Acima de 3.000","Modelo híbrido com dias fixos de trabalho presencial","1"
"2023","Estagiário","Marketing","de 101 a 500","Modelo 100% remoto","1"
"2023","Empregado (CLT)","Setor de Energia","de 1.001 a 3.000","Modelo 100% presencial","1"
"2023","Empregado (CLT)","Telecomunicação","de 101 a 500","Modelo híbrido flexível (o funcionário tem liberdade para escolher quando estar no escritório presencialmente)","1"
"2023","Servidor Público","Educação","de 501 a 1.000","Modelo híbrido com dias fixos de trabalho presencial","1"
"2023","Freelancer","Seguros ou Previdência","de 101 a 500","Modelo 100% remoto","1"
"2023","Empreendedor ou Empregado (CNPJ)","Indústria","de 501 a 1.000","Modelo 100% remoto","1"
"2023","Estagiário","Área de Consultoria","de 1 a 5","Modelo 100% remoto","1"
"2023","Estagiário","Educação","de 51 a 100","Modelo híbrido flexível (o funcionário tem liberdade para escolher quando estar no escritório presencialmente)","1"
"2023","Vivo fora do Brasil e trabalho para empresa de fora do Brasil","Filantropia/ONG's","de 101 a 500","Modelo híbrido flexível (o funcionário tem liberdade para escolher quando estar no escritório presencialmente)","1"
"2023","Servidor Público","Tecnologia/Fábrica de Software","Acima de 3.000","Modelo híbrido com dias fixos de trabalho presencial","1"
"2023","Empreendedor ou Empregado (CNPJ)","Outra Opção","de 1 a 5","Modelo híbrido flexível (o funcionário tem liberdade para escolher quando estar no escritório presencialmente)","1"
"2023","Empreendedor ou Empregado (CNPJ)","Educação","de 1.001 a 3.000","Modelo 100% remoto","1"
"2023","Empregado (CLT)","Filantropia/ONG's","de 11 a 50","Modelo híbrido flexível (o funcionário tem liberdade para escolher quando estar no escritório presencialmente)","1"
"2023","Estagiário","Setor de Energia","Acima de 3.000","Modelo híbrido flexível (o funcionário tem liberdade para escolher quando estar no escritório presencialmente)","1"
"2023","Empregado (CLT)","Seguros ou Previdência","de 11 a 50","Modelo 100% presencial","1"
"2023","Estagiário","Tecnologia/Fábrica de Software","de 6 a 10","Modelo híbrido flexível (o funcionário tem liberdade para escolher quando estar no escritório presencialmente)","1"
"2023","Empregado (CLT)","Área de Consultoria","de 1.001 a 3.000","Modelo híbrido com dias fixos de trabalho presencial","1"
"2023","Estagiário","Setor Público","de 51 a 100","Modelo 100% presencial","1"
"2023","Empreendedor ou Empregado (CNPJ)","Varejo","de 1.001 a 3.000","Modelo híbrido com dias fixos de trabalho presencial","1"
"2023","Empreendedor ou Empregado (CNPJ)","Setor Imobiliário/ Construção Civil","de 1 a 5","Modelo híbrido flexível (o funcionário tem liberdade para escolher quando estar no escritório presencialmente)","1"
"2023","Empregado (CLT)","Telecomunicação","de 51 a 100","Modelo 100% presencial","1"
"2023","Estagiário","Varejo","de 101 a 500","Modelo 100% remoto","1"
"2023","Servidor Público","Tecnologia/Fábrica de Software","de 501 a 1.000","Modelo híbrido flexível (o funcionário tem liberdade para escolher quando estar no escritório presencialmente)","1"
"2023","Empregado (CLT)","Telecomunicação","de 1 a 5","Modelo 100% presencial","1"
"2023","Vivo fora do Brasil e trabalho para empresa de fora do Brasil","Setor Automotivo","Acima de 3.000","Modelo híbrido flexível (o funcionário tem liberdade para escolher quando estar no escritório presencialmente)","1"
"2023","Estagiário","Finanças ou Bancos","de 1.001 a 3.000","Modelo 100% remoto","1"
"2023","Freelancer","Setor Alimentício","de 51 a 100","Modelo híbrido com dias fixos de trabalho presencial","1"
"2023","Empregado (CLT)","Área de Consultoria","de 1 a 5","Modelo híbrido flexível (o funcionário tem liberdade para escolher quando estar no escritório presencialmente)","1"
"2023","Empregado (CLT)","Setor Imobiliário/ Construção Civil","de 11 a 50","Modelo 100% presencial","1"
"2023","Vivo fora do Brasil e trabalho para empresa de fora do Brasil","Internet/Ecommerce","de 1.001 a 3.000","Modelo 100% remoto","1"
"2023","Estagiário","Seguros ou Previdência","Acima de 3.000","Modelo híbrido flexível (o funcionário tem liberdade para escolher quando estar no escritório presencialmente)","1"
"2023","Freelancer","Internet/Ecommerce","de 1 a 5","Modelo 100% remoto","1"
"2023","Empregado (CLT)","Educação","de 51 a 100","Modelo híbrido com dias fixos de trabalho presencial","1"
"2023","Empregado (CLT)","Tecnologia/Fábrica de Software","de 6 a 10","Modelo 100% presencial","1"
"2023","Vivo no Brasil e trabalho remoto para empresa de fora do Brasil","Área da Saúde","de 51 a 100","Modelo 100% remoto","1"
"2023","Empregado (CLT)","Indústria","de 6 a 10","Modelo 100% remoto","1"
"2023","Estagiário","Área de Consultoria","de 501 a 1.000","Modelo 100% presencial","1"
"2023","Estagiário","Educação","de 1.001 a 3.000","Modelo híbrido flexível (o funcionário tem liberdade para escolher quando estar no escritório presencialmente)","1"
"2023","Empreendedor ou Empregado (CNPJ)","Educação","de 1 a 5","Modelo 100% presencial","1"
"2023","Empregado (CLT)","Internet/Ecommerce","de 51 a 100","Modelo híbrido com dias fixos de trabalho presencial","1"
"2023","Empregado (CLT)","Agronegócios","de 6 a 10","Modelo 100% presencial","1"
"2023","Estagiário","Seguros ou Previdência","de 501 a 1.000","Modelo híbrido com dias fixos de trabalho presencial","1"
"2023","Servidor Público","Educação","de 101 a 500","Modelo 100% presencial","1"
"2023","Empregado (CLT)","Setor Imobiliário/ Construção Civil","de 501 a 1.000","Modelo 100% remoto","1"
"2023","Empregado (CLT)","Outra Opção","de 6 a 10","Modelo híbrido com dias fixos de trabalho presencial","1"
"2023","Estagiário","Outra Opção","de 51 a 100","Modelo 100% presencial","1"
"2023","Estagiário","Área de Consultoria","de 501 a 1.000","Modelo 100% remoto","1"
"2023","Empregado (CLT)","Marketing","de 1.001 a 3.000","Modelo híbrido com dias fixos de trabalho presencial","1"
"2023","Empregado (CLT)","Setor Farmaceutico","de 1.001 a 3.000","Modelo 100% presencial","1"
"2023","Servidor Público","Setor Público","de 1.001 a 3.000","Modelo híbrido flexível (o funcionário tem liberdade para escolher quando estar no escritório presencialmente)","1"
"2023","Empregado (CLT)","Setor Imobiliário/ Construção Civil","de 1.001 a 3.000","Modelo híbrido com dias fixos de trabalho presencial","1"
"2023","Estagiário","Indústria","de 1 a 5","Modelo 100% remoto","1"
"2023","Estagiário","Outra Opção","de 501 a 1.000","Modelo híbrido flexível (o funcionário tem liberdade para escolher quando estar no escritório presencialmente)","1"
"2023","Empreendedor ou Empregado (CNPJ)","Setor Imobiliário/ Construção Civil","de 11 a 50","Modelo 100% presencial","1"
"2023","Empreendedor ou Empregado (CNPJ)","Indústria","de 11 a 50","Modelo 100% presencial","1"
"2023","Empregado (CLT)","Setor Automotivo","de 501 a 1.000","Modelo híbrido com dias fixos de trabalho presencial","1"
"2023","Empregado (CLT)","Varejo","de 1 a 5","Modelo 100% remoto","1"
"2023","Vivo no Brasil e trabalho remoto para empresa de fora do Brasil","Seguros ou Previdência","de 101 a 500","Modelo 100% remoto","1"
"2023","Prefiro não informar","Setor Automotivo","de 6 a 10","Modelo 100% presencial","1"
"2023","Empregado (CLT)","Internet/Ecommerce","de 6 a 10","Modelo híbrido com dias fixos de trabalho presencial","1"
"2023","Empreendedor ou Empregado (CNPJ)","Marketing","Acima de 3.000","Modelo 100% remoto","1"
"2023","Empreendedor ou Empregado (CNPJ)","Outra Opção","de 1 a 5","Modelo 100% presencial","1"
"2023","Vivo fora do Brasil e trabalho para empresa de fora do Brasil","Tecnologia/Fábrica de Software","de 501 a 1.000","Modelo híbrido com dias fixos de trabalho presencial","1"
"2023","Vivo fora do Brasil e trabalho para empresa de fora do Brasil","Telecomunicação","Acima de 3.000","Modelo 100% presencial","1"
"2023","Empreendedor ou Empregado (CNPJ)","Seguros ou Previdência","Acima de 3.000","Modelo 100% remoto","1"
"2023","Vivo fora do Brasil e trabalho para empresa de fora do Brasil","Outra Opção","Acima de 3.000","Modelo 100% remoto","1"
"2023","Vivo fora do Brasil e trabalho para empresa de fora do Brasil","Tecnologia/Fábrica de Software","de 11 a 50","Modelo híbrido flexível (o funcionário tem liberdade para escolher quando estar no escritório presencialmente)","1"
"2023","Vivo no Brasil e trabalho remoto para empresa de fora do Brasil","Indústria","de 501 a 1.000","Modelo 100% remoto","1"
"2023","Empregado (CLT)","Educação","de 6 a 10","Modelo híbrido com dias fixos de trabalho presencial","1"
"2023","Vivo fora do Brasil e trabalho para empresa de fora do Brasil","Área da Saúde","de 11 a 50","Modelo 100% remoto","1"
"2023","Vivo no Brasil e trabalho remoto para empresa de fora do Brasil","Educação","de 101 a 500","Modelo 100% remoto","1"
"2023","Empregado (CLT)","Setor de Energia","de 501 a 1.000","Modelo híbrido com dias fixos de trabalho presencial","1"
"2023","Estagiário","Telecomunicação","de 501 a 1.000","Modelo híbrido flexível (o funcionário tem liberdade para escolher quando estar no escritório presencialmente)","1"
"2023","Estagiário","Entretenimento ou Esportes","de 6 a 10","Modelo 100% remoto","1"
"2023","Empregado (CLT)","Setor de Energia","de 101 a 500","Modelo híbrido flexível (o funcionário tem liberdade para escolher quando estar no escritório presencialmente)","1"
"2023","Empregado (CLT)","Educação","de 51 a 100","Modelo híbrido flexível (o funcionário tem liberdade para escolher quando estar no escritório presencialmente)","1"
"2023","Estagiário","Indústria","de 101 a 500","Modelo 100% presencial","1"
"2023","Estagiário","Marketing","de 51 a 100","Modelo 100% remoto","1"
"2023","Estagiário","Outra Opção","de 501 a 1.000","Modelo 100% remoto","1"
"2023","Estagiário","Varejo","Acima de 3.000","Modelo 100% presencial","1"
"2023","Vivo no Brasil e trabalho remoto para empresa de fora do Brasil","Setor Automotivo","de 101 a 500","Modelo 100% remoto","1"
"2023","Empreendedor ou Empregado (CNPJ)","Varejo","de 501 a 1.000","Modelo 100% presencial","1"
"2023","Empreendedor ou Empregado (CNPJ)","Indústria","de 6 a 10","Modelo híbrido com dias fixos de trabalho presencial","1"
"2023","Servidor Público","Educação","de 101 a 500","Modelo 100% remoto","1"
"2023","Vivo no Brasil e trabalho remoto para empresa de fora do Brasil","Tecnologia/Fábrica de Software","de 101 a 500","Modelo híbrido flexível (o funcionário tem liberdade para escolher quando estar no escritório presencialmente)","1"
"2023","Vivo fora do Brasil e trabalho para empresa de fora do Brasil","Tecnologia/Fábrica de Software","Acima de 3.000","Modelo 100% remoto","1"
"2023","Estagiário","Tecnologia/Fábrica de Software","de 1.001 a 3.000","Modelo 100% presencial","1"
"2023","Empreendedor ou Empregado (CNPJ)","Setor de Energia","de 6 a 10","Modelo 100% remoto","1"
"2023","Empregado (CLT)","Setor de Energia","de 51 a 100","Modelo híbrido flexível (o funcionário tem liberdade para escolher quando estar no escritório presencialmente)","1"
"2023","Empregado (CLT)","Filantropia/ONG's","de 51 a 100","Modelo híbrido com dias fixos de trabalho presencial","1"
"2023","Estagiário","Setor Público","Acima de 3.000","Modelo 100% remoto","1"
"2023","Vivo fora do Brasil e trabalho para empresa de fora do Brasil","Marketing","de 101 a 500","Modelo híbrido com dias fixos de trabalho presencial","1"
"2023","Empregado (CLT)","Indústria","de 51 a 100","Modelo híbrido com dias fixos de trabalho presencial","1"
"2023","Empregado (CLT)","Seguros ou Previdência","de 501 a 1.000","Modelo híbrido flexível (o funcionário tem liberdade para escolher quando estar no escritório presencialmente)","1"
"2023","Vivo fora do Brasil e trabalho para empresa de fora do Brasil","Outra Opção","Acima de 3.000","Modelo híbrido com dias fixos de trabalho presencial","1"
"2023","Empreendedor ou Empregado (CNPJ)","Educação","Acima de 3.000","Modelo 100% presencial","1"
"2023","Vivo no Brasil e trabalho remoto para empresa de fora do Brasil","Entretenimento ou Esportes","de 6 a 10","Modelo 100% remoto","1"
"2023","Vivo fora do Brasil e trabalho para empresa de fora do Brasil","Telecomunicação","Acima de 3.000","Modelo híbrido flexível (o funcionário tem liberdade para escolher quando estar no escritório presencialmente)","1"
"2023","Empreendedor ou Empregado (CNPJ)","Educação","de 1.001 a 3.000","Modelo híbrido com dias fixos de trabalho presencial","1"
"2023","Freelancer","Internet/Ecommerce","de 1.001 a 3.000","Modelo 100% remoto","1"
"2023","Empregado (CLT)","Entretenimento ou Esportes","de 501 a 1.000","Modelo híbrido flexível (o funcionário tem liberdade para escolher quando estar no escritório presencialmente)","1"
"2023","Empreendedor ou Empregado (CNPJ)","Outra Opção","de 11 a 50","Modelo híbrido com dias fixos de trabalho presencial","1"
"2023","Estagiário","Marketing","de 101 a 500","Modelo 100% presencial","1"
"2023","Empregado (CLT)","Setor Imobiliário/ Construção Civil","de 501 a 1.000","Modelo 100% presencial","1"
"2023","Vivo no Brasil e trabalho remoto para empresa de fora do Brasil","Internet/Ecommerce","de 51 a 100","Modelo 100% remoto","1"
"2023","Empregado (CLT)","Marketing","de 51 a 100","Modelo híbrido com dias fixos de trabalho presencial","1"
"2023","Vivo no Brasil e trabalho remoto para empresa de fora do Brasil","Indústria","de 1.001 a 3.000","Modelo 100% remoto","1"
"2023","Estagiário","Outra Opção","de 1.001 a 3.000","Modelo 100% remoto","1"
"2023","Prefiro não informar","Área de Consultoria","de 1 a 5","Modelo 100% remoto","1"
"2023","Empregado (CLT)","Tecnologia/Fábrica de Software","de 1 a 5","Modelo 100% remoto","1"
"2023","Empregado (CLT)","Internet/Ecommerce","de 101 a 500","Modelo 100% presencial","1"
"2023","Vivo fora do Brasil e trabalho para empresa de fora do Brasil","Área de Consultoria","de 11 a 50","Modelo 100% remoto","1"
"2023","Estagiário","Filantropia/ONG's","de 11 a 50","Modelo 100% remoto","1"
"2023","Freelancer","Área de Consultoria","de 11 a 50","Modelo 100% remoto","1"
"2023","Empregado (CLT)","Varejo","de 6 a 10","Modelo 100% presencial","1"
"2023","Estagiário","Agronegócios","de 101 a 500","Modelo 100% remoto","1"
"2023","Servidor Público","Telecomunicação","de 1.001 a 3.000","Modelo híbrido flexível (o funcionário tem liberdade para escolher quando estar no escritório presencialmente)","1"
"2023","Vivo no Brasil e trabalho remoto para empresa de fora do Brasil","Outra Opção","Acima de 3.000","Modelo 100% remoto","1"
"2023","Freelancer","Setor Imobiliário/ Construção Civil","de 1 a 5","Modelo 100% remoto","1"
"2023","Empregado (CLT)","Setor Público","de 51 a 100","Modelo 100% remoto","1"
"2023","Empregado (CLT)","Área de Consultoria","de 501 a 1.000","Modelo híbrido com dias fixos de trabalho presencial","1"
"2023","Vivo fora do Brasil e trabalho para empresa de fora do Brasil","Indústria","de 1.001 a 3.000","Modelo híbrido flexível (o funcionário tem liberdade para escolher quando estar no escritório presencialmente)","1"
"2023","Vivo fora do Brasil e trabalho para empresa de fora do Brasil","Entretenimento ou Esportes","de 1.001 a 3.000","Modelo híbrido com dias fixos de trabalho presencial","1"
"2023","Empreendedor ou Empregado (CNPJ)","Seguros ou Previdência","de 101 a 500","Modelo híbrido flexível (o funcionário tem liberdade para escolher quando estar no escritório presencialmente)","1"
"2023","Vivo no Brasil e trabalho remoto para empresa de fora do Brasil","Tecnologia/Fábrica de Software","de 6 a 10","Modelo 100% remoto","1"
"2023","Prefiro não informar","Outra Opção","de 1 a 5","Modelo híbrido com dias fixos de trabalho presencial","1"
"2023","Empreendedor ou Empregado (CNPJ)","Outra Opção","de 11 a 50","Modelo 100% presencial","1"
"2023","Empregado (CLT)","Agronegócios","de 51 a 100","Modelo híbrido com dias fixos de trabalho presencial","1"
"2023","Estagiário","Tecnologia/Fábrica de Software","de 101 a 500","Modelo híbrido flexível (o funcionário tem liberdade para escolher quando estar no escritório presencialmente)","1"
"2023","Estagiário","Indústria","Acima de 3.000","Modelo 100% remoto","1"
"2023","Estagiário","Indústria","de 11 a 50","Modelo 100% remoto","1"
"2023","Empregado (CLT)","Setor de Energia","de 101 a 500","Modelo 100% remoto","1"
"2023","Vivo fora do Brasil e trabalho para empresa de fora do Brasil","Tecnologia/Fábrica de Software","Acima de 3.000","Modelo híbrido com dias fixos de trabalho presencial","1"
"2023","Empreendedor ou Empregado (CNPJ)","Entretenimento ou Esportes","Acima de 3.000","Modelo 100% remoto","1"
"2023","Empregado (CLT)","Agronegócios","de 101 a 500","Modelo híbrido com dias fixos de trabalho presencial","1"
"2023","Empregado (CLT)","Filantropia/ONG's","de 1.001 a 3.000","Modelo 100% presencial","1"
"2023","Estagiário","Outra Opção","de 1.001 a 3.000","Modelo híbrido com dias fixos de trabalho presencial","1"
"2023","Empregado (CLT)","Indústria","de 11 a 50","Modelo híbrido flexível (o funcionário tem liberdade para escolher quando estar no escritório presencialmente)","1"
"2023","Empreendedor ou Empregado (CNPJ)","Educação","de 1 a 5","Modelo híbrido com dias fixos de trabalho presencial","1"
"2023","Empregado (CLT)","Setor Farmaceutico","de 101 a 500","Modelo 100% presencial","1"
"2023","Vivo fora do Brasil e trabalho para empresa de fora do Brasil","Tecnologia/Fábrica de Software","de 1.001 a 3.000","Modelo híbrido flexível (o funcionário tem liberdade para escolher quando estar no escritório presencialmente)","1"
"2023","Estagiário","Agronegócios","de 51 a 100","Modelo 100% remoto","1"
"2023","Estagiário","Agronegócios","de 101 a 500","Modelo 100% presencial","1"
"2023","Prefiro não informar","Educação","de 1 a 5","Modelo 100% remoto","1"
"2023","Estagiário","Área de Consultoria","de 6 a 10","Modelo 100% remoto","1"
"2023","Empreendedor ou Empregado (CNPJ)","Indústria","de 101 a 500","Modelo híbrido com dias fixos de trabalho presencial","1"
"2023","Estagiário","Área da Saúde","de 101 a 500","Modelo 100% remoto","1"
"2023","Empreendedor ou Empregado (CNPJ)","Finanças ou Bancos","de 51 a 100","Modelo híbrido com dias fixos de trabalho presencial","1"
"2023","Vivo fora do Brasil e trabalho para empresa de fora do Brasil","Área de Consultoria","de 1.001 a 3.000","Modelo híbrido flexível (o funcionário tem liberdade para escolher quando estar no escritório presencialmente)","1"
"2023","Vivo fora do Brasil e trabalho para empresa de fora do Brasil","Internet/Ecommerce","Acima de 3.000","Modelo 100% remoto","1"
"2023","Empregado (CLT)","Entretenimento ou Esportes","de 51 a 100","Modelo híbrido flexível (o funcionário tem liberdade para escolher quando estar no escritório presencialmente)","1"
"2023","Empreendedor ou Empregado (CNPJ)","Área de Consultoria","de 501 a 1.000","Modelo 100% presencial","1"
"2023","Estagiário","Setor Público","de 1.001 a 3.000","Modelo híbrido com dias fixos de trabalho presencial","1"
"2023","Empreendedor ou Empregado (CNPJ)","Finanças ou Bancos","Acima de 3.000","Modelo 100% remoto","1"
"2023","Empreendedor ou Empregado (CNPJ)","Setor de Energia","de 1 a 5","Modelo 100% presencial","1"
"2023","Empregado (CLT)","Setor de Energia","de 11 a 50","Modelo híbrido com dias fixos de trabalho presencial","1"
"2023","Vivo fora do Brasil e trabalho para empresa de fora do Brasil","Tecnologia/Fábrica de Software","de 1.001 a 3.000","Modelo 100% remoto","1"
"2023","Empregado (CLT)","Finanças ou Bancos","de 6 a 10","Modelo 100% remoto","1"
"2023","Empregado (CLT)","Setor Alimentício","de 101 a 500","Modelo híbrido com dias fixos de trabalho presencial","1"
"2023","Empreendedor ou Empregado (CNPJ)","Telecomunicação","Acima de 3.000","Modelo híbrido flexível (o funcionário tem liberdade para escolher quando estar no escritório presencialmente)","1"
"2023","Empregado (CLT)","Filantropia/ONG's","de 501 a 1.000","Modelo 100% remoto","1"
"2023","Estagiário","Setor Público","de 501 a 1.000","Modelo 100% presencial","1"
"2023","Freelancer","Tecnologia/Fábrica de Software","de 1 a 5","Modelo 100% presencial","1"
"2023","Vivo fora do Brasil e trabalho para empresa de fora do Brasil","Área de Consultoria","de 1.001 a 3.000","Modelo híbrido com dias fixos de trabalho presencial","1"
"2023","Estagiário","Setor Alimentício","de 101 a 500","Modelo híbrido flexível (o funcionário tem liberdade para escolher quando estar no escritório presencialmente)","1"
"2023","Freelancer","Finanças ou Bancos","de 6 a 10","Modelo 100% presencial","1"
"2023","Empreendedor ou Empregado (CNPJ)","Telecomunicação","de 501 a 1.000","Modelo híbrido com dias fixos de trabalho presencial","1"
"2023","Vivo fora do Brasil e trabalho para empresa de fora do Brasil","Educação","Acima de 3.000","Modelo híbrido com dias fixos de trabalho presencial","1"
"2023","Empregado (CLT)","Setor Imobiliário/ Construção Civil","de 501 a 1.000","Modelo híbrido com dias fixos de trabalho presencial","1"
"2023","Empreendedor ou Empregado (CNPJ)","Entretenimento ou Esportes","de 101 a 500","Modelo 100% presencial","1"
"2023","Estagiário","Marketing","de 1.001 a 3.000","Modelo 100% remoto","1"
"2023","Empreendedor ou Empregado (CNPJ)","Setor Automotivo","de 101 a 500","Modelo 100% remoto","1"
"2023","Empreendedor ou Empregado (CNPJ)","Agronegócios","de 101 a 500","Modelo híbrido flexível (o funcionário tem liberdade para escolher quando estar no escritório presencialmente)","1"
"2023","Prefiro não informar","Área de Consultoria","de 101 a 500","Modelo híbrido flexível (o funcionário tem liberdade para escolher quando estar no escritório presencialmente)","1"
"2023","Vivo no Brasil e trabalho remoto para empresa de fora do Brasil","Marketing","de 11 a 50","Modelo 100% remoto","1"
"2023","Empregado (CLT)","Finanças ou Bancos","de 6 a 10","Modelo híbrido com dias fixos de trabalho presencial","1"
"2023","Empregado (CLT)","Marketing","de 1.001 a 3.000","Modelo híbrido flexível (o funcionário tem liberdade para escolher quando estar no escritório presencialmente)","1"
"2023","Empregado (CLT)","Setor de Energia","de 11 a 50","Modelo 100% remoto","1"
"2023","Empreendedor ou Empregado (CNPJ)","Varejo","Acima de 3.000","Modelo 100% presencial","1"
"2023","Empreendedor ou Empregado (CNPJ)","Indústria","de 1 a 5","Modelo híbrido flexível (o funcionário tem liberdade para escolher quando estar no escritório presencialmente)","1"
"2023","Empreendedor ou Empregado (CNPJ)","Marketing","de 501 a 1.000","Modelo híbrido com dias fixos de trabalho presencial","1"
"2023","Servidor Público","Área da Saúde","de 101 a 500","Modelo 100% presencial","1"
"2023","Empreendedor ou Empregado (CNPJ)","Varejo","de 1.001 a 3.000","Modelo 100% presencial","1"
"2023","Freelancer","Área da Saúde","de 11 a 50","Modelo 100% remoto","1"
"2023","Empregado (CLT)","Setor Farmaceutico","de 101 a 500","Modelo híbrido com dias fixos de trabalho presencial","1"
"2023","Vivo fora do Brasil e trabalho para empresa de fora do Brasil","Seguros ou Previdência","de 1.001 a 3.000","Modelo híbrido flexível (o funcionário tem liberdade para escolher quando estar no escritório presencialmente)","1"
"2023","Servidor Público","Educação","de 1.001 a 3.000","Modelo 100% presencial","1"
"2023","Estagiário","Área da Saúde","de 1.001 a 3.000","Modelo híbrido com dias fixos de trabalho presencial","1"
"2023","Vivo no Brasil e trabalho remoto para empresa de fora do Brasil","Área da Saúde","de 101 a 500","Modelo 100% remoto","1"
"2023","Vivo no Brasil e trabalho remoto para empresa de fora do Brasil","Setor de Energia","Acima de 3.000","Modelo 100% remoto","1"
"2023","Estagiário","Outra Opção","Acima de 3.000","Modelo híbrido com dias fixos de trabalho presencial","1"
"2023","Freelancer","Área de Consultoria","de 6 a 10","Modelo 100% remoto","1"
"2023","Empreendedor ou Empregado (CNPJ)","Tecnologia/Fábrica de Software","de 6 a 10","Modelo 100% presencial","1"
"2023","Empreendedor ou Empregado (CNPJ)","Entretenimento ou Esportes","de 51 a 100","Modelo 100% remoto","1"
"2023","Estagiário","Outra Opção","Acima de 3.000","Modelo 100% presencial","1"
"2023","Empreendedor ou Empregado (CNPJ)","Setor Automotivo","de 501 a 1.000","Modelo 100% remoto","1"
"2023","Empregado (CLT)","Agronegócios","de 501 a 1.000","Modelo 100% remoto","1"
"2023","Vivo fora do Brasil e trabalho para empresa de fora do Brasil","Tecnologia/Fábrica de Software","de 51 a 100","Modelo 100% remoto","1"
"2023","Empreendedor ou Empregado (CNPJ)","Setor de Energia","de 101 a 500","Modelo 100% remoto","1"
"2023","Empreendedor ou Empregado (CNPJ)","Setor Alimentício","de 6 a 10","Modelo 100% presencial","1"
"2023","Estagiário","Internet/Ecommerce","de 101 a 500","Modelo 100% presencial","1"
"2023","Empregado (CLT)","Marketing","de 51 a 100","Modelo 100% presencial","1"
"2023","Estagiário","Setor Automotivo","Acima de 3.000","Modelo 100% remoto","1"
"2023","Empregado (CLT)","Entretenimento ou Esportes","de 501 a 1.000","Modelo 100% presencial","1"
"2023","Empregado (CLT)","Marketing","de 501 a 1.000","Modelo híbrido com dias fixos de trabalho presencial","1"
"2023","Empregado (CLT)","Setor Imobiliário/ Construção Civil","de 1.001 a 3.000","Modelo 100% presencial","1"
"2023","Empregado (CLT)","Área da Saúde","de 51 a 100","Modelo híbrido flexível (o funcionário tem liberdade para escolher quando estar no escritório presencialmente)","1"
"2023","Estagiário","Setor Alimentício","Acima de 3.000","Modelo 100% presencial","1"
"2023","Empreendedor ou Empregado (CNPJ)","Marketing","de 11 a 50","Modelo híbrido com dias fixos de trabalho presencial","1"
"2023","Empreendedor ou Empregado (CNPJ)","Varejo","de 101 a 500","Modelo 100% presencial","1"
"2023","Freelancer","Varejo","de 11 a 50","Modelo híbrido com dias fixos de trabalho presencial","1"
"2023","Estagiário","Setor Público","de 1 a 5","Modelo 100% presencial","1"
"2023","Empreendedor ou Empregado (CNPJ)","Varejo","de 51 a 100","Modelo 100% presencial","1"
"2023","Freelancer","Educação","de 11 a 50","Modelo 100% presencial","1"
"2023","Freelancer","Tecnologia/Fábrica de Software","Acima de 3.000","Modelo 100% remoto","1"
"2023","Empreendedor ou Empregado (CNPJ)","Setor Farmaceutico","de 51 a 100","Modelo híbrido flexível (o funcionário tem liberdade para escolher quando estar no escritório presencialmente)","1"
"2023","Empreendedor ou Empregado (CNPJ)","Marketing","de 6 a 10","Modelo híbrido com dias fixos de trabalho presencial","1"
"2023","Empreendedor ou Empregado (CNPJ)","Outra Opção","de 501 a 1.000","Modelo 100% remoto","1"
"2023","Empreendedor ou Empregado (CNPJ)","Setor Automotivo","de 501 a 1.000","Modelo 100% presencial","1"
"2023","Empreendedor ou Empregado (CNPJ)","Educação","de 6 a 10","Modelo híbrido flexível (o funcionário tem liberdade para escolher quando estar no escritório presencialmente)","1"
"2023","Estagiário","Agronegócios","de 6 a 10","Modelo 100% remoto","1"
"2023","Empreendedor ou Empregado (CNPJ)","Setor Imobiliário/ Construção Civil","de 6 a 10","Modelo híbrido com dias fixos de trabalho presencial","1"
"2023","Vivo fora do Brasil e trabalho para empresa de fora do Brasil","Finanças ou Bancos","de 501 a 1.000","Modelo híbrido flexível (o funcionário tem liberdade para escolher quando estar no escritório presencialmente)","1"
"2023","Servidor Público","Seguros ou Previdência","de 101 a 500","Modelo híbrido flexível (o funcionário tem liberdade para escolher quando estar no escritório presencialmente)","1"
"2023","Empregado (CLT)","Setor de Energia","de 1.001 a 3.000","Modelo híbrido flexível (o funcionário tem liberdade para escolher quando estar no escritório presencialmente)","1"
"2023","Empreendedor ou Empregado (CNPJ)","Educação","de 51 a 100","Modelo 100% presencial","1"
"2023","Estagiário","Educação","de 1.001 a 3.000","Modelo 100% remoto","1"
"2023","Freelancer","Filantropia/ONG's","de 6 a 10","Modelo híbrido flexível (o funcionário tem liberdade para escolher quando estar no escritório presencialmente)","1"
"2023","Estagiário","Setor Público","de 11 a 50","Modelo 100% remoto","1"
"2023","Empreendedor ou Empregado (CNPJ)","Marketing","de 1 a 5","Modelo 100% remoto","1"
"2023","Servidor Público","Finanças ou Bancos","Acima de 3.000","Modelo híbrido flexível (o funcionário tem liberdade para escolher quando estar no escritório presencialmente)","1"
"2023","Estagiário","Área de Consultoria","de 11 a 50","Modelo híbrido flexível (o funcionário tem liberdade para escolher quando estar no escritório presencialmente)","1"
"2023","Vivo fora do Brasil e trabalho para empresa de fora do Brasil","Outra Opção","de 101 a 500","Modelo híbrido com dias fixos de trabalho presencial","1"
"2023","Empregado (CLT)","Setor Farmaceutico","de 1.001 a 3.000","Modelo 100% remoto","1"
"2023","Servidor Público","Setor de Energia","de 501 a 1.000","Modelo 100% remoto","1"
"2023","Empregado (CLT)","Área de Consultoria","de 1 a 5","Modelo 100% presencial","1"
"2023","Empregado (CLT)","Setor Automotivo","de 101 a 500","Modelo híbrido flexível (o funcionário tem liberdade para escolher quando estar no escritório presencialmente)","1"
"2023","Empreendedor ou Empregado (CNPJ)","Área de Consultoria","de 11 a 50","Modelo híbrido com dias fixos de trabalho presencial","1"
"2023","Empreendedor ou Empregado (CNPJ)","Telecomunicação","de 1 a 5","Modelo 100% remoto","1"
"2023","Empreendedor ou Empregado (CNPJ)","Área de Consultoria","de 101 a 500","Modelo 100% presencial","1"
"2023","Prefiro não informar","Marketing","de 11 a 50","Modelo 100% remoto","1"
"2023","Vivo no Brasil e trabalho remoto para empresa de fora do Brasil","Entretenimento ou Esportes","de 501 a 1.000","Modelo 100% remoto","1"
"2023","Empregado (CLT)","Setor Alimentício","de 1.001 a 3.000","Modelo híbrido com dias fixos de trabalho presencial","1"
"2023","Empreendedor ou Empregado (CNPJ)","Setor Público","de 6 a 10","Modelo híbrido flexível (o funcionário tem liberdade para escolher quando estar no escritório presencialmente)","1"
"2023","Empregado (CLT)","Setor Automotivo","de 1.001 a 3.000","Modelo 100% presencial","1"
"2023","Empreendedor ou Empregado (CNPJ)","Finanças ou Bancos","de 1.001 a 3.000","Modelo 100% remoto","1"
"2023","Estagiário","Setor de Energia","Acima de 3.000","Modelo 100% presencial","1"
"2023","Empregado (CLT)","Setor Alimentício","de 501 a 1.000","Modelo 100% presencial","1"
"2023","Freelancer","Setor Público","Acima de 3.000","Modelo 100% presencial","1"
"2023","Empregado (CLT)","Setor Imobiliário/ Construção Civil","de 1.001 a 3.000","Modelo híbrido flexível (o funcionário tem liberdade para escolher quando estar no escritório presencialmente)","1"
"2023","Freelancer","Área da Saúde","de 6 a 10","Modelo 100% remoto","1"
"2023","Empreendedor ou Empregado (CNPJ)","Telecomunicação","de 51 a 100","Modelo 100% presencial","1"
"2023","Empregado (CLT)","Setor Alimentício","de 101 a 500","Modelo 100% remoto","1"
"2023","Empreendedor ou Empregado (CNPJ)","Seguros ou Previdência","de 1.001 a 3.000","Modelo híbrido com dias fixos de trabalho presencial","1"
"2023","Empreendedor ou Empregado (CNPJ)","Área da Saúde","de 101 a 500","Modelo 100% presencial","1"
"2023","Freelancer","Setor Alimentício","de 1 a 5","Modelo 100% presencial","1"
"2023","Empregado (CLT)","Filantropia/ONG's","de 101 a 500","Modelo híbrido flexível (o funcionário tem liberdade para escolher quando estar no escritório presencialmente)","1"
"2023","Empregado (CLT)","Marketing","de 501 a 1.000","Modelo 100% presencial","1"
"2023","Estagiário","Varejo","de 51 a 100","Modelo 100% presencial","1"
"2023","Estagiário","Tecnologia/Fábrica de Software","de 51 a 100","Modelo 100% remoto","1"
"2023","Vivo no Brasil e trabalho remoto para empresa de fora do Brasil","Telecomunicação","Acima de 3.000","Modelo 100% remoto","1"
"2023","Empreendedor ou Empregado (CNPJ)","Área da Saúde","Acima de 3.000","Modelo 100% presencial","1"
"2023","Empreendedor ou Empregado (CNPJ)","Outra Opção","de 501 a 1.000","Modelo 100% presencial","1"
"2023","Empreendedor ou Empregado (CNPJ)","Setor Alimentício","de 51 a 100","Modelo 100% presencial","1"
"2023","Empreendedor ou Empregado (CNPJ)","Marketing","de 1.001 a 3.000","Modelo 100% presencial","1"
"2023","Empreendedor ou Empregado (CNPJ)","Telecomunicação","de 101 a 500","Modelo híbrido com dias fixos de trabalho presencial","1"
"2023","Empregado (CLT)","Internet/Ecommerce","de 6 a 10","Modelo 100% presencial","1"
"2023","Freelancer","Educação","de 6 a 10","Modelo 100% remoto","1"
"2023","Empreendedor ou Empregado (CNPJ)","Indústria","Acima de 3.000","Modelo híbrido flexível (o funcionário tem liberdade para escolher quando estar no escritório presencialmente)","1"
"2023","Empreendedor ou Empregado (CNPJ)","Finanças ou Bancos","de 101 a 500","Modelo 100% presencial","1"
"2023","Estagiário","Entretenimento ou Esportes","de 51 a 100","Modelo híbrido flexível (o funcionário tem liberdade para escolher quando estar no escritório presencialmente)","1"
"2023","Freelancer","Finanças ou Bancos","de 1 a 5","Modelo híbrido com dias fixos de trabalho presencial","1"
"2023","Estagiário","Área da Saúde","Acima de 3.000","Modelo híbrido flexível (o funcionário tem liberdade para escolher quando estar no escritório presencialmente)","1"
"2023","Empreendedor ou Empregado (CNPJ)","Finanças ou Bancos","de 51 a 100","Modelo 100% presencial","1"
"2023","Empregado (CLT)","Internet/Ecommerce","de 501 a 1.000","Modelo híbrido flexível (o funcionário tem liberdade para escolher quando estar no escritório presencialmente)","1"
"2023","Vivo fora do Brasil e trabalho para empresa de fora do Brasil","Área de Consultoria","de 11 a 50","Modelo híbrido flexível (o funcionário tem liberdade para escolher quando estar no escritório presencialmente)","1"
"2023","Empreendedor ou Empregado (CNPJ)","Setor Alimentício","de 1 a 5","Modelo híbrido flexível (o funcionário tem liberdade para escolher quando estar no escritório presencialmente)","1"
"2023","Estagiário","Educação","de 101 a 500","Modelo 100% presencial","1"
"2023","Empreendedor ou Empregado (CNPJ)","Setor Imobiliário/ Construção Civil","de 1 a 5","Modelo 100% presencial","1"
"2023","Vivo fora do Brasil e trabalho para empresa de fora do Brasil","Indústria","Acima de 3.000","Modelo 100% remoto","1"
"2023","Vivo no Brasil e trabalho remoto para empresa de fora do Brasil","Setor de Energia","de 101 a 500","Modelo 100% presencial","1"
"2023","Empreendedor ou Empregado (CNPJ)","Setor Imobiliário/ Construção Civil","de 1 a 5","Modelo híbrido com dias fixos de trabalho presencial","1"
"2023","Empregado (CLT)","Setor Automotivo","de 51 a 100","Modelo 100% presencial","1"
"2023","Empregado (CLT)","Internet/Ecommerce","de 1 a 5","Modelo 100% presencial","1"
"2023","Empregado (CLT)","Setor Público","de 1.001 a 3.000","Modelo 100% remoto","1"
"2023","Empregado (CLT)","Indústria","de 1 a 5","Modelo 100% presencial","1"
"2023","Empregado (CLT)","Filantropia/ONG's","de 11 a 50","Modelo híbrido com dias fixos de trabalho presencial","1"
"2023","Servidor Público","Tecnologia/Fábrica de Software","de 101 a 500","Modelo híbrido flexível (o funcionário tem liberdade para escolher quando estar no escritório presencialmente)","1"
"2023","Estagiário","Setor Público","de 101 a 500","Modelo híbrido flexível (o funcionário tem liberdade para escolher quando estar no escritório presencialmente)","1"
"2023","Empreendedor ou Empregado (CNPJ)","Setor Imobiliário/ Construção Civil","Acima de 3.000","Modelo 100% presencial","1"
"2023","Freelancer","Outra Opção","de 6 a 10","Modelo 100% remoto","1"
"2023","Empreendedor ou Empregado (CNPJ)","Internet/Ecommerce","de 6 a 10","Modelo 100% remoto","1"
"2023","Empregado (CLT)","Agronegócios","de 101 a 500","Modelo híbrido flexível (o funcionário tem liberdade para escolher quando estar no escritório presencialmente)","1"
"2023","Estagiário","Tecnologia/Fábrica de Software","de 51 a 100","Modelo híbrido flexível (o funcionário tem liberdade para escolher quando estar no escritório presencialmente)","1"
"2023","Vivo no Brasil e trabalho remoto para empresa de fora do Brasil","Finanças ou Bancos","de 1 a 5","Modelo 100% remoto","1"
"2023","Vivo no Brasil e trabalho remoto para empresa de fora do Brasil","Educação","de 1.001 a 3.000","Modelo 100% remoto","1"
"2023","Vivo fora do Brasil e trabalho para empresa de fora do Brasil","Setor Imobiliário/ Construção Civil","de 6 a 10","Modelo 100% remoto","1"
"2023","Freelancer","Área da Saúde","de 1 a 5","Modelo 100% remoto","1"
"2023","Empreendedor ou Empregado (CNPJ)","Finanças ou Bancos","de 6 a 10","Modelo 100% remoto","1"
"2023","Empregado (CLT)","Setor Público","de 11 a 50","Modelo 100% remoto","1"
"2023","Empreendedor ou Empregado (CNPJ)","Setor de Energia","de 1.001 a 3.000","Modelo 100% presencial","1"
"2023","Empreendedor ou Empregado (CNPJ)","Área da Saúde","de 11 a 50","Modelo híbrido com dias fixos de trabalho presencial","1"
"2023","Empregado (CLT)","Filantropia/ONG's","Acima de 3.000","Modelo 100% presencial","1"
"2023","Empregado (CLT)","Setor de Energia","de 101 a 500","Modelo híbrido com dias fixos de trabalho presencial","1"
"2023","Empreendedor ou Empregado (CNPJ)","Setor Público","de 501 a 1.000","Modelo 100% presencial","1"
"2023","Vivo fora do Brasil e trabalho para empresa de fora do Brasil","Setor Público","de 101 a 500","Modelo 100% remoto","1"
"2023","Empregado (CLT)","Internet/Ecommerce","de 1.001 a 3.000","Modelo 100% presencial","1"
"2023","Vivo no Brasil e trabalho remoto para empresa de fora do Brasil","Outra Opção","de 501 a 1.000","Modelo 100% remoto","1"
"2023","Vivo no Brasil e trabalho remoto para empresa de fora do Brasil","Outra Opção","de 1.001 a 3.000","Modelo 100% remoto","1"
"2023","Estagiário","Internet/Ecommerce","de 101 a 500","Modelo 100% remoto","1"
"2023","Empreendedor ou Empregado (CNPJ)","Educação","de 11 a 50","Modelo híbrido com dias fixos de trabalho presencial","1"
"2023","Empregado (CLT)","Setor Público","de 51 a 100","Modelo híbrido com dias fixos de trabalho presencial","1"
"2023","Empreendedor ou Empregado (CNPJ)","Setor Imobiliário/ Construção Civil","de 11 a 50","Modelo híbrido flexível (o funcionário tem liberdade para escolher quando estar no escritório presencialmente)","1"
"2023","Empreendedor ou Empregado (CNPJ)","Área de Consultoria","Acima de 3.000","Modelo 100% remoto","1"
"2023","Empregado (CLT)","Filantropia/ONG's","de 6 a 10","Modelo 100% presencial","1"
"2023","Empreendedor ou Empregado (CNPJ)","Área da Saúde","Acima de 3.000","Modelo híbrido flexível (o funcionário tem liberdade para escolher quando estar no escritório presencialmente)","1"
"2023","Estagiário","Marketing","Acima de 3.000","Modelo 100% remoto","1"
"2023","Empregado (CLT)","Tecnologia/Fábrica de Software","de 6 a 10","Modelo híbrido com dias fixos de trabalho presencial","1"
"2023","Servidor Público","Setor de Energia","Acima de 3.000","Modelo híbrido com dias fixos de trabalho presencial","1"
"2023","Vivo no Brasil e trabalho remoto para empresa de fora do Brasil","Área da Saúde","de 6 a 10","Modelo 100% remoto","1"
"2023","Vivo fora do Brasil e trabalho para empresa de fora do Brasil","Área de Consultoria","Acima de 3.000","Modelo híbrido flexível (o funcionário tem liberdade para escolher quando estar no escritório presencialmente)","1"
"2023","Servidor Público","Setor Público","de 501 a 1.000","Modelo 100% remoto","1"
"2023","Vivo no Brasil e trabalho remoto para empresa de fora do Brasil","Finanças ou Bancos","de 11 a 50","Modelo 100% remoto","1"
"2023","Freelancer","Indústria","de 6 a 10","Modelo 100% presencial","1"
"2023","Empreendedor ou Empregado (CNPJ)","Filantropia/ONG's","de 51 a 100","Modelo híbrido flexível (o funcionário tem liberdade para escolher quando estar no escritório presencialmente)","1"
"2023","Prefiro não informar","Indústria","de 501 a 1.000","Modelo híbrido com dias fixos de trabalho presencial","1"
"2023","Estagiário","Seguros ou Previdência","de 1.001 a 3.000","Modelo 100% remoto","1"
"2023","Vivo no Brasil e trabalho remoto para empresa de fora do Brasil","Telecomunicação","de 101 a 500","Modelo 100% remoto","1"
"2023","Empregado (CLT)","Área de Consultoria","de 1 a 5","Modelo híbrido com dias fixos de trabalho presencial","1"
"2023","Empreendedor ou Empregado (CNPJ)","Internet/Ecommerce","de 501 a 1.000","Modelo 100% remoto","1"
"2023","Freelancer","Setor Imobiliário/ Construção Civil","de 6 a 10","Modelo 100% presencial","1"
"2023","Empreendedor ou Empregado (CNPJ)","Setor Imobiliário/ Construção Civil","de 51 a 100","Modelo 100% presencial","1"
"2023","Vivo fora do Brasil e trabalho para empresa de fora do Brasil","Tecnologia/Fábrica de Software","de 101 a 500","Modelo 100% remoto","1"
"2023","Empregado (CLT)","Setor Público","de 101 a 500","Modelo 100% remoto","1"
"2023","Empreendedor ou Empregado (CNPJ)","Indústria","de 51 a 100","Modelo 100% remoto","1"
"2023","Estagiário","Varejo","de 1.001 a 3.000","Modelo híbrido flexível (o funcionário tem liberdade para escolher quando estar no escritório presencialmente)","1"
"2023","Empreendedor ou Empregado (CNPJ)","Filantropia/ONG's","de 51 a 100","Modelo 100% remoto","1"
"2023","Empregado (CLT)","Área da Saúde","de 6 a 10","Modelo 100% presencial","1"
"2023","Empregado (CLT)","Internet/Ecommerce","de 11 a 50","Modelo híbrido flexível (o funcionário tem liberdade para escolher quando estar no escritório presencialmente)","1"
"2023","Empregado (CLT)","Entretenimento ou Esportes","de 1 a 5","Modelo 100% presencial","1"
"2023","Prefiro não informar","Finanças ou Bancos","de 1 a 5","Modelo híbrido com dias fixos de trabalho presencial","1"
"2023","Empreendedor ou Empregado (CNPJ)","Outra Opção","Acima de 3.000","Modelo 100% presencial","1"
"2023","Empregado (CLT)","Seguros ou Previdência","Acima de 3.000","Modelo 100% presencial","1"
"2023","Estagiário","Setor Alimentício","Acima de 3.000","Modelo híbrido flexível (o funcionário tem liberdade para escolher quando estar no escritório presencialmente)","1"
"2023","Estagiário","Setor Imobiliário/ Construção Civil","de 501 a 1.000","Modelo híbrido com dias fixos de trabalho presencial","1"
"2023","Estagiário","Área da Saúde","de 1.001 a 3.000","Modelo híbrido flexível (o funcionário tem liberdade para escolher quando estar no escritório presencialmente)","1"
"2023","Estagiário","Setor de Energia","de 11 a 50","Modelo híbrido com dias fixos de trabalho presencial","1"
"2023","Empregado (CLT)","Outra Opção","de 51 a 100","Modelo híbrido flexível (o funcionário tem liberdade para escolher quando estar no escritório presencialmente)","1"
"2023","Empregado (CLT)","Agronegócios","de 6 a 10","Modelo híbrido flexível (o funcionário tem liberdade para escolher quando estar no escritório presencialmente)","1"
"2023","Estagiário","Área de Consultoria","de 1.001 a 3.000","Modelo 100% presencial","1"
"2023","Empregado (CLT)","Filantropia/ONG's","Acima de 3.000","Modelo híbrido com dias fixos de trabalho presencial","1"
"2023","Estagiário","Tecnologia/Fábrica de Software","de 6 a 10","Modelo 100% remoto","1"
"2023","Vivo fora do Brasil e trabalho para empresa de fora do Brasil","Setor Público","de 1.001 a 3.000","Modelo 100% presencial","1"
"2023","Servidor Público","Área da Saúde","de 1.001 a 3.000","Modelo híbrido com dias fixos de trabalho presencial","1"
"2023","Empreendedor ou Empregado (CNPJ)","Educação","Acima de 3.000","Modelo híbrido flexível (o funcionário tem liberdade para escolher quando estar no escritório presencialmente)","1"
"2023","Estagiário","Área da Saúde","Acima de 3.000","Modelo 100% remoto","1"
"2023","Empreendedor ou Empregado (CNPJ)","Internet/Ecommerce","de 11 a 50","Modelo 100% remoto","1"
"2023","Estagiário","Internet/Ecommerce","Acima de 3.000","Modelo híbrido com dias fixos de trabalho presencial","1"
"2023","Empreendedor ou Empregado (CNPJ)","Área da Saúde","de 501 a 1.000","Modelo 100% remoto","1"
"2023","Vivo no Brasil e trabalho remoto para empresa de fora do Brasil","Entretenimento ou Esportes","de 11 a 50","Modelo 100% remoto","1"
"2023","Empreendedor ou Empregado (CNPJ)","Área de Consultoria","de 501 a 1.000","Modelo híbrido flexível (o funcionário tem liberdade para escolher quando estar no escritório presencialmente)","1"
"2023","Empreendedor ou Empregado (CNPJ)","Finanças ou Bancos","de 6 a 10","Modelo híbrido com dias fixos de trabalho presencial","1"
"2023","Empreendedor ou Empregado (CNPJ)","Setor Alimentício","de 101 a 500","Modelo híbrido flexível (o funcionário tem liberdade para escolher quando estar no escritório presencialmente)","1"
"2023","Estagiário","Setor Alimentício","de 101 a 500","Modelo híbrido com dias fixos de trabalho presencial","1"
"2023","Empreendedor ou Empregado (CNPJ)","Área de Consultoria","de 501 a 1.000","Modelo híbrido com dias fixos de trabalho presencial","1"
"2023","Estagiário","Outra Opção","de 51 a 100","Modelo 100% remoto","1"
"2023","Empregado (CLT)","Outra Opção","de 51 a 100","Modelo híbrido com dias fixos de trabalho presencial","1"
"2023","Empregado (CLT)","Setor Imobiliário/ Construção Civil","de 501 a 1.000","Modelo híbrido flexível (o funcionário tem liberdade para escolher quando estar no escritório presencialmente)","1"
"2023","Empreendedor ou Empregado (CNPJ)","Finanças ou Bancos","de 501 a 1.000","Modelo híbrido flexível (o funcionário tem liberdade para escolher quando estar no escritório presencialmente)","1"
"2023","Estagiário","Tecnologia/Fábrica de Software","de 1 a 5","Modelo 100% presencial","1"
"2023","Estagiário","Setor Imobiliário/ Construção Civil","de 11 a 50","Modelo 100% remoto","1"
"2023","Empregado (CLT)","Entretenimento ou Esportes","de 101 a 500","Modelo 100% presencial","1"
"2023","Empregado (CLT)","Área da Saúde","de 11 a 50","Modelo 100% presencial","1"
"2023","Vivo no Brasil e trabalho remoto para empresa de fora do Brasil","Varejo","de 51 a 100","Modelo 100% remoto","1"
"2023","Servidor Público","Finanças ou Bancos","de 1.001 a 3.000","Modelo 100% presencial","1"
"2023","Estagiário","Tecnologia/Fábrica de Software","de 501 a 1.000","Modelo 100% presencial","1"
"2023","Vivo no Brasil e trabalho remoto para empresa de fora do Brasil","Marketing","de 101 a 500","Modelo 100% remoto","1"
"2023","Estagiário","Outra Opção","de 501 a 1.000","Modelo 100% presencial","1"
"2023","Empregado (CLT)","Setor Automotivo","de 51 a 100","Modelo 100% remoto","1"
"2023","Empregado (CLT)","Finanças ou Bancos","de 1 a 5","Modelo híbrido com dias fixos de trabalho presencial","1"
"2023","Empregado (CLT)","Varejo","de 101 a 500","Modelo híbrido flexível (o funcionário tem liberdade para escolher quando estar no escritório presencialmente)","1"
"2023","Estagiário","Indústria","de 6 a 10","Modelo 100% presencial","1"
"2023","Servidor Público","Educação","de 51 a 100","Modelo 100% presencial","1"
"2023","Empreendedor ou Empregado (CNPJ)","Outra Opção","de 51 a 100","Modelo 100% presencial","1"
"2023","Empregado (CLT)","Marketing","Acima de 3.000","Modelo híbrido flexível (o funcionário tem liberdade para escolher quando estar no escritório presencialmente)","1"
"2023","Empreendedor ou Empregado (CNPJ)","Área da Saúde","de 1 a 5","Modelo híbrido flexível (o funcionário tem liberdade para escolher quando estar no escritório presencialmente)","1"
"2023","Vivo no Brasil e trabalho remoto para empresa de fora do Brasil","Varejo","de 6 a 10","Modelo 100% remoto","1"
"2024","Empregado (CLT)","Finanças ou Bancos","Acima de 3.000","Modelo 100% remoto","207"
"2024","Desempregado, buscando recolocação",,,,"205"
"2024","Empregado (CLT)","Varejo","Acima de 3.000","Modelo 100% remoto","203"
"2024","Empregado (CLT)","Tecnologia/Fábrica de Software","Acima de 3.000","Modelo 100% remoto","184"
"2024","Empregado (CLT)","Finanças ou Bancos","Acima de 3.000","Modelo híbrido com dias fixos de trabalho presencial","163"
"2024","Empregado (CLT)","Finanças ou Bancos","Acima de 3.000","Modelo híbrido flexível (o funcionário tem liberdade para escolher quando estar no escritório presencialmente)","152"
"2024","Empregado (CLT)","Indústria","Acima de 3.000","Modelo 100% remoto","99"
"2024","Empregado (CLT)","Tecnologia/Fábrica de Software","Acima de 3.000","Modelo híbrido flexível (o funcionário tem liberdade para escolher quando estar no escritório presencialmente)","75"
"2024","Empregado (CLT)","Tecnologia/Fábrica de Software","de 1.001 a 3.000","Modelo 100% remoto","75"
"2024","Empregado (CLT)","Tecnologia/Fábrica de Software","de 101 a 500","Modelo 100% remoto","71"
"2024","Somente Estudante (graduação)",,,,"68"
"2024","Empregado (CLT)","Finanças ou Bancos","Acima de 3.000","Modelo 100% presencial","67"
"2024","Empregado (CLT)","Área de Consultoria","Acima de 3.000","Modelo 100% remoto","62"
"2024","Empregado (CLT)","Outra Opção","Acima de 3.000","Modelo 100% remoto","58"
"2024","Trabalho na área Acadêmica/Pesquisador",,,,"56"
"2024","Empregado (CLT)","Setor Alimentício","Acima de 3.000","Modelo 100% remoto","55"
"2024","Empregado (CLT)","Finanças ou Bancos","de 1.001 a 3.000","Modelo 100% remoto","52"
"2024","Empregado (CLT)","Área de Consultoria","de 101 a 500","Modelo 100% remoto","44"
"2024","Empregado (CLT)","Finanças ou Bancos","de 101 a 500","Modelo 100% remoto","43"
"2024","Empregado (CLT)","Varejo","Acima de 3.000","Modelo híbrido flexível (o funcionário tem liberdade para escolher quando estar no escritório presencialmente)","43"
"2024","Empregado (CLT)","Tecnologia/Fábrica de Software","de 501 a 1.000","Modelo 100% remoto","42"
"2024","Empregado (CLT)","Indústria","Acima de 3.000","Modelo híbrido com dias fixos de trabalho presencial","40"
"2024","Empregado (CLT)","Indústria","Acima de 3.000","Modelo híbrido flexível (o funcionário tem liberdade para escolher quando estar no escritório presencialmente)","38"
"2024","Empregado (CLT)","Internet/Ecommerce","Acima de 3.000","Modelo 100% remoto","38"
"2024","Empregado (CLT)","Finanças ou Bancos","de 501 a 1.000","Modelo 100% remoto","38"
"2024","Empregado (CLT)","Varejo","Acima de 3.000","Modelo híbrido com dias fixos de trabalho presencial","31"
"2024","Empregado (CLT)","Finanças ou Bancos","de 101 a 500","Modelo 100% presencial","31"
"2024","Empregado (CLT)","Internet/Ecommerce","Acima de 3.000","Modelo híbrido flexível (o funcionário tem liberdade para escolher quando estar no escritório presencialmente)","30"
"2024","Empregado (CLT)","Tecnologia/Fábrica de Software","de 1.001 a 3.000","Modelo híbrido flexível (o funcionário tem liberdade para escolher quando estar no escritório presencialmente)","30"
"2024","Empregado (CLT)","Tecnologia/Fábrica de Software","de 51 a 100","Modelo 100% remoto","26"
"2024","Empregado (CLT)","Indústria","Acima de 3.000","Modelo 100% presencial","25"
"2024","Somente Estudante (pós-graduação)",,,,"25"
"2024","Empregado (CLT)","Finanças ou Bancos","de 501 a 1.000","Modelo híbrido flexível (o funcionário tem liberdade para escolher quando estar no escritório presencialmente)","24"
"2024","Empregado (CLT)","Setor Alimentício","Acima de 3.000","Modelo híbrido flexível (o funcionário tem liberdade para escolher quando estar no escritório presencialmente)","23"
"2024","Empreendedor ou Empregado (CNPJ)","Tecnologia/Fábrica de Software","de 11 a 50","Modelo 100% remoto","22"
"2024","Empregado (CLT)","Finanças ou Bancos","de 1.001 a 3.000","Modelo híbrido com dias fixos de trabalho presencial","21"
"2024","Empregado (CLT)","Outra Opção","de 101 a 500","Modelo 100% presencial","21"
"2024","Empregado (CLT)","Indústria","de 101 a 500","Modelo 100% presencial","21"
"2024","Empregado (CLT)","Finanças ou Bancos","de 1.001 a 3.000","Modelo 100% presencial","21"
"2024","Empregado (CLT)","Outra Opção","Acima de 3.000","Modelo híbrido com dias fixos de trabalho presencial","21"
"2024","Empregado (CLT)","Área da Saúde","Acima de 3.000","Modelo híbrido com dias fixos de trabalho presencial","21"
"2024","Servidor Público","Setor Público","Acima de 3.000","Modelo 100% presencial","21"
"2024","Empregado (CLT)","Outra Opção","de 101 a 500","Modelo 100% remoto","20"
"2024","Empreendedor ou Empregado (CNPJ)","Tecnologia/Fábrica de Software","de 101 a 500","Modelo 100% remoto","20"
"2024","Empregado (CLT)","Finanças ou Bancos","de 101 a 500","Modelo híbrido flexível (o funcionário tem liberdade para escolher quando estar no escritório presencialmente)","19"
"2024","Empregado (CLT)","Telecomunicação","Acima de 3.000","Modelo 100% remoto","19"
"2024","Empregado (CLT)","Finanças ou Bancos","de 101 a 500","Modelo híbrido com dias fixos de trabalho presencial","18"
"2024","Empregado (CLT)","Área da Saúde","de 101 a 500","Modelo 100% presencial","18"
"2024","Empregado (CLT)","Seguros ou Previdência","Acima de 3.000","Modelo híbrido com dias fixos de trabalho presencial","18"
"2024","Empregado (CLT)","Área de Consultoria","de 501 a 1.000","Modelo 100% remoto","18"
"2024","Empregado (CLT)","Educação","Acima de 3.000","Modelo 100% remoto","18"
"2024","Empregado (CLT)","Área de Consultoria","de 51 a 100","Modelo 100% remoto","17"
"2024","Empregado (CLT)","Telecomunicação","Acima de 3.000","Modelo híbrido com dias fixos de trabalho presencial","17"
"2024","Empregado (CLT)","Tecnologia/Fábrica de Software","de 101 a 500","Modelo híbrido com dias fixos de trabalho presencial","17"
"2024","Empreendedor ou Empregado (CNPJ)","Área de Consultoria","de 51 a 100","Modelo 100% remoto","17"
"2024","Empregado (CLT)","Tecnologia/Fábrica de Software","Acima de 3.000","Modelo híbrido com dias fixos de trabalho presencial","16"
"2024","Empregado (CLT)","Área de Consultoria","de 1.001 a 3.000","Modelo 100% remoto","16"
"2024","Empregado (CLT)","Área de Consultoria","Acima de 3.000","Modelo híbrido flexível (o funcionário tem liberdade para escolher quando estar no escritório presencialmente)","16"
"2024","Empregado (CLT)","Varejo","Acima de 3.000","Modelo 100% presencial","16"
"2024","Empregado (CLT)","Finanças ou Bancos","de 1.001 a 3.000","Modelo híbrido flexível (o funcionário tem liberdade para escolher quando estar no escritório presencialmente)","16"
"2024","Empreendedor ou Empregado (CNPJ)","Tecnologia/Fábrica de Software","de 51 a 100","Modelo 100% remoto","16"
"2024","Empregado (CLT)","Internet/Ecommerce","Acima de 3.000","Modelo híbrido com dias fixos de trabalho presencial","16"
"2024","Empregado (CLT)","Tecnologia/Fábrica de Software","de 501 a 1.000","Modelo híbrido flexível (o funcionário tem liberdade para escolher quando estar no escritório presencialmente)","15"
"2024","Empregado (CLT)","Outra Opção","Acima de 3.000","Modelo híbrido flexível (o funcionário tem liberdade para escolher quando estar no escritório presencialmente)","15"
"2024","Empregado (CLT)","Finanças ou Bancos","de 501 a 1.000","Modelo 100% presencial","15"
"2024","Empregado (CLT)","Tecnologia/Fábrica de Software","de 1.001 a 3.000","Modelo híbrido com dias fixos de trabalho presencial","15"
"2024","Empregado (CLT)","Área da Saúde","Acima de 3.000","Modelo 100% presencial","14"
"2024","Empregado (CLT)","Outra Opção","Acima de 3.000","Modelo 100% presencial","14"
"2024","Empregado (CLT)","Telecomunicação","Acima de 3.000","Modelo híbrido flexível (o funcionário tem liberdade para escolher quando estar no escritório presencialmente)","14"
"2024","Empregado (CLT)","Tecnologia/Fábrica de Software","de 101 a 500","Modelo híbrido flexível (o funcionário tem liberdade para escolher quando estar no escritório presencialmente)","14"
"2024","Empregado (CLT)","Tecnologia/Fábrica de Software","de 101 a 500","Modelo 100% presencial","14"
"2024","Empregado (CLT)","Educação","de 1.001 a 3.000","Modelo 100% remoto","14"
"2024","Empregado (CLT)","Tecnologia/Fábrica de Software","de 11 a 50","Modelo 100% remoto","13"
"2024","Empregado (CLT)","Área da Saúde","Acima de 3.000","Modelo híbrido flexível (o funcionário tem liberdade para escolher quando estar no escritório presencialmente)","13"
"2024","Vivo no Brasil e trabalho remoto para empresa de fora do Brasil","Tecnologia/Fábrica de Software","de 101 a 500","Modelo 100% remoto","13"
"2024","Empregado (CLT)","Setor de Energia","Acima de 3.000","Modelo híbrido com dias fixos de trabalho presencial","12"
"2024","Empregado (CLT)","Outra Opção","de 1.001 a 3.000","Modelo 100% remoto","12"
"2024","Empregado (CLT)","Tecnologia/Fábrica de Software","de 51 a 100","Modelo híbrido com dias fixos de trabalho presencial","12"
"2024","Empregado (CLT)","Outra Opção","de 501 a 1.000","Modelo 100% remoto","12"
"2024","Empregado (CLT)","Agronegócios","Acima de 3.000","Modelo híbrido flexível (o funcionário tem liberdade para escolher quando estar no escritório presencialmente)","12"
"2024","Empregado (CLT)","Educação","Acima de 3.000","Modelo híbrido com dias fixos de trabalho presencial","12"
"2024","Empregado (CLT)","Área da Saúde","Acima de 3.000","Modelo 100% remoto","11"
"2024","Empreendedor ou Empregado (CNPJ)","Tecnologia/Fábrica de Software","de 1 a 5","Modelo 100% remoto","11"
"2024","Empregado (CLT)","Finanças ou Bancos","de 501 a 1.000","Modelo híbrido com dias fixos de trabalho presencial","11"
"2024","Empregado (CLT)","Educação","de 1.001 a 3.000","Modelo híbrido flexível (o funcionário tem liberdade para escolher quando estar no escritório presencialmente)","11"
"2024","Empregado (CLT)","Setor Farmaceutico","Acima de 3.000","Modelo 100% remoto","11"
"2024","Empregado (CLT)","Setor de Energia","Acima de 3.000","Modelo híbrido flexível (o funcionário tem liberdade para escolher quando estar no escritório presencialmente)","11"
"2024","Empregado (CLT)","Varejo","de 101 a 500","Modelo 100% presencial","10"
"2024","Empregado (CLT)","Área da Saúde","de 101 a 500","Modelo 100% remoto","10"
"2024","Empregado (CLT)","Setor Alimentício","Acima de 3.000","Modelo híbrido com dias fixos de trabalho presencial","10"
"2024","Empregado (CLT)","Tecnologia/Fábrica de Software","de 501 a 1.000","Modelo híbrido com dias fixos de trabalho presencial","10"
"2024","Vivo no Brasil e trabalho remoto para empresa de fora do Brasil","Tecnologia/Fábrica de Software","de 51 a 100","Modelo 100% remoto","10"
"2024","Empregado (CLT)","Indústria","de 1.001 a 3.000","Modelo 100% presencial","10"
"2024","Empregado (CLT)","Indústria","de 1.001 a 3.000","Modelo híbrido flexível (o funcionário tem liberdade para escolher quando estar no escritório presencialmente)","10"
"2024","Servidor Público","Setor Público","Acima de 3.000","Modelo híbrido com dias fixos de trabalho presencial","9"
"2024","Empregado (CLT)","Indústria","de 501 a 1.000","Modelo 100% presencial","9"
"2024","Empregado (CLT)","Tecnologia/Fábrica de Software","de 11 a 50","Modelo híbrido com dias fixos de trabalho presencial","9"
"2024","Empregado (CLT)","Setor Automotivo","Acima de 3.000","Modelo híbrido flexível (o funcionário tem liberdade para escolher quando estar no escritório presencialmente)","9"
"2024","Empregado (CLT)","Finanças ou Bancos","de 51 a 100","Modelo 100% remoto","9"
"2024","Empregado (CLT)","Internet/Ecommerce","de 1.001 a 3.000","Modelo híbrido flexível (o funcionário tem liberdade para escolher quando estar no escritório presencialmente)","9"
"2024","Empreendedor ou Empregado (CNPJ)","Tecnologia/Fábrica de Software","de 6 a 10","Modelo 100% remoto","9"
"2024","Empregado (CLT)","Agronegócios","Acima de 3.000","Modelo híbrido com dias fixos de trabalho presencial","8"
"2024","Empreendedor ou Empregado (CNPJ)","Tecnologia/Fábrica de Software","de 11 a 50","Modelo híbrido flexível (o funcionário tem liberdade para escolher quando estar no escritório presencialmente)","8"
"2024","Empreendedor ou Empregado (CNPJ)","Área da Saúde","de 11 a 50","Modelo 100% remoto","8"
"2024","Empregado (CLT)","Outra Opção","de 501 a 1.000","Modelo 100% presencial","8"
"2024","Empregado (CLT)","Tecnologia/Fábrica de Software","de 51 a 100","Modelo híbrido flexível (o funcionário tem liberdade para escolher quando estar no escritório presencialmente)","8"
"2024","Empregado (CLT)","Varejo","de 1.001 a 3.000","Modelo híbrido com dias fixos de trabalho presencial","8"
"2024","Empregado (CLT)","Área de Consultoria","de 11 a 50","Modelo híbrido com dias fixos de trabalho presencial","8"
"2024","Empregado (CLT)","Outra Opção","de 1.001 a 3.000","Modelo híbrido flexível (o funcionário tem liberdade para escolher quando estar no escritório presencialmente)","8"
"2024","Empregado (CLT)","Agronegócios","Acima de 3.000","Modelo 100% presencial","8"
"2024","Empreendedor ou Empregado (CNPJ)","Área de Consultoria","de 101 a 500","Modelo 100% remoto","8"
"2024","Empregado (CLT)","Marketing","de 501 a 1.000","Modelo 100% remoto","8"
"2024","Empregado (CLT)","Educação","de 501 a 1.000","Modelo 100% remoto","8"
"2024","Empregado (CLT)","Educação","Acima de 3.000","Modelo 100% presencial","8"
"2024","Empregado (CLT)","Área de Consultoria","Acima de 3.000","Modelo híbrido com dias fixos de trabalho presencial","8"
"2024","Empregado (CLT)","Outra Opção","de 1.001 a 3.000","Modelo 100% presencial","8"
"2024","Empregado (CLT)","Outra Opção","de 501 a 1.000","Modelo híbrido com dias fixos de trabalho presencial","8"
"2024","Servidor Público","Setor Público","Acima de 3.000","Modelo 100% remoto","8"
"2024","Empregado (CLT)","Setor Imobiliário/ Construção Civil","de 1.001 a 3.000","Modelo 100% presencial","7"
"2024","Empregado (CLT)","Seguros ou Previdência","Acima de 3.000","Modelo híbrido flexível (o funcionário tem liberdade para escolher quando estar no escritório presencialmente)","7"
"2024","Vivo no Brasil e trabalho remoto para empresa de fora do Brasil","Tecnologia/Fábrica de Software","Acima de 3.000","Modelo 100% remoto","7"
"2024","Empregado (CLT)","Setor Automotivo","Acima de 3.000","Modelo híbrido com dias fixos de trabalho presencial","7"
"2024","Empregado (CLT)","Educação","de 101 a 500","Modelo 100% presencial","7"
"2024","Empregado (CLT)","Setor Imobiliário/ Construção Civil","de 1.001 a 3.000","Modelo 100% remoto","7"
"2024","Empregado (CLT)","Marketing","de 101 a 500","Modelo 100% remoto","7"
"2024","Empregado (CLT)","Outra Opção","de 11 a 50","Modelo 100% presencial","7"
"2024","Servidor Público","Setor Público","de 1.001 a 3.000","Modelo 100% presencial","7"
"2024","Empregado (CLT)","Finanças ou Bancos","de 11 a 50","Modelo 100% presencial","7"
"2024","Empregado (CLT)","Setor Imobiliário/ Construção Civil","Acima de 3.000","Modelo 100% remoto","7"
"2024","Empreendedor ou Empregado (CNPJ)","Agronegócios","de 11 a 50","Modelo 100% remoto","7"
"2024","Empreendedor ou Empregado (CNPJ)","Área de Consultoria","de 11 a 50","Modelo híbrido flexível (o funcionário tem liberdade para escolher quando estar no escritório presencialmente)","7"
"2024","Empregado (CLT)","Outra Opção","de 1.001 a 3.000","Modelo híbrido com dias fixos de trabalho presencial","7"
"2024","Empregado (CLT)","Setor de Energia","Acima de 3.000","Modelo 100% presencial","7"
"2024","Empregado (CLT)","Agronegócios","de 101 a 500","Modelo 100% presencial","7"
"2024","Empreendedor ou Empregado (CNPJ)","Área da Saúde","de 101 a 500","Modelo 100% remoto","6"
"2024","Empreendedor ou Empregado (CNPJ)","Tecnologia/Fábrica de Software","de 51 a 100","Modelo híbrido flexível (o funcionário tem liberdade para escolher quando estar no escritório presencialmente)","6"
"2024","Empregado (CLT)","Área da Saúde","de 1.001 a 3.000","Modelo híbrido flexível (o funcionário tem liberdade para escolher quando estar no escritório presencialmente)","6"
"2024","Empreendedor ou Empregado (CNPJ)","Área de Consultoria","de 1 a 5","Modelo 100% remoto","6"
"2024","Empregado (CLT)","Área de Consultoria","de 11 a 50","Modelo 100% remoto","6"
"2024","Empregado (CLT)","Agronegócios","de 501 a 1.000","Modelo 100% presencial","6"
"2024","Empregado (CLT)","Internet/Ecommerce","de 1.001 a 3.000","Modelo 100% remoto","6"
"2024","Empregado (CLT)","Área da Saúde","de 1.001 a 3.000","Modelo 100% presencial","6"
"2024","Estagiário","Setor Público","Acima de 3.000","Modelo 100% presencial","6"
"2024","Empregado (CLT)","Entretenimento ou Esportes","de 101 a 500","Modelo 100% remoto","6"
"2024","Empregado (CLT)","Indústria","de 501 a 1.000","Modelo híbrido flexível (o funcionário tem liberdade para escolher quando estar no escritório presencialmente)","6"
"2024","Empregado (CLT)","Tecnologia/Fábrica de Software","de 51 a 100","Modelo 100% presencial","6"
"2024","Empregado (CLT)","Setor Público","de 101 a 500","Modelo 100% remoto","6"
"2024","Empregado (CLT)","Varejo","de 1.001 a 3.000","Modelo 100% presencial","6"
"2024","Empregado (CLT)","Educação","Acima de 3.000","Modelo híbrido flexível (o funcionário tem liberdade para escolher quando estar no escritório presencialmente)","6"
"2024","Empregado (CLT)","Área da Saúde","de 501 a 1.000","Modelo 100% remoto","6"
"2024","Estagiário","Finanças ou Bancos","Acima de 3.000","Modelo híbrido com dias fixos de trabalho presencial","6"
"2024","Empregado (CLT)","Área da Saúde","de 1.001 a 3.000","Modelo 100% remoto","6"
"2024","Empreendedor ou Empregado (CNPJ)","Área de Consultoria","de 11 a 50","Modelo 100% remoto","6"
"2024","Empregado (CLT)","Varejo","de 501 a 1.000","Modelo 100% remoto","6"
"2024","Empreendedor ou Empregado (CNPJ)","Tecnologia/Fábrica de Software","de 501 a 1.000","Modelo 100% remoto","6"
"2024","Empregado (CLT)","Setor Alimentício","Acima de 3.000","Modelo 100% presencial","6"
"2024","Empreendedor ou Empregado (CNPJ)","Tecnologia/Fábrica de Software","de 1 a 5","Modelo híbrido flexível (o funcionário tem liberdade para escolher quando estar no escritório presencialmente)","6"
"2024","Empregado (CLT)","Setor Imobiliário/ Construção Civil","Acima de 3.000","Modelo híbrido flexível (o funcionário tem liberdade para escolher quando estar no escritório presencialmente)","6"
"2024","Empregado (CLT)","Agronegócios","Acima de 3.000","Modelo 100% remoto","6"
"2024","Empregado (CLT)","Tecnologia/Fábrica de Software","Acima de 3.000","Modelo 100% presencial","5"
"2024","Empregado (CLT)","Tecnologia/Fábrica de Software","de 11 a 50","Modelo 100% presencial","5"
"2024","Empregado (CLT)","Indústria","de 1.001 a 3.000","Modelo híbrido com dias fixos de trabalho presencial","5"
"2024","Empregado (CLT)","Indústria","de 11 a 50","Modelo 100% presencial","5"
"2024","Empreendedor ou Empregado (CNPJ)","Educação","de 101 a 500","Modelo 100% presencial","5"
"2024","Empreendedor ou Empregado (CNPJ)","Tecnologia/Fábrica de Software","de 1 a 5","Modelo híbrido com dias fixos de trabalho presencial","5"
"2024","Empregado (CLT)","Marketing","de 101 a 500","Modelo híbrido com dias fixos de trabalho presencial","5"
"2024","Empregado (CLT)","Marketing","Acima de 3.000","Modelo híbrido flexível (o funcionário tem liberdade para escolher quando estar no escritório presencialmente)","5"
"2024","Empregado (CLT)","Telecomunicação","Acima de 3.000","Modelo 100% presencial","5"
"2024","Servidor Público","Outra Opção","Acima de 3.000","Modelo 100% presencial","5"
"2024","Empregado (CLT)","Educação","de 101 a 500","Modelo 100% remoto","5"
"2024","Empregado (CLT)","Internet/Ecommerce","de 101 a 500","Modelo 100% presencial","5"
"2024","Empregado (CLT)","Educação","de 101 a 500","Modelo híbrido flexível (o funcionário tem liberdade para escolher quando estar no escritório presencialmente)","5"
"2024","Servidor Público","Educação","Acima de 3.000","Modelo 100% presencial","5"
"2024","Empregado (CLT)","Entretenimento ou Esportes","Acima de 3.000","Modelo híbrido flexível (o funcionário tem liberdade para escolher quando estar no escritório presencialmente)","5"
"2024","Empregado (CLT)","Setor Automotivo","de 501 a 1.000","Modelo 100% presencial","5"
"2024","Empregado (CLT)","Indústria","de 51 a 100","Modelo 100% presencial","5"
"2024","Empreendedor ou Empregado (CNPJ)","Marketing","de 101 a 500","Modelo 100% remoto","5"
"2024","Empregado (CLT)","Área da Saúde","de 1.001 a 3.000","Modelo híbrido com dias fixos de trabalho presencial","5"
"2024","Empregado (CLT)","Educação","de 101 a 500","Modelo híbrido com dias fixos de trabalho presencial","5"
"2024","Empreendedor ou Empregado (CNPJ)","Outra Opção","de 101 a 500","Modelo 100% presencial","5"
"2024","Empregado (CLT)","Setor de Energia","Acima de 3.000","Modelo 100% remoto","5"
"2024","Empregado (CLT)","Setor Farmaceutico","Acima de 3.000","Modelo híbrido com dias fixos de trabalho presencial","5"
"2024","Empregado (CLT)","Finanças ou Bancos","de 11 a 50","Modelo híbrido com dias fixos de trabalho presencial","5"
"2024","Empregado (CLT)","Setor Público","Acima de 3.000","Modelo 100% remoto","5"
"2024","Vivo no Brasil e trabalho remoto para empresa de fora do Brasil","Outra Opção","de 101 a 500","Modelo 100% remoto","5"
"2024","Empregado (CLT)","Área da Saúde","de 101 a 500","Modelo híbrido flexível (o funcionário tem liberdade para escolher quando estar no escritório presencialmente)","5"
"2024","Empregado (CLT)","Marketing","Acima de 3.000","Modelo 100% remoto","5"
"2024","Empregado (CLT)","Entretenimento ou Esportes","de 51 a 100","Modelo 100% remoto","5"
"2024","Empreendedor ou Empregado (CNPJ)","Marketing","de 1 a 5","Modelo 100% remoto","5"
"2024","Empregado (CLT)","Setor Público","Acima de 3.000","Modelo 100% presencial","5"
"2024","Estagiário","Finanças ou Bancos","Acima de 3.000","Modelo híbrido flexível (o funcionário tem liberdade para escolher quando estar no escritório presencialmente)","5"
"2024","Empreendedor ou Empregado (CNPJ)","Finanças ou Bancos","de 101 a 500","Modelo híbrido flexível (o funcionário tem liberdade para escolher quando estar no escritório presencialmente)","5"
"2024","Empregado (CLT)","Tecnologia/Fábrica de Software","de 11 a 50","Modelo híbrido flexível (o funcionário tem liberdade para escolher quando estar no escritório presencialmente)","5"
"2024","Vivo no Brasil e trabalho remoto para empresa de fora do Brasil","Tecnologia/Fábrica de Software","de 1.001 a 3.000","Modelo 100% remoto","5"
"2024","Empregado (CLT)","Telecomunicação","de 1.001 a 3.000","Modelo 100% remoto","5"
"2024","Empregado (CLT)","Varejo","de 101 a 500","Modelo híbrido flexível (o funcionário tem liberdade para escolher quando estar no escritório presencialmente)","5"
"2024","Empregado (CLT)","Internet/Ecommerce","de 101 a 500","Modelo 100% remoto","5"
"2024","Empregado (CLT)","Outra Opção","de 51 a 100","Modelo 100% presencial","5"
"2024","Empregado (CLT)","Área de Consultoria","de 101 a 500","Modelo híbrido flexível (o funcionário tem liberdade para escolher quando estar no escritório presencialmente)","5"
"2024","Servidor Público","Setor Público","de 101 a 500","Modelo 100% presencial","5"
"2024","Empregado (CLT)","Seguros ou Previdência","de 101 a 500","Modelo 100% remoto","4"
"2024","Empreendedor ou Empregado (CNPJ)","Área de Consultoria","de 51 a 100","Modelo híbrido flexível (o funcionário tem liberdade para escolher quando estar no escritório presencialmente)","4"
"2024","Vivo no Brasil e trabalho remoto para empresa de fora do Brasil","Área de Consultoria","de 11 a 50","Modelo 100% remoto","4"
"2024","Empregado (CLT)","Outra Opção","de 101 a 500","Modelo híbrido com dias fixos de trabalho presencial","4"
"2024","Empregado (CLT)","Setor de Energia","de 501 a 1.000","Modelo híbrido com dias fixos de trabalho presencial","4"
"2024","Vivo no Brasil e trabalho remoto para empresa de fora do Brasil","Finanças ou Bancos","de 501 a 1.000","Modelo 100% remoto","4"
"2024","Empregado (CLT)","Setor Alimentício","de 1.001 a 3.000","Modelo híbrido com dias fixos de trabalho presencial","4"
"2024","Empregado (CLT)","Área de Consultoria","de 1.001 a 3.000","Modelo híbrido com dias fixos de trabalho presencial","4"
"2024","Estagiário","Área de Consultoria","de 101 a 500","Modelo 100% remoto","4"
"2024","Empregado (CLT)","Tecnologia/Fábrica de Software","de 501 a 1.000","Modelo 100% presencial","4"
"2024","Servidor Público","Educação","Acima de 3.000","Modelo híbrido com dias fixos de trabalho presencial","4"
"2024","Empreendedor ou Empregado (CNPJ)","Área de Consultoria","de 501 a 1.000","Modelo 100% remoto","4"
"2024","Estagiário","Tecnologia/Fábrica de Software","de 101 a 500","Modelo 100% remoto","4"
"2024","Servidor Público","Educação","de 1.001 a 3.000","Modelo 100% presencial","4"
"2024","Empregado (CLT)","Varejo","de 101 a 500","Modelo 100% remoto","4"
"2024","Empreendedor ou Empregado (CNPJ)","Tecnologia/Fábrica de Software","de 11 a 50","Modelo 100% presencial","4"
"2024","Servidor Público","Setor Público","de 1.001 a 3.000","Modelo híbrido com dias fixos de trabalho presencial","4"
"2024","Empregado (CLT)","Setor de Energia","de 101 a 500","Modelo híbrido com dias fixos de trabalho presencial","4"
"2024","Empreendedor ou Empregado (CNPJ)","Indústria","de 101 a 500","Modelo 100% presencial","4"
"2024","Empreendedor ou Empregado (CNPJ)","Outra Opção","de 101 a 500","Modelo 100% remoto","4"
"2024","Empreendedor ou Empregado (CNPJ)","Educação","de 51 a 100","Modelo 100% remoto","4"
"2024","Empregado (CLT)","Varejo","de 1.001 a 3.000","Modelo 100% remoto","4"
"2024","Empregado (CLT)","Finanças ou Bancos","de 51 a 100","Modelo 100% presencial","4"
"2024","Empregado (CLT)","Área de Consultoria","de 101 a 500","Modelo híbrido com dias fixos de trabalho presencial","4"
"2024","Estagiário","Tecnologia/Fábrica de Software","Acima de 3.000","Modelo 100% remoto","4"
"2024","Empregado (CLT)","Outra Opção","de 501 a 1.000","Modelo híbrido flexível (o funcionário tem liberdade para escolher quando estar no escritório presencialmente)","4"
"2024","Empregado (CLT)","Área da Saúde","de 101 a 500","Modelo híbrido com dias fixos de trabalho presencial","4"
"2024","Empregado (CLT)","Setor de Energia","de 501 a 1.000","Modelo 100% presencial","4"
"2024","Estagiário","Tecnologia/Fábrica de Software","de 11 a 50","Modelo 100% presencial","4"
"2024","Empreendedor ou Empregado (CNPJ)","Área de Consultoria","de 101 a 500","Modelo híbrido flexível (o funcionário tem liberdade para escolher quando estar no escritório presencialmente)","4"
"2024","Empregado (CLT)","Área de Consultoria","de 11 a 50","Modelo híbrido flexível (o funcionário tem liberdade para escolher quando estar no escritório presencialmente)","4"
"2024","Empregado (CLT)","Seguros ou Previdência","de 101 a 500","Modelo híbrido com dias fixos de trabalho presencial","4"
"2024","Empregado (CLT)","Outra Opção","de 101 a 500","Modelo híbrido flexível (o funcionário tem liberdade para escolher quando estar no escritório presencialmente)","4"
"2024","Empreendedor ou Empregado (CNPJ)","Tecnologia/Fábrica de Software","de 51 a 100","Modelo 100% presencial","4"
"2024","Empregado (CLT)","Finanças ou Bancos","de 51 a 100","Modelo híbrido flexível (o funcionário tem liberdade para escolher quando estar no escritório presencialmente)","4"
"2024","Empregado (CLT)","Telecomunicação","de 501 a 1.000","Modelo 100% remoto","4"
"2024","Empreendedor ou Empregado (CNPJ)","Área de Consultoria","de 6 a 10","Modelo 100% remoto","4"
"2024","Servidor Público","Setor Público","Acima de 3.000","Modelo híbrido flexível (o funcionário tem liberdade para escolher quando estar no escritório presencialmente)","4"
"2024","Empregado (CLT)","Setor Automotivo","Acima de 3.000","Modelo 100% remoto","4"
"2024","Empreendedor ou Empregado (CNPJ)","Tecnologia/Fábrica de Software","de 11 a 50","Modelo híbrido com dias fixos de trabalho presencial","4"
"2024","Empregado (CLT)","Educação","de 11 a 50","Modelo 100% remoto","4"
"2024","Empreendedor ou Empregado (CNPJ)","Finanças ou Bancos","de 11 a 50","Modelo 100% remoto","4"
"2024","Servidor Público","Setor Público","de 501 a 1.000","Modelo 100% presencial","4"
"2024","Empregado (CLT)","Internet/Ecommerce","Acima de 3.000","Modelo 100% presencial","4"
"2024","Empregado (CLT)","Outra Opção","de 51 a 100","Modelo híbrido com dias fixos de trabalho presencial","4"
"2024","Empreendedor ou Empregado (CNPJ)","Tecnologia/Fábrica de Software","de 101 a 500","Modelo híbrido flexível (o funcionário tem liberdade para escolher quando estar no escritório presencialmente)","4"
"2024","Empregado (CLT)","Educação","de 1.001 a 3.000","Modelo híbrido com dias fixos de trabalho presencial","4"
"2024","Empregado (CLT)","Agronegócios","de 101 a 500","Modelo 100% remoto","4"
"2024","Servidor Público","Setor Público","de 1.001 a 3.000","Modelo híbrido flexível (o funcionário tem liberdade para escolher quando estar no escritório presencialmente)","4"
"2024","Empregado (CLT)","Setor Imobiliário/ Construção Civil","Acima de 3.000","Modelo 100% presencial","4"
"2024","Estagiário","Tecnologia/Fábrica de Software","Acima de 3.000","Modelo híbrido flexível (o funcionário tem liberdade para escolher quando estar no escritório presencialmente)","3"
"2024","Empregado (CLT)","Setor de Energia","de 101 a 500","Modelo híbrido flexível (o funcionário tem liberdade para escolher quando estar no escritório presencialmente)","3"
"2024","Empreendedor ou Empregado (CNPJ)","Marketing","de 101 a 500","Modelo híbrido com dias fixos de trabalho presencial","3"
"2024","Estagiário","Setor Alimentício","Acima de 3.000","Modelo 100% remoto","3"
"2024","Vivo no Brasil e trabalho remoto para empresa de fora do Brasil","Tecnologia/Fábrica de Software","de 501 a 1.000","Modelo 100% remoto","3"
"2024","Empregado (CLT)","Seguros ou Previdência","de 501 a 1.000","Modelo híbrido flexível (o funcionário tem liberdade para escolher quando estar no escritório presencialmente)","3"
"2024","Empregado (CLT)","Outra Opção","de 6 a 10","Modelo 100% presencial","3"
"2024","Empregado (CLT)","Educação","de 1.001 a 3.000","Modelo 100% presencial","3"
"2024","Empregado (CLT)","Seguros ou Previdência","de 1.001 a 3.000","Modelo híbrido com dias fixos de trabalho presencial","3"
"2024","Estagiário","Tecnologia/Fábrica de Software","Acima de 3.000","Modelo híbrido com dias fixos de trabalho presencial","3"
"2024","Empregado (CLT)","Setor Alimentício","de 101 a 500","Modelo híbrido flexível (o funcionário tem liberdade para escolher quando estar no escritório presencialmente)","3"
"2024","Estagiário","Setor Público","Acima de 3.000","Modelo híbrido com dias fixos de trabalho presencial","3"
"2024","Empregado (CLT)","Educação","de 501 a 1.000","Modelo 100% presencial","3"
"2024","Servidor Público","Finanças ou Bancos","Acima de 3.000","Modelo híbrido flexível (o funcionário tem liberdade para escolher quando estar no escritório presencialmente)","3"
"2024","Vivo no Brasil e trabalho remoto para empresa de fora do Brasil","Área de Consultoria","de 501 a 1.000","Modelo 100% remoto","3"
"2024","Empregado (CLT)","Educação","de 501 a 1.000","Modelo híbrido com dias fixos de trabalho presencial","3"
"2024","Estagiário","Agronegócios","de 6 a 10","Modelo 100% remoto","3"
"2024","Vivo no Brasil e trabalho remoto para empresa de fora do Brasil","Entretenimento ou Esportes","de 101 a 500","Modelo 100% remoto","3"
"2024","Empregado (CLT)","Internet/Ecommerce","de 101 a 500","Modelo híbrido flexível (o funcionário tem liberdade para escolher quando estar no escritório presencialmente)","3"
"2024","Empreendedor ou Empregado (CNPJ)","Marketing","de 101 a 500","Modelo 100% presencial","3"
"2024","Empreendedor ou Empregado (CNPJ)","Outra Opção","de 51 a 100","Modelo 100% remoto","3"
"2024","Vivo no Brasil e trabalho remoto para empresa de fora do Brasil","Setor Imobiliário/ Construção Civil","de 51 a 100","Modelo 100% remoto","3"
"2024","Vivo fora do Brasil e trabalho para empresa de fora do Brasil","Tecnologia/Fábrica de Software","de 11 a 50","Modelo 100% remoto","3"
"2024","Empreendedor ou Empregado (CNPJ)","Finanças ou Bancos","de 1.001 a 3.000","Modelo 100% remoto","3"
"2024","Servidor Público","Setor Público","de 501 a 1.000","Modelo híbrido com dias fixos de trabalho presencial","3"
"2024","Vivo no Brasil e trabalho remoto para empresa de fora do Brasil","Entretenimento ou Esportes","de 11 a 50","Modelo 100% remoto","3"
"2024","Empreendedor ou Empregado (CNPJ)","Outra Opção","Acima de 3.000","Modelo 100% remoto","3"
"2024","Empregado (CLT)","Setor Automotivo","de 1.001 a 3.000","Modelo 100% presencial","3"
"2024","Empregado (CLT)","Setor Imobiliário/ Construção Civil","de 101 a 500","Modelo híbrido flexível (o funcionário tem liberdade para escolher quando estar no escritório presencialmente)","3"
"2024","Empregado (CLT)","Área de Consultoria","de 51 a 100","Modelo híbrido com dias fixos de trabalho presencial","3"
"2024","Empregado (CLT)","Filantropia/ONG's","de 11 a 50","Modelo híbrido com dias fixos de trabalho presencial","3"
"2024","Empregado (CLT)","Setor Imobiliário/ Construção Civil","de 501 a 1.000","Modelo 100% presencial","3"
"2024","Empregado (CLT)","Finanças ou Bancos","de 51 a 100","Modelo híbrido com dias fixos de trabalho presencial","3"
"2024","Vivo no Brasil e trabalho remoto para empresa de fora do Brasil","Tecnologia/Fábrica de Software","de 11 a 50","Modelo 100% remoto","3"
"2024","Vivo no Brasil e trabalho remoto para empresa de fora do Brasil","Marketing","de 101 a 500","Modelo 100% remoto","3"
"2024","Empregado (CLT)","Educação","de 51 a 100","Modelo 100% remoto","3"
"2024","Empregado (CLT)","Área de Consultoria","de 501 a 1.000","Modelo híbrido flexível (o funcionário tem liberdade para escolher quando estar no escritório presencialmente)","3"
"2024","Freelancer","Tecnologia/Fábrica de Software","de 1 a 5","Modelo 100% remoto","3"
"2024","Empreendedor ou Empregado (CNPJ)","Marketing","de 51 a 100","Modelo 100% remoto","3"
"2024","Empreendedor ou Empregado (CNPJ)","Tecnologia/Fábrica de Software","de 1 a 5","Modelo 100% presencial","3"
"2024","Estagiário","Indústria","Acima de 3.000","Modelo 100% remoto","3"
"2024","Empreendedor ou Empregado (CNPJ)","Marketing","de 1 a 5","Modelo híbrido flexível (o funcionário tem liberdade para escolher quando estar no escritório presencialmente)","3"
"2024","Empregado (CLT)","Varejo","de 501 a 1.000","Modelo 100% presencial","3"
"2024","Empreendedor ou Empregado (CNPJ)","Área de Consultoria","de 501 a 1.000","Modelo híbrido flexível (o funcionário tem liberdade para escolher quando estar no escritório presencialmente)","3"
"2024","Empregado (CLT)","Setor de Energia","de 1.001 a 3.000","Modelo híbrido flexível (o funcionário tem liberdade para escolher quando estar no escritório presencialmente)","3"
"2024","Vivo no Brasil e trabalho remoto para empresa de fora do Brasil","Finanças ou Bancos","de 101 a 500","Modelo 100% remoto","3"
"2024","Empregado (CLT)","Setor Automotivo","de 101 a 500","Modelo 100% presencial","3"
"2024","Empregado (CLT)","Seguros ou Previdência","Acima de 3.000","Modelo 100% presencial","3"
"2024","Estagiário","Tecnologia/Fábrica de Software","de 1.001 a 3.000","Modelo 100% remoto","3"
"2024","Servidor Público","Setor Público","de 501 a 1.000","Modelo 100% remoto","3"
"2024","Empreendedor ou Empregado (CNPJ)","Finanças ou Bancos","Acima de 3.000","Modelo 100% remoto","3"
"2024","Empregado (CLT)","Seguros ou Previdência","de 101 a 500","Modelo híbrido flexível (o funcionário tem liberdade para escolher quando estar no escritório presencialmente)","3"
"2024","Empregado (CLT)","Setor Imobiliário/ Construção Civil","Acima de 3.000","Modelo híbrido com dias fixos de trabalho presencial","3"
"2024","Empregado (CLT)","Setor Público","Acima de 3.000","Modelo híbrido flexível (o funcionário tem liberdade para escolher quando estar no escritório presencialmente)","3"
"2024","Empregado (CLT)","Marketing","de 101 a 500","Modelo híbrido flexível (o funcionário tem liberdade para escolher quando estar no escritório presencialmente)","3"
"2024","Freelancer","Educação","de 11 a 50","Modelo 100% remoto","3"
"2024","Prefiro não informar","Tecnologia/Fábrica de Software","de 1 a 5","Modelo 100% remoto","3"
"2024","Empregado (CLT)","Varejo","de 1.001 a 3.000","Modelo híbrido flexível (o funcionário tem liberdade para escolher quando estar no escritório presencialmente)","3"
"2024","Empregado (CLT)","Entretenimento ou Esportes","Acima de 3.000","Modelo 100% remoto","3"
"2024","Vivo no Brasil e trabalho remoto para empresa de fora do Brasil","Finanças ou Bancos","Acima de 3.000","Modelo 100% remoto","3"
"2024","Empregado (CLT)","Outra Opção","de 51 a 100","Modelo híbrido flexível (o funcionário tem liberdade para escolher quando estar no escritório presencialmente)","3"
"2024","Empregado (CLT)","Área da Saúde","de 501 a 1.000","Modelo híbrido com dias fixos de trabalho presencial","3"
"2024","Empreendedor ou Empregado (CNPJ)","Finanças ou Bancos","de 11 a 50","Modelo híbrido flexível (o funcionário tem liberdade para escolher quando estar no escritório presencialmente)","3"
"2024","Empregado (CLT)","Tecnologia/Fábrica de Software","de 1.001 a 3.000","Modelo 100% presencial","3"
"2024","Empregado (CLT)","Seguros ou Previdência","Acima de 3.000","Modelo 100% remoto","3"
"2024","Empregado (CLT)","Marketing","de 51 a 100","Modelo 100% remoto","3"
"2024","Empreendedor ou Empregado (CNPJ)","Outra Opção","de 11 a 50","Modelo 100% remoto","3"
"2024","Empregado (CLT)","Setor Público","Acima de 3.000","Modelo híbrido com dias fixos de trabalho presencial","3"
"2024","Empregado (CLT)","Educação","de 501 a 1.000","Modelo híbrido flexível (o funcionário tem liberdade para escolher quando estar no escritório presencialmente)","3"
"2024","Empregado (CLT)","Marketing","de 1.001 a 3.000","Modelo híbrido flexível (o funcionário tem liberdade para escolher quando estar no escritório presencialmente)","3"
"2024","Vivo fora do Brasil e trabalho para empresa de fora do Brasil","Setor Alimentício","Acima de 3.000","Modelo híbrido com dias fixos de trabalho presencial","3"
"2024","Empreendedor ou Empregado (CNPJ)","Tecnologia/Fábrica de Software","de 501 a 1.000","Modelo híbrido flexível (o funcionário tem liberdade para escolher quando estar no escritório presencialmente)","3"
"2024","Empregado (CLT)","Setor de Energia","de 101 a 500","Modelo 100% presencial","2"
"2024","Empregado (CLT)","Setor Automotivo","de 101 a 500","Modelo híbrido com dias fixos de trabalho presencial","2"
"2024","Empreendedor ou Empregado (CNPJ)","Varejo","Acima de 3.000","Modelo 100% remoto","2"
"2024","Empregado (CLT)","Tecnologia/Fábrica de Software","de 1 a 5","Modelo 100% presencial","2"
"2024","Empregado (CLT)","Telecomunicação","de 51 a 100","Modelo 100% presencial","2"
"2024","Vivo fora do Brasil e trabalho para empresa de fora do Brasil","Área de Consultoria","de 1.001 a 3.000","Modelo 100% remoto","2"
"2024","Empregado (CLT)","Setor Público","de 1.001 a 3.000","Modelo 100% remoto","2"
"2024","Estagiário","Área da Saúde","Acima de 3.000","Modelo 100% remoto","2"
"2024","Estagiário","Indústria","de 501 a 1.000","Modelo 100% presencial","2"
"2024","Empregado (CLT)","Setor Imobiliário/ Construção Civil","de 101 a 500","Modelo híbrido com dias fixos de trabalho presencial","2"
"2024","Empreendedor ou Empregado (CNPJ)","Outra Opção","Acima de 3.000","Modelo 100% presencial","2"
"2024","Empregado (CLT)","Área de Consultoria","de 6 a 10","Modelo 100% presencial","2"
"2024","Empreendedor ou Empregado (CNPJ)","Agronegócios","de 51 a 100","Modelo 100% remoto","2"
"2024","Desempregado e não estou buscando recolocação","Finanças ou Bancos","Acima de 3.000","Modelo híbrido com dias fixos de trabalho presencial","2"
"2024","Estagiário","Finanças ou Bancos","de 11 a 50","Modelo 100% presencial","2"
"2024","Empregado (CLT)","Setor de Energia","de 1.001 a 3.000","Modelo híbrido com dias fixos de trabalho presencial","2"
"2024","Empregado (CLT)","Telecomunicação","de 6 a 10","Modelo 100% presencial","2"
"2024","Freelancer","Setor Imobiliário/ Construção Civil","de 1 a 5","Modelo 100% remoto","2"
"2024","Empregado (CLT)","Setor Alimentício","de 1.001 a 3.000","Modelo híbrido flexível (o funcionário tem liberdade para escolher quando estar no escritório presencialmente)","2"
"2024","Vivo no Brasil e trabalho remoto para empresa de fora do Brasil","Internet/Ecommerce","de 51 a 100","Modelo 100% remoto","2"
"2024","Empreendedor ou Empregado (CNPJ)","Outra Opção","de 101 a 500","Modelo híbrido flexível (o funcionário tem liberdade para escolher quando estar no escritório presencialmente)","2"
"2024","Empregado (CLT)","Marketing","de 101 a 500","Modelo 100% presencial","2"
"2024","Vivo no Brasil e trabalho remoto para empresa de fora do Brasil","Educação","de 101 a 500","Modelo 100% remoto","2"
"2024","Empregado (CLT)","Setor Público","de 501 a 1.000","Modelo híbrido com dias fixos de trabalho presencial","2"
"2024","Empreendedor ou Empregado (CNPJ)","Setor Automotivo","Acima de 3.000","Modelo 100% remoto","2"
"2024","Empreendedor ou Empregado (CNPJ)","Marketing","de 101 a 500","Modelo híbrido flexível (o funcionário tem liberdade para escolher quando estar no escritório presencialmente)","2"
"2024","Empreendedor ou Empregado (CNPJ)","Tecnologia/Fábrica de Software","de 51 a 100","Modelo híbrido com dias fixos de trabalho presencial","2"
"2024","Empreendedor ou Empregado (CNPJ)","Varejo","de 101 a 500","Modelo 100% remoto","2"
"2024","Empreendedor ou Empregado (CNPJ)","Outra Opção","de 501 a 1.000","Modelo híbrido flexível (o funcionário tem liberdade para escolher quando estar no escritório presencialmente)","2"
"2024","Empregado (CLT)","Internet/Ecommerce","de 501 a 1.000","Modelo híbrido flexível (o funcionário tem liberdade para escolher quando estar no escritório presencialmente)","2"
"2024","Estagiário","Varejo","Acima de 3.000","Modelo 100% remoto","2"
"2024","Empregado (CLT)","Área da Saúde","de 501 a 1.000","Modelo 100% presencial","2"
"2024","Empregado (CLT)","Varejo","de 51 a 100","Modelo 100% presencial","2"
"2024","Estagiário","Finanças ou Bancos","Acima de 3.000","Modelo 100% presencial","2"
"2024","Estagiário","Varejo","Acima de 3.000","Modelo híbrido com dias fixos de trabalho presencial","2"
"2024","Estagiário","Marketing","de 11 a 50","Modelo 100% remoto","2"
"2024","Empregado (CLT)","Setor Público","de 51 a 100","Modelo híbrido com dias fixos de trabalho presencial","2"
"2024","Vivo no Brasil e trabalho remoto para empresa de fora do Brasil","Setor Alimentício","de 501 a 1.000","Modelo 100% remoto","2"
"2024","Servidor Público","Área da Saúde","de 1.001 a 3.000","Modelo 100% presencial","2"
"2024","Estagiário","Indústria","Acima de 3.000","Modelo híbrido flexível (o funcionário tem liberdade para escolher quando estar no escritório presencialmente)","2"
"2024","Servidor Público","Educação","de 101 a 500","Modelo 100% presencial","2"
"2024","Estagiário","Telecomunicação","de 1.001 a 3.000","Modelo híbrido flexível (o funcionário tem liberdade para escolher quando estar no escritório presencialmente)","2"
"2024","Empregado (CLT)","Telecomunicação","de 11 a 50","Modelo 100% remoto","2"
"2024","Empreendedor ou Empregado (CNPJ)","Finanças ou Bancos","de 1 a 5","Modelo 100% remoto","2"
"2024","Vivo no Brasil e trabalho remoto para empresa de fora do Brasil","Finanças ou Bancos","de 6 a 10","Modelo 100% remoto","2"
"2024","Estagiário","Área de Consultoria","de 51 a 100","Modelo híbrido flexível (o funcionário tem liberdade para escolher quando estar no escritório presencialmente)","2"
"2024","Estagiário","Finanças ou Bancos","de 101 a 500","Modelo 100% remoto","2"
"2024","Estagiário","Outra Opção","de 1 a 5","Modelo 100% remoto","2"
"2024","Empregado (CLT)","Varejo","de 51 a 100","Modelo híbrido com dias fixos de trabalho presencial","2"
"2024","Empreendedor ou Empregado (CNPJ)","Setor Alimentício","de 101 a 500","Modelo híbrido flexível (o funcionário tem liberdade para escolher quando estar no escritório presencialmente)","2"
"2024","Estagiário","Telecomunicação","Acima de 3.000","Modelo híbrido flexível (o funcionário tem liberdade para escolher quando estar no escritório presencialmente)","2"
"2024","Estagiário","Tecnologia/Fábrica de Software","de 51 a 100","Modelo 100% presencial","2"
"2024","Empreendedor ou Empregado (CNPJ)","Tecnologia/Fábrica de Software","de 501 a 1.000","Modelo 100% presencial","2"
"2024","Empregado (CLT)","Área de Consultoria","de 501 a 1.000","Modelo híbrido com dias fixos de trabalho presencial","2"
"2024","Empregado (CLT)","Área da Saúde","de 51 a 100","Modelo 100% presencial","2"
"2024","Estagiário","Varejo","de 501 a 1.000","Modelo 100% presencial","2"
"2024","Empregado (CLT)","Setor Farmaceutico","Acima de 3.000","Modelo híbrido flexível (o funcionário tem liberdade para escolher quando estar no escritório presencialmente)","2"
"2024","Estagiário","Finanças ou Bancos","de 11 a 50","Modelo híbrido flexível (o funcionário tem liberdade para escolher quando estar no escritório presencialmente)","2"
"2024","Empregado (CLT)","Setor Alimentício","de 501 a 1.000","Modelo híbrido flexível (o funcionário tem liberdade para escolher quando estar no escritório presencialmente)","2"
"2024","Empregado (CLT)","Outra Opção","de 11 a 50","Modelo híbrido flexível (o funcionário tem liberdade para escolher quando estar no escritório presencialmente)","2"
"2024","Empregado (CLT)","Varejo","de 101 a 500","Modelo híbrido com dias fixos de trabalho presencial","2"
"2024","Empreendedor ou Empregado (CNPJ)","Educação","de 11 a 50","Modelo 100% remoto","2"
"2024","Vivo no Brasil e trabalho remoto para empresa de fora do Brasil","Área da Saúde","de 51 a 100","Modelo 100% remoto","2"
"2024","Empregado (CLT)","Tecnologia/Fábrica de Software","de 6 a 10","Modelo 100% presencial","2"
"2024","Empregado (CLT)","Finanças ou Bancos","de 11 a 50","Modelo híbrido flexível (o funcionário tem liberdade para escolher quando estar no escritório presencialmente)","2"
"2024","Freelancer","Internet/Ecommerce","de 1 a 5","Modelo 100% remoto","2"
"2024","Freelancer","Tecnologia/Fábrica de Software","Acima de 3.000","Modelo 100% remoto","2"
"2024","Empreendedor ou Empregado (CNPJ)","Finanças ou Bancos","de 101 a 500","Modelo 100% remoto","2"
"2024","Vivo fora do Brasil e trabalho para empresa de fora do Brasil","Setor de Energia","Acima de 3.000","Modelo híbrido flexível (o funcionário tem liberdade para escolher quando estar no escritório presencialmente)","2"
"2024","Empreendedor ou Empregado (CNPJ)","Marketing","de 51 a 100","Modelo híbrido flexível (o funcionário tem liberdade para escolher quando estar no escritório presencialmente)","2"
"2024","Empregado (CLT)","Setor de Energia","de 1.001 a 3.000","Modelo 100% presencial","2"
"2024","Empregado (CLT)","Setor Imobiliário/ Construção Civil","de 101 a 500","Modelo 100% presencial","2"
"2024","Freelancer","Área de Consultoria","de 1 a 5","Modelo 100% remoto","2"
"2024","Empregado (CLT)","Área da Saúde","de 11 a 50","Modelo 100% remoto","2"
"2024","Empregado (CLT)","Área de Consultoria","de 1.001 a 3.000","Modelo híbrido flexível (o funcionário tem liberdade para escolher quando estar no escritório presencialmente)","2"
"2024","Empregado (CLT)","Setor Automotivo","de 51 a 100","Modelo 100% presencial","2"
"2024","Vivo no Brasil e trabalho remoto para empresa de fora do Brasil","Entretenimento ou Esportes","de 51 a 100","Modelo 100% remoto","2"
"2024","Empregado (CLT)","Marketing","de 501 a 1.000","Modelo híbrido flexível (o funcionário tem liberdade para escolher quando estar no escritório presencialmente)","2"
"2024","Empreendedor ou Empregado (CNPJ)","Setor Automotivo","de 501 a 1.000","Modelo 100% presencial","2"
"2024","Estagiário","Tecnologia/Fábrica de Software","de 101 a 500","Modelo 100% presencial","2"
"2024","Estagiário","Marketing","Acima de 3.000","Modelo 100% remoto","2"
"2024","Vivo fora do Brasil e trabalho para empresa de fora do Brasil","Outra Opção","Acima de 3.000","Modelo híbrido com dias fixos de trabalho presencial","2"
"2024","Empregado (CLT)","Finanças ou Bancos","de 11 a 50","Modelo 100% remoto","2"
"2024","Empreendedor ou Empregado (CNPJ)","Setor de Energia","de 11 a 50","Modelo híbrido flexível (o funcionário tem liberdade para escolher quando estar no escritório presencialmente)","2"
"2024","Empregado (CLT)","Indústria","de 101 a 500","Modelo híbrido com dias fixos de trabalho presencial","2"
"2024","Servidor Público","Setor Público","de 101 a 500","Modelo híbrido com dias fixos de trabalho presencial","2"
"2024","Empreendedor ou Empregado (CNPJ)","Finanças ou Bancos","Acima de 3.000","Modelo híbrido flexível (o funcionário tem liberdade para escolher quando estar no escritório presencialmente)","2"
"2024","Vivo fora do Brasil e trabalho para empresa de fora do Brasil","Educação","de 101 a 500","Modelo 100% remoto","2"
"2024","Empregado (CLT)","Setor Automotivo","Acima de 3.000","Modelo 100% presencial","2"
"2024","Empregado (CLT)","Telecomunicação","de 501 a 1.000","Modelo 100% presencial","2"
"2024","Empregado (CLT)","Setor Imobiliário/ Construção Civil","de 1.001 a 3.000","Modelo híbrido flexível (o funcionário tem liberdade para escolher quando estar no escritório presencialmente)","2"
"2024","Vivo no Brasil e trabalho remoto para empresa de fora do Brasil","Área de Consultoria","de 101 a 500","Modelo 100% remoto","2"
"2024","Empreendedor ou Empregado (CNPJ)","Outra Opção","de 501 a 1.000","Modelo 100% remoto","2"
"2024","Empreendedor ou Empregado (CNPJ)","Área de Consultoria","de 1 a 5","Modelo híbrido flexível (o funcionário tem liberdade para escolher quando estar no escritório presencialmente)","2"
"2024","Empregado (CLT)","Setor Alimentício","de 501 a 1.000","Modelo 100% remoto","2"
"2024","Estagiário","Área da Saúde","de 1.001 a 3.000","Modelo 100% presencial","2"
"2024","Servidor Público","Educação","de 501 a 1.000","Modelo híbrido com dias fixos de trabalho presencial","2"
"2024","Vivo no Brasil e trabalho remoto para empresa de fora do Brasil","Internet/Ecommerce","Acima de 3.000","Modelo 100% remoto","2"
"2024","Vivo no Brasil e trabalho remoto para empresa de fora do Brasil","Área da Saúde","de 501 a 1.000","Modelo 100% remoto","2"
"2024","Estagiário","Setor Público","de 1.001 a 3.000","Modelo 100% presencial","2"
"2024","Empregado (CLT)","Tecnologia/Fábrica de Software","de 1 a 5","Modelo 100% remoto","2"
"2024","Estagiário","Tecnologia/Fábrica de Software","de 1 a 5","Modelo 100% remoto","2"
"2024","Empreendedor ou Empregado (CNPJ)","Seguros ou Previdência","de 11 a 50","Modelo híbrido flexível (o funcionário tem liberdade para escolher quando estar no escritório presencialmente)","2"
"2024","Empreendedor ou Empregado (CNPJ)","Área de Consultoria","de 101 a 500","Modelo híbrido com dias fixos de trabalho presencial","2"
"2024","Empregado (CLT)","Agronegócios","de 101 a 500","Modelo híbrido flexível (o funcionário tem liberdade para escolher quando estar no escritório presencialmente)","2"
"2024","Empregado (CLT)","Indústria","de 501 a 1.000","Modelo híbrido com dias fixos de trabalho presencial","2"
"2024","Empregado (CLT)","Tecnologia/Fábrica de Software","de 6 a 10","Modelo 100% remoto","2"
"2024","Empregado (CLT)","Internet/Ecommerce","de 501 a 1.000","Modelo 100% remoto","2"
"2024","Empregado (CLT)","Indústria","de 101 a 500","Modelo 100% remoto","2"
"2024","Empregado (CLT)","Indústria","de 6 a 10","Modelo 100% presencial","2"
"2024","Empregado (CLT)","Área de Consultoria","de 101 a 500","Modelo 100% presencial","2"
"2024","Empreendedor ou Empregado (CNPJ)","Marketing","de 11 a 50","Modelo híbrido com dias fixos de trabalho presencial","2"
"2024","Empregado (CLT)","Setor Alimentício","de 501 a 1.000","Modelo 100% presencial","2"
"2024","Empregado (CLT)","Telecomunicação","de 101 a 500","Modelo híbrido com dias fixos de trabalho presencial","2"
"2024","Empregado (CLT)","Indústria","de 11 a 50","Modelo 100% remoto","2"
"2024","Empregado (CLT)","Área da Saúde","de 11 a 50","Modelo 100% presencial","2"
"2024","Estagiário","Setor Público","de 11 a 50","Modelo 100% presencial","2"
"2024","Empreendedor ou Empregado (CNPJ)","Área da Saúde","Acima de 3.000","Modelo 100% presencial","2"
"2024","Empregado (CLT)","Setor Público","de 101 a 500","Modelo 100% presencial","2"
"2024","Vivo fora do Brasil e trabalho para empresa de fora do Brasil","Tecnologia/Fábrica de Software","Acima de 3.000","Modelo híbrido flexível (o funcionário tem liberdade para escolher quando estar no escritório presencialmente)","2"
"2024","Empregado (CLT)","Setor Alimentício","de 51 a 100","Modelo 100% presencial","2"
"2024","Vivo fora do Brasil e trabalho para empresa de fora do Brasil","Tecnologia/Fábrica de Software","de 51 a 100","Modelo 100% remoto","2"
"2024","Empreendedor ou Empregado (CNPJ)","Telecomunicação","Acima de 3.000","Modelo 100% remoto","2"
"2024","Empregado (CLT)","Educação","de 11 a 50","Modelo híbrido com dias fixos de trabalho presencial","2"
"2024","Estagiário","Indústria","Acima de 3.000","Modelo 100% presencial","2"
"2024","Servidor Público","Finanças ou Bancos","Acima de 3.000","Modelo híbrido com dias fixos de trabalho presencial","2"
"2024","Empregado (CLT)","Marketing","de 11 a 50","Modelo 100% remoto","2"
"2024","Empreendedor ou Empregado (CNPJ)","Telecomunicação","de 51 a 100","Modelo híbrido flexível (o funcionário tem liberdade para escolher quando estar no escritório presencialmente)","2"
"2024","Empregado (CLT)","Área de Consultoria","de 51 a 100","Modelo híbrido flexível (o funcionário tem liberdade para escolher quando estar no escritório presencialmente)","2"
"2024","Empreendedor ou Empregado (CNPJ)","Tecnologia/Fábrica de Software","Acima de 3.000","Modelo híbrido flexível (o funcionário tem liberdade para escolher quando estar no escritório presencialmente)","2"
"2024","Empreendedor ou Empregado (CNPJ)","Agronegócios","de 101 a 500","Modelo 100% presencial","2"
"2024","Estagiário","Tecnologia/Fábrica de Software","de 11 a 50","Modelo 100% remoto","2"
"2024","Empregado (CLT)","Setor Imobiliário/ Construção Civil","de 6 a 10","Modelo 100% presencial","2"
"2024","Estagiário","Finanças ou Bancos","de 1.001 a 3.000","Modelo híbrido com dias fixos de trabalho presencial","2"
"2024","Estagiário","Área de Consultoria","de 11 a 50","Modelo 100% remoto","2"
"2024","Empreendedor ou Empregado (CNPJ)","Área de Consultoria","de 51 a 100","Modelo híbrido com dias fixos de trabalho presencial","2"
"2024","Empregado (CLT)","Indústria","de 51 a 100","Modelo híbrido com dias fixos de trabalho presencial","2"
"2024","Empreendedor ou Empregado (CNPJ)","Área da Saúde","de 501 a 1.000","Modelo 100% presencial","2"
"2024","Empregado (CLT)","Marketing","de 1.001 a 3.000","Modelo híbrido com dias fixos de trabalho presencial","2"
"2024","Empregado (CLT)","Setor Público","de 11 a 50","Modelo 100% presencial","2"
"2024","Empregado (CLT)","Setor Público","de 501 a 1.000","Modelo 100% presencial","2"
"2024","Empregado (CLT)","Área de Consultoria","Acima de 3.000","Modelo 100% presencial","2"
"2024","Empregado (CLT)","Setor Alimentício","de 101 a 500","Modelo híbrido com dias fixos de trabalho presencial","2"
"2024","Empregado (CLT)","Indústria","de 501 a 1.000","Modelo 100% remoto","2"
"2024","Empreendedor ou Empregado (CNPJ)","Área de Consultoria","de 1 a 5","Modelo 100% presencial","2"
"2024","Vivo fora do Brasil e trabalho para empresa de fora do Brasil","Indústria","de 51 a 100","Modelo 100% presencial","2"
"2024","Empregado (CLT)","Setor Público","de 101 a 500","Modelo híbrido com dias fixos de trabalho presencial","2"
"2024","Empreendedor ou Empregado (CNPJ)","Área da Saúde","de 101 a 500","Modelo 100% presencial","2"
"2024","Vivo fora do Brasil e trabalho para empresa de fora do Brasil","Área de Consultoria","de 101 a 500","Modelo 100% remoto","2"
"2024","Empregado (CLT)","Entretenimento ou Esportes","Acima de 3.000","Modelo híbrido com dias fixos de trabalho presencial","2"
"2024","Empregado (CLT)","Varejo","de 501 a 1.000","Modelo híbrido flexível (o funcionário tem liberdade para escolher quando estar no escritório presencialmente)","2"
"2024","Vivo fora do Brasil e trabalho para empresa de fora do Brasil","Tecnologia/Fábrica de Software","Acima de 3.000","Modelo 100% remoto","2"
"2024","Vivo no Brasil e trabalho remoto para empresa de fora do Brasil","Área de Consultoria","Acima de 3.000","Modelo 100% remoto","2"
"2024","Estagiário","Tecnologia/Fábrica de Software","de 501 a 1.000","Modelo híbrido flexível (o funcionário tem liberdade para escolher quando estar no escritório presencialmente)","2"
"2024","Empregado (CLT)","Outra Opção","de 51 a 100","Modelo 100% remoto","2"
"2024","Empregado (CLT)","Marketing","Acima de 3.000","Modelo híbrido com dias fixos de trabalho presencial","2"
"2024","Estagiário","Outra Opção","Acima de 3.000","Modelo 100% presencial","2"
"2024","Empregado (CLT)","Setor Alimentício","de 1.001 a 3.000","Modelo 100% remoto","2"
"2024","Estagiário","Tecnologia/Fábrica de Software","de 51 a 100","Modelo 100% remoto","2"
"2024","Empregado (CLT)","Marketing","de 11 a 50","Modelo híbrido com dias fixos de trabalho presencial","2"
"2024","Vivo no Brasil e trabalho remoto para empresa de fora do Brasil","Agronegócios","Acima de 3.000","Modelo 100% remoto","2"
"2024","Empreendedor ou Empregado (CNPJ)","Telecomunicação","de 101 a 500","Modelo 100% remoto","2"
"2024","Empregado (CLT)","Área da Saúde","de 51 a 100","Modelo 100% remoto","2"
"2024","Vivo no Brasil e trabalho remoto para empresa de fora do Brasil","Finanças ou Bancos","de 11 a 50","Modelo 100% remoto","2"
"2024","Empregado (CLT)","Setor Alimentício","de 101 a 500","Modelo 100% presencial","2"
"2024","Empregado (CLT)","Área da Saúde","de 501 a 1.000","Modelo híbrido flexível (o funcionário tem liberdade para escolher quando estar no escritório presencialmente)","2"
"2024","Estagiário","Tecnologia/Fábrica de Software","de 6 a 10","Modelo 100% remoto","2"
"2024","Empregado (CLT)","Telecomunicação","de 101 a 500","Modelo 100% presencial","1"
"2024","Empregado (CLT)","Marketing","de 51 a 100","Modelo híbrido flexível (o funcionário tem liberdade para escolher quando estar no escritório presencialmente)","1"
"2024","Freelancer","Área da Saúde","de 1 a 5","Modelo 100% remoto","1"
"2024","Estagiário","Telecomunicação","de 501 a 1.000","Modelo híbrido flexível (o funcionário tem liberdade para escolher quando estar no escritório presencialmente)","1"
"2024","Empreendedor ou Empregado (CNPJ)","Setor de Energia","de 51 a 100","Modelo híbrido flexível (o funcionário tem liberdade para escolher quando estar no escritório presencialmente)","1"
"2024","Vivo fora do Brasil e trabalho para empresa de fora do Brasil","Setor Alimentício","de 1.001 a 3.000","Modelo híbrido flexível (o funcionário tem liberdade para escolher quando estar no escritório presencialmente)","1"
"2024","Empreendedor ou Empregado (CNPJ)","Tecnologia/Fábrica de Software","de 6 a 10","Modelo 100% presencial","1"
"2024","Freelancer","Indústria","de 11 a 50","Modelo híbrido com dias fixos de trabalho presencial","1"
"2024","Empreendedor ou Empregado (CNPJ)","Área da Saúde","de 51 a 100","Modelo híbrido com dias fixos de trabalho presencial","1"
"2024","Servidor Público","Finanças ou Bancos","Acima de 3.000","Modelo 100% presencial","1"
"2024","Empreendedor ou Empregado (CNPJ)","Indústria","de 101 a 500","Modelo híbrido flexível (o funcionário tem liberdade para escolher quando estar no escritório presencialmente)","1"
"2024","Empreendedor ou Empregado (CNPJ)","Marketing","de 11 a 50","Modelo híbrido flexível (o funcionário tem liberdade para escolher quando estar no escritório presencialmente)","1"
"2024","Empregado (CLT)","Telecomunicação","de 1.001 a 3.000","Modelo híbrido com dias fixos de trabalho presencial","1"
"2024","Vivo fora do Brasil e trabalho para empresa de fora do Brasil","Área de Consultoria","de 101 a 500","Modelo híbrido flexível (o funcionário tem liberdade para escolher quando estar no escritório presencialmente)","1"
"2024","Estagiário","Área de Consultoria","Acima de 3.000","Modelo híbrido flexível (o funcionário tem liberdade para escolher quando estar no escritório presencialmente)","1"
"2024","Empreendedor ou Empregado (CNPJ)","Marketing","de 501 a 1.000","Modelo 100% remoto","1"
"2024","Empregado (CLT)","Setor Público","de 1.001 a 3.000","Modelo 100% presencial","1"
"2024","Empregado (CLT)","Área da Saúde","de 51 a 100","Modelo híbrido flexível (o funcionário tem liberdade para escolher quando estar no escritório presencialmente)","1"
"2024","Vivo fora do Brasil e trabalho para empresa de fora do Brasil","Outra Opção","de 101 a 500","Modelo 100% remoto","1"
"2024","Empregado (CLT)","Setor Imobiliário/ Construção Civil","de 501 a 1.000","Modelo 100% remoto","1"
"2024","Empregado (CLT)","Outra Opção","de 6 a 10","Modelo híbrido flexível (o funcionário tem liberdade para escolher quando estar no escritório presencialmente)","1"
"2024","Vivo no Brasil e trabalho remoto para empresa de fora do Brasil","Telecomunicação","de 101 a 500","Modelo híbrido flexível (o funcionário tem liberdade para escolher quando estar no escritório presencialmente)","1"
"2024","Prefiro não informar","Outra Opção","de 1 a 5","Modelo híbrido com dias fixos de trabalho presencial","1"
"2024","Estagiário","Finanças ou Bancos","de 1.001 a 3.000","Modelo 100% remoto","1"
"2024","Empreendedor ou Empregado (CNPJ)","Agronegócios","de 11 a 50","Modelo 100% presencial","1"
"2024","Empregado (CLT)","Outra Opção","de 1 a 5","Modelo 100% presencial","1"
"2024","Vivo fora do Brasil e trabalho para empresa de fora do Brasil","Setor Automotivo","Acima de 3.000","Modelo 100% remoto","1"
"2024","Vivo fora do Brasil e trabalho para empresa de fora do Brasil","Área de Consultoria","de 101 a 500","Modelo 100% presencial","1"
"2024","Servidor Público","Setor Público","de 51 a 100","Modelo 100% remoto","1"
"2024","Empreendedor ou Empregado (CNPJ)","Agronegócios","de 51 a 100","Modelo híbrido flexível (o funcionário tem liberdade para escolher quando estar no escritório presencialmente)","1"
"2024","Empreendedor ou Empregado (CNPJ)","Marketing","de 1.001 a 3.000","Modelo híbrido flexível (o funcionário tem liberdade para escolher quando estar no escritório presencialmente)","1"
"2024","Empreendedor ou Empregado (CNPJ)","Área da Saúde","de 51 a 100","Modelo 100% remoto","1"
"2024","Vivo no Brasil e trabalho remoto para empresa de fora do Brasil","Outra Opção","de 51 a 100","Modelo 100% remoto","1"
"2024","Estagiário","Internet/Ecommerce","de 501 a 1.000","Modelo híbrido flexível (o funcionário tem liberdade para escolher quando estar no escritório presencialmente)","1"
"2024","Estagiário","Setor Automotivo","de 501 a 1.000","Modelo híbrido flexível (o funcionário tem liberdade para escolher quando estar no escritório presencialmente)","1"
"2024","Empregado (CLT)","Telecomunicação","de 51 a 100","Modelo 100% remoto","1"
"2024","Empregado (CLT)","Agronegócios","de 51 a 100","Modelo híbrido flexível (o funcionário tem liberdade para escolher quando estar no escritório presencialmente)","1"
"2024","Empreendedor ou Empregado (CNPJ)","Setor de Energia","de 1.001 a 3.000","Modelo híbrido com dias fixos de trabalho presencial","1"
"2024","Servidor Público","Setor Público","de 51 a 100","Modelo híbrido com dias fixos de trabalho presencial","1"
"2024","Freelancer","Tecnologia/Fábrica de Software","de 51 a 100","Modelo 100% remoto","1"
"2024","Empregado (CLT)","Indústria","de 101 a 500","Modelo híbrido flexível (o funcionário tem liberdade para escolher quando estar no escritório presencialmente)","1"
"2024","Empregado (CLT)","Setor Público","de 6 a 10","Modelo híbrido com dias fixos de trabalho presencial","1"
"2024","Vivo no Brasil e trabalho remoto para empresa de fora do Brasil","Setor Imobiliário/ Construção Civil","de 6 a 10","Modelo 100% remoto","1"
"2024","Vivo fora do Brasil e trabalho para empresa de fora do Brasil","Outra Opção","de 51 a 100","Modelo 100% presencial","1"
"2024","Prefiro não informar","Educação","de 11 a 50","Modelo 100% remoto","1"
"2024","Empreendedor ou Empregado (CNPJ)","Entretenimento ou Esportes","de 11 a 50","Modelo híbrido com dias fixos de trabalho presencial","1"
"2024","Empreendedor ou Empregado (CNPJ)","Setor Alimentício","Acima de 3.000","Modelo híbrido flexível (o funcionário tem liberdade para escolher quando estar no escritório presencialmente)","1"
"2024","Vivo fora do Brasil e trabalho para empresa de fora do Brasil","Educação","Acima de 3.000","Modelo híbrido com dias fixos de trabalho presencial","1"
"2024","Estagiário","Área de Consultoria","de 101 a 500","Modelo híbrido flexível (o funcionário tem liberdade para escolher quando estar no escritório presencialmente)","1"
"2024","Servidor Público","Educação","Acima de 3.000","Modelo híbrido flexível (o funcionário tem liberdade para escolher quando estar no escritório presencialmente)","1"
"2024","Empregado (CLT)","Internet/Ecommerce","de 11 a 50","Modelo híbrido flexível (o funcionário tem liberdade para escolher quando estar no escritório presencialmente)","1"
"2024","Estagiário","Outra Opção","de 51 a 100","Modelo 100% remoto","1"
"2024","Empregado (CLT)","Internet/Ecommerce","de 11 a 50","Modelo 100% remoto","1"
"2024","Estagiário","Varejo","Acima de 3.000","Modelo híbrido flexível (o funcionário tem liberdade para escolher quando estar no escritório presencialmente)","1"
"2024","Vivo fora do Brasil e trabalho para empresa de fora do Brasil","Entretenimento ou Esportes","de 101 a 500","Modelo híbrido flexível (o funcionário tem liberdade para escolher quando estar no escritório presencialmente)","1"
"2024","Empreendedor ou Empregado (CNPJ)","Marketing","de 501 a 1.000","Modelo híbrido com dias fixos de trabalho presencial","1"
"2024","Freelancer","Marketing","de 1 a 5","Modelo híbrido flexível (o funcionário tem liberdade para escolher quando estar no escritório presencialmente)","1"
"2024","Vivo fora do Brasil e trabalho para empresa de fora do Brasil","Internet/Ecommerce","Acima de 3.000","Modelo 100% remoto","1"
"2024","Empreendedor ou Empregado (CNPJ)","Área da Saúde","de 1.001 a 3.000","Modelo 100% remoto","1"
"2024","Empreendedor ou Empregado (CNPJ)","Marketing","de 11 a 50","Modelo 100% presencial","1"
"2024","Vivo fora do Brasil e trabalho para empresa de fora do Brasil","Indústria","Acima de 3.000","Modelo 100% remoto","1"
"2024","Desempregado e não estou buscando recolocação","Tecnologia/Fábrica de Software","de 501 a 1.000","Modelo 100% remoto","1"
"2024","Empregado (CLT)","Filantropia/ONG's","de 101 a 500","Modelo híbrido flexível (o funcionário tem liberdade para escolher quando estar no escritório presencialmente)","1"
"2024","Estagiário","Setor Público","de 101 a 500","Modelo 100% presencial","1"
"2024","Estagiário","Área da Saúde","Acima de 3.000","Modelo híbrido com dias fixos de trabalho presencial","1"
"2024","Empreendedor ou Empregado (CNPJ)","Educação","Acima de 3.000","Modelo 100% remoto","1"
"2024","Vivo fora do Brasil e trabalho para empresa de fora do Brasil","Outra Opção","de 501 a 1.000","Modelo híbrido flexível (o funcionário tem liberdade para escolher quando estar no escritório presencialmente)","1"
"2024","Empregado (CLT)","Filantropia/ONG's","de 501 a 1.000","Modelo 100% presencial","1"
"2024","Empreendedor ou Empregado (CNPJ)","Internet/Ecommerce","Acima de 3.000","Modelo híbrido flexível (o funcionário tem liberdade para escolher quando estar no escritório presencialmente)","1"
"2024","Empreendedor ou Empregado (CNPJ)","Outra Opção","de 11 a 50","Modelo híbrido com dias fixos de trabalho presencial","1"
"2024","Vivo fora do Brasil e trabalho para empresa de fora do Brasil","Varejo","de 101 a 500","Modelo híbrido com dias fixos de trabalho presencial","1"
"2024","Empreendedor ou Empregado (CNPJ)","Setor Alimentício","de 1 a 5","Modelo híbrido com dias fixos de trabalho presencial","1"
"2024","Estagiário","Seguros ou Previdência","Acima de 3.000","Modelo híbrido com dias fixos de trabalho presencial","1"
"2024","Vivo fora do Brasil e trabalho para empresa de fora do Brasil","Área da Saúde","Acima de 3.000","Modelo híbrido com dias fixos de trabalho presencial","1"
"2024","Empreendedor ou Empregado (CNPJ)","Telecomunicação","de 1.001 a 3.000","Modelo 100% remoto","1"
"2024","Servidor Público","Área da Saúde","de 501 a 1.000","Modelo 100% presencial","1"
"2024","Vivo fora do Brasil e trabalho para empresa de fora do Brasil","Setor Público","Acima de 3.000","Modelo híbrido flexível (o funcionário tem liberdade para escolher quando estar no escritório presencialmente)","1"
"2024","Estagiário","Internet/Ecommerce","de 11 a 50","Modelo 100% presencial","1"
"2024","Empreendedor ou Empregado (CNPJ)","Varejo","de 1 a 5","Modelo 100% remoto","1"
"2024","Vivo fora do Brasil e trabalho para empresa de fora do Brasil","Finanças ou Bancos","Acima de 3.000","Modelo 100% remoto","1"
"2024","Empreendedor ou Empregado (CNPJ)","Indústria","de 1 a 5","Modelo híbrido com dias fixos de trabalho presencial","1"
"2024","Empreendedor ou Empregado (CNPJ)","Educação","de 101 a 500","Modelo híbrido com dias fixos de trabalho presencial","1"
"2024","Empreendedor ou Empregado (CNPJ)","Finanças ou Bancos","de 51 a 100","Modelo 100% remoto","1"
"2024","Freelancer","Telecomunicação","de 1.001 a 3.000","Modelo 100% remoto","1"
"2024","Vivo fora do Brasil e trabalho para empresa de fora do Brasil","Finanças ou Bancos","de 51 a 100","Modelo 100% remoto","1"
"2024","Empreendedor ou Empregado (CNPJ)","Indústria","de 101 a 500","Modelo híbrido com dias fixos de trabalho presencial","1"
"2024","Estagiário","Marketing","de 11 a 50","Modelo híbrido com dias fixos de trabalho presencial","1"
"2024","Empreendedor ou Empregado (CNPJ)","Setor Público","Acima de 3.000","Modelo 100% remoto","1"
"2024","Empregado (CLT)","Internet/Ecommerce","de 501 a 1.000","Modelo 100% presencial","1"
"2024","Estagiário","Educação","de 1.001 a 3.000","Modelo 100% presencial","1"
"2024","Empreendedor ou Empregado (CNPJ)","Setor de Energia","de 101 a 500","Modelo 100% remoto","1"
"2024","Vivo fora do Brasil e trabalho para empresa de fora do Brasil","Educação","de 51 a 100","Modelo híbrido flexível (o funcionário tem liberdade para escolher quando estar no escritório presencialmente)","1"
"2024","Empreendedor ou Empregado (CNPJ)","Área de Consultoria","de 6 a 10","Modelo híbrido flexível (o funcionário tem liberdade para escolher quando estar no escritório presencialmente)","1"
"2024","Freelancer","Área da Saúde","Acima de 3.000","Modelo híbrido com dias fixos de trabalho presencial","1"
"2024","Estagiário","Finanças ou Bancos","de 501 a 1.000","Modelo 100% remoto","1"
"2024","Prefiro não informar","Finanças ou Bancos","de 51 a 100","Modelo híbrido flexível (o funcionário tem liberdade para escolher quando estar no escritório presencialmente)","1"
"2024","Desempregado e não estou buscando recolocação","Outra Opção","de 101 a 500","Modelo 100% remoto","1"
"2024","Desempregado e não estou buscando recolocação","Setor Público","de 101 a 500","Modelo híbrido com dias fixos de trabalho presencial","1"
"2024","Freelancer","Entretenimento ou Esportes","de 501 a 1.000","Modelo 100% presencial","1"
"2024","Vivo no Brasil e trabalho remoto para empresa de fora do Brasil","Área da Saúde","de 11 a 50","Modelo 100% remoto","1"
"2024","Vivo fora do Brasil e trabalho para empresa de fora do Brasil","Finanças ou Bancos","Acima de 3.000","Modelo híbrido com dias fixos de trabalho presencial","1"
"2024","Estagiário","Outra Opção","de 101 a 500","Modelo híbrido com dias fixos de trabalho presencial","1"
"2024","Estagiário","Área de Consultoria","de 1.001 a 3.000","Modelo 100% remoto","1"
"2024","Estagiário","Setor de Energia","Acima de 3.000","Modelo híbrido com dias fixos de trabalho presencial","1"
"2024","Estagiário","Tecnologia/Fábrica de Software","de 6 a 10","Modelo 100% presencial","1"
"2024","Empregado (CLT)","Marketing","de 51 a 100","Modelo 100% presencial","1"
"2024","Empreendedor ou Empregado (CNPJ)","Outra Opção","de 1.001 a 3.000","Modelo 100% remoto","1"
"2024","Empreendedor ou Empregado (CNPJ)","Finanças ou Bancos","de 501 a 1.000","Modelo 100% remoto","1"
"2024","Empreendedor ou Empregado (CNPJ)","Setor Público","Acima de 3.000","Modelo híbrido flexível (o funcionário tem liberdade para escolher quando estar no escritório presencialmente)","1"
"2024","Vivo no Brasil e trabalho remoto para empresa de fora do Brasil","Marketing","de 11 a 50","Modelo 100% remoto","1"
"2024","Estagiário","Área de Consultoria","de 51 a 100","Modelo 100% remoto","1"
"2024","Empregado (CLT)","Setor Farmaceutico","de 51 a 100","Modelo 100% presencial","1"
"2024","Empreendedor ou Empregado (CNPJ)","Setor Imobiliário/ Construção Civil","de 51 a 100","Modelo 100% remoto","1"
"2024","Vivo no Brasil e trabalho remoto para empresa de fora do Brasil","Finanças ou Bancos","de 1 a 5","Modelo 100% remoto","1"
"2024","Vivo no Brasil e trabalho remoto para empresa de fora do Brasil","Área da Saúde","de 6 a 10","Modelo 100% remoto","1"
"2024","Empreendedor ou Empregado (CNPJ)","Varejo","de 51 a 100","Modelo 100% remoto","1"
"2024","Vivo no Brasil e trabalho remoto para empresa de fora do Brasil","Setor Automotivo","Acima de 3.000","Modelo 100% remoto","1"
"2024","Freelancer","Outra Opção","de 1 a 5","Modelo 100% remoto","1"
"2024","Vivo fora do Brasil e trabalho para empresa de fora do Brasil","Finanças ou Bancos","de 101 a 500","Modelo 100% remoto","1"
"2024","Prefiro não informar","Indústria","Acima de 3.000","Modelo híbrido com dias fixos de trabalho presencial","1"
"2024","Empreendedor ou Empregado (CNPJ)","Outra Opção","de 51 a 100","Modelo híbrido com dias fixos de trabalho presencial","1"
"2024","Empregado (CLT)","Telecomunicação","de 51 a 100","Modelo híbrido flexível (o funcionário tem liberdade para escolher quando estar no escritório presencialmente)","1"
"2024","Empreendedor ou Empregado (CNPJ)","Marketing","de 11 a 50","Modelo 100% remoto","1"
"2024","Empreendedor ou Empregado (CNPJ)","Internet/Ecommerce","de 101 a 500","Modelo 100% remoto","1"
"2024","Empregado (CLT)","Seguros ou Previdência","de 51 a 100","Modelo 100% remoto","1"
"2024","Vivo no Brasil e trabalho remoto para empresa de fora do Brasil","Seguros ou Previdência","de 51 a 100","Modelo 100% remoto","1"
"2024","Estagiário","Internet/Ecommerce","de 1.001 a 3.000","Modelo híbrido flexível (o funcionário tem liberdade para escolher quando estar no escritório presencialmente)","1"
"2024","Estagiário","Setor de Energia","Acima de 3.000","Modelo híbrido flexível (o funcionário tem liberdade para escolher quando estar no escritório presencialmente)","1"
"2024","Empreendedor ou Empregado (CNPJ)","Indústria","de 501 a 1.000","Modelo híbrido com dias fixos de trabalho presencial","1"
"2024","Vivo no Brasil e trabalho remoto para empresa de fora do Brasil","Área de Consultoria","de 1 a 5","Modelo 100% remoto","1"
"2024","Desempregado e não estou buscando recolocação","Educação","de 51 a 100","Modelo híbrido flexível (o funcionário tem liberdade para escolher quando estar no escritório presencialmente)","1"
"2024","Estagiário","Finanças ou Bancos","de 1.001 a 3.000","Modelo híbrido flexível (o funcionário tem liberdade para escolher quando estar no escritório presencialmente)","1"
"2024","Estagiário","Setor de Energia","Acima de 3.000","Modelo 100% presencial","1"
"2024","Vivo fora do Brasil e trabalho para empresa de fora do Brasil","Setor Automotivo","Acima de 3.000","Modelo híbrido flexível (o funcionário tem liberdade para escolher quando estar no escritório presencialmente)","1"
"2024","Empreendedor ou Empregado (CNPJ)","Área de Consultoria","de 51 a 100","Modelo 100% presencial","1"
"2024","Freelancer","Área da Saúde","de 6 a 10","Modelo 100% remoto","1"
"2024","Vivo fora do Brasil e trabalho para empresa de fora do Brasil","Seguros ou Previdência","de 501 a 1.000","Modelo 100% remoto","1"
"2024","Servidor Público","Educação","de 1 a 5","Modelo 100% presencial","1"
"2024","Servidor Público","Área da Saúde","Acima de 3.000","Modelo 100% presencial","1"
"2024","Empregado (CLT)","Seguros ou Previdência","de 11 a 50","Modelo 100% presencial","1"
"2024","Estagiário","Tecnologia/Fábrica de Software","de 11 a 50","Modelo híbrido flexível (o funcionário tem liberdade para escolher quando estar no escritório presencialmente)","1"
"2024","Empreendedor ou Empregado (CNPJ)","Filantropia/ONG's","de 6 a 10","Modelo 100% remoto","1"
"2024","Servidor Público","Setor Farmaceutico","de 1.001 a 3.000","Modelo 100% remoto","1"
"2024","Vivo fora do Brasil e trabalho para empresa de fora do Brasil","Finanças ou Bancos","de 51 a 100","Modelo híbrido com dias fixos de trabalho presencial","1"
"2024","Empregado (CLT)","Filantropia/ONG's","Acima de 3.000","Modelo 100% presencial","1"
"2024","Empreendedor ou Empregado (CNPJ)","Área de Consultoria","de 11 a 50","Modelo híbrido com dias fixos de trabalho presencial","1"
"2024","Empreendedor ou Empregado (CNPJ)","Marketing","de 6 a 10","Modelo 100% remoto","1"
"2024","Freelancer","Filantropia/ONG's","de 501 a 1.000","Modelo 100% remoto","1"
"2024","Vivo fora do Brasil e trabalho para empresa de fora do Brasil","Seguros ou Previdência","de 51 a 100","Modelo híbrido com dias fixos de trabalho presencial","1"
"2024","Desempregado e não estou buscando recolocação","Finanças ou Bancos","de 501 a 1.000","Modelo 100% remoto","1"
"2024","Estagiário","Marketing","de 101 a 500","Modelo 100% remoto","1"
"2024","Vivo no Brasil e trabalho remoto para empresa de fora do Brasil","Outra Opção","Acima de 3.000","Modelo 100% remoto","1"
"2024","Empregado (CLT)","Finanças ou Bancos","de 1 a 5","Modelo híbrido com dias fixos de trabalho presencial","1"
"2024","Empreendedor ou Empregado (CNPJ)","Finanças ou Bancos","de 11 a 50","Modelo 100% presencial","1"
"2024","Empreendedor ou Empregado (CNPJ)","Área de Consultoria","de 6 a 10","Modelo híbrido com dias fixos de trabalho presencial","1"
"2024","Vivo no Brasil e trabalho remoto para empresa de fora do Brasil","Indústria","de 1 a 5","Modelo 100% remoto","1"
"2024","Empreendedor ou Empregado (CNPJ)","Área da Saúde","de 11 a 50","Modelo híbrido flexível (o funcionário tem liberdade para escolher quando estar no escritório presencialmente)","1"
"2024","Empregado (CLT)","Setor Público","de 501 a 1.000","Modelo 100% remoto","1"
"2024","Empreendedor ou Empregado (CNPJ)","Setor Imobiliário/ Construção Civil","de 101 a 500","Modelo híbrido flexível (o funcionário tem liberdade para escolher quando estar no escritório presencialmente)","1"
"2024","Vivo fora do Brasil e trabalho para empresa de fora do Brasil","Finanças ou Bancos","de 501 a 1.000","Modelo híbrido flexível (o funcionário tem liberdade para escolher quando estar no escritório presencialmente)","1"
"2024","Empreendedor ou Empregado (CNPJ)","Telecomunicação","de 11 a 50","Modelo 100% remoto","1"
"2024","Estagiário","Tecnologia/Fábrica de Software","de 101 a 500","Modelo híbrido flexível (o funcionário tem liberdade para escolher quando estar no escritório presencialmente)","1"
"2024","Empreendedor ou Empregado (CNPJ)","Educação","de 101 a 500","Modelo 100% remoto","1"
"2024","Prefiro não informar","Educação","de 501 a 1.000","Modelo 100% remoto","1"
"2024","Empregado (CLT)","Internet/Ecommerce","de 11 a 50","Modelo 100% presencial","1"
"2024","Empregado (CLT)","Setor Alimentício","de 1 a 5","Modelo 100% remoto","1"
"2024","Vivo no Brasil e trabalho remoto para empresa de fora do Brasil","Tecnologia/Fábrica de Software","de 101 a 500","Modelo híbrido flexível (o funcionário tem liberdade para escolher quando estar no escritório presencialmente)","1"
"2024","Empregado (CLT)","Agronegócios","de 1 a 5","Modelo 100% remoto","1"
"2024","Empregado (CLT)","Setor de Energia","de 501 a 1.000","Modelo híbrido flexível (o funcionário tem liberdade para escolher quando estar no escritório presencialmente)","1"
"2024","Empregado (CLT)","Marketing","de 1 a 5","Modelo 100% remoto","1"
"2024","Empregado (CLT)","Finanças ou Bancos","de 6 a 10","Modelo 100% presencial","1"
"2024","Empregado (CLT)","Varejo","de 11 a 50","Modelo 100% presencial","1"
"2024","Empregado (CLT)","Setor de Energia","de 101 a 500","Modelo 100% remoto","1"
"2024","Empreendedor ou Empregado (CNPJ)","Setor Alimentício","de 11 a 50","Modelo 100% remoto","1"
"2024","Empregado (CLT)","Marketing","de 11 a 50","Modelo híbrido flexível (o funcionário tem liberdade para escolher quando estar no escritório presencialmente)","1"
"2024","Freelancer","Área de Consultoria","de 6 a 10","Modelo 100% remoto","1"
"2024","Estagiário","Área de Consultoria","Acima de 3.000","Modelo 100% remoto","1"
"2024","Vivo no Brasil e trabalho remoto para empresa de fora do Brasil","Varejo","de 1.001 a 3.000","Modelo 100% remoto","1"
"2024","Empreendedor ou Empregado (CNPJ)","Setor Automotivo","de 101 a 500","Modelo 100% presencial","1"
"2024","Freelancer","Outra Opção","de 11 a 50","Modelo 100% remoto","1"
"2024","Estagiário","Indústria","Acima de 3.000","Modelo híbrido com dias fixos de trabalho presencial","1"
"2024","Freelancer","Área da Saúde","de 1.001 a 3.000","Modelo 100% presencial","1"
"2024","Empregado (CLT)","Área de Consultoria","de 6 a 10","Modelo híbrido flexível (o funcionário tem liberdade para escolher quando estar no escritório presencialmente)","1"
"2024","Vivo no Brasil e trabalho remoto para empresa de fora do Brasil","Finanças ou Bancos","de 6 a 10","Modelo híbrido com dias fixos de trabalho presencial","1"
"2024","Empregado (CLT)","Área da Saúde","de 51 a 100","Modelo híbrido com dias fixos de trabalho presencial","1"
"2024","Estagiário","Indústria","de 11 a 50","Modelo 100% remoto","1"
"2024","Empregado (CLT)","Entretenimento ou Esportes","de 1.001 a 3.000","Modelo 100% remoto","1"
"2024","Empreendedor ou Empregado (CNPJ)","Agronegócios","de 1.001 a 3.000","Modelo 100% remoto","1"
"2024","Prefiro não informar","Educação","de 1 a 5","Modelo 100% presencial","1"
"2024","Empreendedor ou Empregado (CNPJ)","Setor Público","de 51 a 100","Modelo 100% remoto","1"
"2024","Vivo fora do Brasil e trabalho para empresa de fora do Brasil","Tecnologia/Fábrica de Software","de 6 a 10","Modelo híbrido flexível (o funcionário tem liberdade para escolher quando estar no escritório presencialmente)","1"
"2024","Estagiário","Agronegócios","de 11 a 50","Modelo 100% presencial","1"
"2024","Servidor Público","Educação","Acima de 3.000","Modelo 100% remoto","1"
"2024","Empreendedor ou Empregado (CNPJ)","Setor Imobiliário/ Construção Civil","de 6 a 10","Modelo 100% presencial","1"
"2024","Estagiário","Telecomunicação","de 101 a 500","Modelo híbrido com dias fixos de trabalho presencial","1"
"2024","Estagiário","Agronegócios","de 101 a 500","Modelo 100% presencial","1"
"2024","Empregado (CLT)","Telecomunicação","de 501 a 1.000","Modelo híbrido com dias fixos de trabalho presencial","1"
"2024","Estagiário","Área de Consultoria","de 51 a 100","Modelo híbrido com dias fixos de trabalho presencial","1"
"2024","Estagiário","Educação","de 1 a 5","Modelo 100% remoto","1"
"2024","Empregado (CLT)","Agronegócios","de 51 a 100","Modelo 100% presencial","1"
"2024","Empreendedor ou Empregado (CNPJ)","Varejo","de 1 a 5","Modelo híbrido flexível (o funcionário tem liberdade para escolher quando estar no escritório presencialmente)","1"
"2024","Empreendedor ou Empregado (CNPJ)","Entretenimento ou Esportes","de 6 a 10","Modelo 100% remoto","1"
"2024","Servidor Público","Educação","de 1.001 a 3.000","Modelo híbrido com dias fixos de trabalho presencial","1"
"2024","Empregado (CLT)","Setor Imobiliário/ Construção Civil","de 11 a 50","Modelo 100% presencial","1"
"2024","Empregado (CLT)","Setor Imobiliário/ Construção Civil","de 501 a 1.000","Modelo híbrido flexível (o funcionário tem liberdade para escolher quando estar no escritório presencialmente)","1"
"2024","Empreendedor ou Empregado (CNPJ)","Educação","de 501 a 1.000","Modelo 100% presencial","1"
"2024","Empregado (CLT)","Internet/Ecommerce","de 1 a 5","Modelo híbrido com dias fixos de trabalho presencial","1"
"2024","Empregado (CLT)","Entretenimento ou Esportes","de 1.001 a 3.000","Modelo híbrido com dias fixos de trabalho presencial","1"
"2024","Empreendedor ou Empregado (CNPJ)","Setor Imobiliário/ Construção Civil","de 1 a 5","Modelo 100% remoto","1"
"2024","Vivo no Brasil e trabalho remoto para empresa de fora do Brasil","Varejo","de 101 a 500","Modelo 100% remoto","1"
"2024","Empregado (CLT)","Área de Consultoria","de 1.001 a 3.000","Modelo 100% presencial","1"
"2024","Empregado (CLT)","Setor Alimentício","de 101 a 500","Modelo 100% remoto","1"
"2024","Empreendedor ou Empregado (CNPJ)","Setor Imobiliário/ Construção Civil","de 1 a 5","Modelo híbrido flexível (o funcionário tem liberdade para escolher quando estar no escritório presencialmente)","1"
"2024","Estagiário","Outra Opção","Acima de 3.000","Modelo 100% remoto","1"
"2024","Empregado (CLT)","Setor Imobiliário/ Construção Civil","de 51 a 100","Modelo híbrido flexível (o funcionário tem liberdade para escolher quando estar no escritório presencialmente)","1"
"2024","Vivo no Brasil e trabalho remoto para empresa de fora do Brasil","Indústria","Acima de 3.000","Modelo 100% remoto","1"
"2024","Vivo fora do Brasil e trabalho para empresa de fora do Brasil","Tecnologia/Fábrica de Software","Acima de 3.000","Modelo híbrido com dias fixos de trabalho presencial","1"
"2024","Empreendedor ou Empregado (CNPJ)","Internet/Ecommerce","de 101 a 500","Modelo híbrido com dias fixos de trabalho presencial","1"
"2024","Vivo no Brasil e trabalho remoto para empresa de fora do Brasil","Marketing","de 11 a 50","Modelo 100% presencial","1"
"2024","Empreendedor ou Empregado (CNPJ)","Setor Imobiliário/ Construção Civil","de 11 a 50","Modelo 100% remoto","1"
"2024","Empregado (CLT)","Seguros ou Previdência","de 501 a 1.000","Modelo 100% presencial","1"
"2024","Vivo no Brasil e trabalho remoto para empresa de fora do Brasil","Área de Consultoria","Acima de 3.000","Modelo híbrido flexível (o funcionário tem liberdade para escolher quando estar no escritório presencialmente)","1"
"2024","Freelancer","Educação","de 101 a 500","Modelo 100% presencial","1"
"2024","Estagiário","Outra Opção","de 51 a 100","Modelo híbrido com dias fixos de trabalho presencial","1"
"2024","Empreendedor ou Empregado (CNPJ)","Indústria","de 1 a 5","Modelo 100% remoto","1"
"2024","Empregado (CLT)","Marketing","de 501 a 1.000","Modelo híbrido com dias fixos de trabalho presencial","1"
"2024","Vivo fora do Brasil e trabalho para empresa de fora do Brasil","Varejo","de 1.001 a 3.000","Modelo 100% remoto","1"
"2024","Servidor Público","Educação","de 1 a 5","Modelo híbrido com dias fixos de trabalho presencial","1"
"2024","Empreendedor ou Empregado (CNPJ)","Setor Imobiliário/ Construção Civil","de 501 a 1.000","Modelo híbrido com dias fixos de trabalho presencial","1"
"2024","Vivo fora do Brasil e trabalho para empresa de fora do Brasil","Agronegócios","de 501 a 1.000","Modelo 100% remoto","1"
"2024","Vivo fora do Brasil e trabalho para empresa de fora do Brasil","Área da Saúde","Acima de 3.000","Modelo 100% remoto","1"
"2024","Empreendedor ou Empregado (CNPJ)","Setor de Energia","de 51 a 100","Modelo 100% presencial","1"
"2024","Estagiário","Tecnologia/Fábrica de Software","de 1.001 a 3.000","Modelo híbrido com dias fixos de trabalho presencial","1"
"2024","Empreendedor ou Empregado (CNPJ)","Setor de Energia","Acima de 3.000","Modelo 100% presencial","1"
"2024","Vivo fora do Brasil e trabalho para empresa de fora do Brasil","Área de Consultoria","Acima de 3.000","Modelo híbrido flexível (o funcionário tem liberdade para escolher quando estar no escritório presencialmente)","1"
"2024","Empregado (CLT)","Marketing","de 51 a 100","Modelo híbrido com dias fixos de trabalho presencial","1"
"2024","Prefiro não informar","Marketing","de 101 a 500","Modelo 100% presencial","1"
"2024","Vivo no Brasil e trabalho remoto para empresa de fora do Brasil","Tecnologia/Fábrica de Software","de 6 a 10","Modelo 100% remoto","1"
"2024","Empreendedor ou Empregado (CNPJ)","Indústria","de 1.001 a 3.000","Modelo híbrido com dias fixos de trabalho presencial","1"
"2024","Vivo no Brasil e trabalho remoto para empresa de fora do Brasil","Tecnologia/Fábrica de Software","de 11 a 50","Modelo híbrido flexível (o funcionário tem liberdade para escolher quando estar no escritório presencialmente)","1"
"2024","Estagiário","Indústria","de 101 a 500","Modelo 100% presencial","1"
"2024","Empreendedor ou Empregado (CNPJ)","Filantropia/ONG's","de 1 a 5","Modelo híbrido flexível (o funcionário tem liberdade para escolher quando estar no escritório presencialmente)","1"
"2024","Empreendedor ou Empregado (CNPJ)","Setor Alimentício","de 501 a 1.000","Modelo híbrido flexível (o funcionário tem liberdade para escolher quando estar no escritório presencialmente)","1"
"2024","Empregado (CLT)","Educação","de 11 a 50","Modelo 100% presencial","1"
"2024","Empregado (CLT)","Indústria","de 51 a 100","Modelo híbrido flexível (o funcionário tem liberdade para escolher quando estar no escritório presencialmente)","1"
"2024","Empreendedor ou Empregado (CNPJ)","Varejo","de 51 a 100","Modelo híbrido com dias fixos de trabalho presencial","1"
"2024","Empreendedor ou Empregado (CNPJ)","Outra Opção","de 51 a 100","Modelo híbrido flexível (o funcionário tem liberdade para escolher quando estar no escritório presencialmente)","1"
"2024","Empregado (CLT)","Telecomunicação","de 11 a 50","Modelo híbrido com dias fixos de trabalho presencial","1"
"2024","Empreendedor ou Empregado (CNPJ)","Outra Opção","de 6 a 10","Modelo híbrido flexível (o funcionário tem liberdade para escolher quando estar no escritório presencialmente)","1"
"2024","Estagiário","Finanças ou Bancos","de 501 a 1.000","Modelo híbrido flexível (o funcionário tem liberdade para escolher quando estar no escritório presencialmente)","1"
"2024","Vivo fora do Brasil e trabalho para empresa de fora do Brasil","Setor de Energia","de 101 a 500","Modelo híbrido flexível (o funcionário tem liberdade para escolher quando estar no escritório presencialmente)","1"
"2024","Empreendedor ou Empregado (CNPJ)","Internet/Ecommerce","de 11 a 50","Modelo 100% remoto","1"
"2024","Empreendedor ou Empregado (CNPJ)","Setor Automotivo","Acima de 3.000","Modelo híbrido com dias fixos de trabalho presencial","1"
"2024","Estagiário","Outra Opção","de 501 a 1.000","Modelo híbrido flexível (o funcionário tem liberdade para escolher quando estar no escritório presencialmente)","1"
"2024","Prefiro não informar","Outra Opção","de 101 a 500","Modelo 100% presencial","1"
"2024","Freelancer","Marketing","de 1 a 5","Modelo 100% remoto","1"
"2024","Empreendedor ou Empregado (CNPJ)","Seguros ou Previdência","de 51 a 100","Modelo híbrido flexível (o funcionário tem liberdade para escolher quando estar no escritório presencialmente)","1"
"2024","Estagiário","Setor Alimentício","Acima de 3.000","Modelo 100% presencial","1"
"2024","Estagiário","Marketing","de 101 a 500","Modelo híbrido flexível (o funcionário tem liberdade para escolher quando estar no escritório presencialmente)","1"
"2024","Empreendedor ou Empregado (CNPJ)","Telecomunicação","de 51 a 100","Modelo 100% remoto","1"
"2024","Empreendedor ou Empregado (CNPJ)","Finanças ou Bancos","Acima de 3.000","Modelo híbrido com dias fixos de trabalho presencial","1"
"2024","Empregado (CLT)","Agronegócios","de 11 a 50","Modelo 100% presencial","1"
"2024","Empregado (CLT)","Varejo","de 51 a 100","Modelo 100% remoto","1"
"2024","Empreendedor ou Empregado (CNPJ)","Internet/Ecommerce","de 51 a 100","Modelo 100% remoto","1"
"2024","Empreendedor ou Empregado (CNPJ)","Indústria","de 1.001 a 3.000","Modelo 100% presencial","1"
"2024","Empreendedor ou Empregado (CNPJ)","Setor Imobiliário/ Construção Civil","de 1.001 a 3.000","Modelo híbrido flexível (o funcionário tem liberdade para escolher quando estar no escritório presencialmente)","1"
"2024","Empreendedor ou Empregado (CNPJ)","Telecomunicação","Acima de 3.000","Modelo híbrido flexível (o funcionário tem liberdade para escolher quando estar no escritório presencialmente)","1"
"2024","Empreendedor ou Empregado (CNPJ)","Varejo","Acima de 3.000","Modelo híbrido flexível (o funcionário tem liberdade para escolher quando estar no escritório presencialmente)","1"
"2024","Empregado (CLT)","Finanças ou Bancos","de 6 a 10","Modelo 100% remoto","1"
"2024","Empreendedor ou Empregado (CNPJ)","Educação","de 11 a 50","Modelo híbrido flexível (o funcionário tem liberdade para escolher quando estar no escritório presencialmente)","1"
"2024","Empreendedor ou Empregado (CNPJ)","Setor Farmaceutico","de 11 a 50","Modelo 100% presencial","1"
"2024","Empregado (CLT)","Área de Consultoria","de 1 a 5","Modelo híbrido com dias fixos de trabalho presencial","1"
"2024","Empregado (CLT)","Entretenimento ou Esportes","de 101 a 500","Modelo 100% presencial","1"
"2024","Estagiário","Área de Consultoria","de 1 a 5","Modelo híbrido com dias fixos de trabalho presencial","1"
"2024","Empreendedor ou Empregado (CNPJ)","Entretenimento ou Esportes","de 501 a 1.000","Modelo 100% presencial","1"
"2024","Empregado (CLT)","Filantropia/ONG's","de 11 a 50","Modelo híbrido flexível (o funcionário tem liberdade para escolher quando estar no escritório presencialmente)","1"
"2024","Empreendedor ou Empregado (CNPJ)","Indústria","Acima de 3.000","Modelo híbrido com dias fixos de trabalho presencial","1"
"2024","Empregado (CLT)","Seguros ou Previdência","de 501 a 1.000","Modelo híbrido com dias fixos de trabalho presencial","1"
"2024","Empreendedor ou Empregado (CNPJ)","Educação","de 51 a 100","Modelo híbrido flexível (o funcionário tem liberdade para escolher quando estar no escritório presencialmente)","1"
"2024","Empreendedor ou Empregado (CNPJ)","Indústria","Acima de 3.000","Modelo 100% presencial","1"
"2024","Empregado (CLT)","Área de Consultoria","de 11 a 50","Modelo 100% presencial","1"
"2024","Estagiário","Setor Alimentício","de 11 a 50","Modelo 100% presencial","1"
"2024","Empregado (CLT)","Indústria","de 1 a 5","Modelo 100% presencial","1"
"2024","Vivo fora do Brasil e trabalho para empresa de fora do Brasil","Marketing","de 51 a 100","Modelo híbrido flexível (o funcionário tem liberdade para escolher quando estar no escritório presencialmente)","1"
"2024","Empreendedor ou Empregado (CNPJ)","Varejo","de 501 a 1.000","Modelo 100% presencial","1"
"2024","Empregado (CLT)","Seguros ou Previdência","de 501 a 1.000","Modelo 100% remoto","1"
"2024","Estagiário","Setor Público","de 101 a 500","Modelo híbrido com dias fixos de trabalho presencial","1"
"2024","Empreendedor ou Empregado (CNPJ)","Varejo","de 101 a 500","Modelo híbrido flexível (o funcionário tem liberdade para escolher quando estar no escritório presencialmente)","1"
"2024","Empregado (CLT)","Setor Farmaceutico","de 501 a 1.000","Modelo híbrido com dias fixos de trabalho presencial","1"
"2024","Servidor Público","Educação","de 501 a 1.000","Modelo 100% presencial","1"
"2024","Freelancer","Setor de Energia","de 51 a 100","Modelo 100% presencial","1"
"2024","Vivo fora do Brasil e trabalho para empresa de fora do Brasil","Tecnologia/Fábrica de Software","de 1.001 a 3.000","Modelo híbrido com dias fixos de trabalho presencial","1"
"2024","Estagiário","Setor Público","de 11 a 50","Modelo 100% remoto","1"
"2024","Estagiário","Tecnologia/Fábrica de Software","de 101 a 500","Modelo híbrido com dias fixos de trabalho presencial","1"
"2024","Empreendedor ou Empregado (CNPJ)","Setor Imobiliário/ Construção Civil","de 501 a 1.000","Modelo 100% remoto","1"
"2024","Empreendedor ou Empregado (CNPJ)","Internet/Ecommerce","de 11 a 50","Modelo híbrido flexível (o funcionário tem liberdade para escolher quando estar no escritório presencialmente)","1"
"2024","Empregado (CLT)","Setor Farmaceutico","Acima de 3.000","Modelo 100% presencial","1"
"2024","Empregado (CLT)","Indústria","de 1.001 a 3.000","Modelo 100% remoto","1"
"2024","Empregado (CLT)","Setor Automotivo","de 501 a 1.000","Modelo híbrido com dias fixos de trabalho presencial","1"
"2024","Empreendedor ou Empregado (CNPJ)","Setor Público","de 11 a 50","Modelo híbrido com dias fixos de trabalho presencial","1"
"2024","Servidor Público","Área da Saúde","Acima de 3.000","Modelo 100% remoto","1"
"2024","Empreendedor ou Empregado (CNPJ)","Varejo","de 1 a 5","Modelo 100% presencial","1"
"2024","Vivo fora do Brasil e trabalho para empresa de fora do Brasil","Área de Consultoria","de 51 a 100","Modelo 100% remoto","1"
"2024","Empreendedor ou Empregado (CNPJ)","Setor de Energia","de 51 a 100","Modelo híbrido com dias fixos de trabalho presencial","1"
"2024","Estagiário","Entretenimento ou Esportes","Acima de 3.000","Modelo 100% presencial","1"
"2024","Vivo fora do Brasil e trabalho para empresa de fora do Brasil","Telecomunicação","Acima de 3.000","Modelo 100% remoto","1"
"2024","Vivo no Brasil e trabalho remoto para empresa de fora do Brasil","Telecomunicação","Acima de 3.000","Modelo híbrido flexível (o funcionário tem liberdade para escolher quando estar no escritório presencialmente)","1"
"2024","Empregado (CLT)","Marketing","de 6 a 10","Modelo 100% presencial","1"
"2024","Empregado (CLT)","Marketing","de 1.001 a 3.000","Modelo 100% remoto","1"
"2024","Vivo no Brasil e trabalho remoto para empresa de fora do Brasil","Finanças ou Bancos","de 1.001 a 3.000","Modelo 100% remoto","1"
"2024","Empreendedor ou Empregado (CNPJ)","Agronegócios","de 11 a 50","Modelo híbrido flexível (o funcionário tem liberdade para escolher quando estar no escritório presencialmente)","1"
"2024","Empreendedor ou Empregado (CNPJ)","Agronegócios","de 101 a 500","Modelo 100% remoto","1"
"2024","Desempregado e não estou buscando recolocação","Finanças ou Bancos","de 1.001 a 3.000","Modelo 100% remoto","1"
"2024","Empregado (CLT)","Filantropia/ONG's","de 1.001 a 3.000","Modelo 100% remoto","1"
"2024","Prefiro não informar","Área de Consultoria","de 6 a 10","Modelo híbrido flexível (o funcionário tem liberdade para escolher quando estar no escritório presencialmente)","1"
"2024","Vivo no Brasil e trabalho remoto para empresa de fora do Brasil","Setor Automotivo","de 51 a 100","Modelo 100% remoto","1"
"2024","Freelancer","Finanças ou Bancos","Acima de 3.000","Modelo 100% remoto","1"
"2024","Empreendedor ou Empregado (CNPJ)","Área de Consultoria","de 1.001 a 3.000","Modelo 100% presencial","1"
"2024","Empreendedor ou Empregado (CNPJ)","Educação","de 501 a 1.000","Modelo 100% remoto","1"
"2024","Vivo no Brasil e trabalho remoto para empresa de fora do Brasil","Setor Automotivo","Acima de 3.000","Modelo híbrido flexível (o funcionário tem liberdade para escolher quando estar no escritório presencialmente)","1"
"2024","Vivo fora do Brasil e trabalho para empresa de fora do Brasil","Tecnologia/Fábrica de Software","de 501 a 1.000","Modelo híbrido flexível (o funcionário tem liberdade para escolher quando estar no escritório presencialmente)","1"
"2024","Vivo fora do Brasil e trabalho para empresa de fora do Brasil","Área da Saúde","de 1.001 a 3.000","Modelo híbrido flexível (o funcionário tem liberdade para escolher quando estar no escritório presencialmente)","1"
"2024","Empreendedor ou Empregado (CNPJ)","Varejo","Acima de 3.000","Modelo híbrido com dias fixos de trabalho presencial","1"
"2024","Estagiário","Internet/Ecommerce","de 501 a 1.000","Modelo 100% remoto","1"
"2024","Empreendedor ou Empregado (CNPJ)","Educação","de 101 a 500","Modelo híbrido flexível (o funcionário tem liberdade para escolher quando estar no escritório presencialmente)","1"
"2024","Empregado (CLT)","Filantropia/ONG's","de 101 a 500","Modelo híbrido com dias fixos de trabalho presencial","1"
"2024","Servidor Público","Tecnologia/Fábrica de Software","de 101 a 500","Modelo 100% presencial","1"
"2024","Empregado (CLT)","Entretenimento ou Esportes","de 11 a 50","Modelo 100% presencial","1"
"2024","Empregado (CLT)","Internet/Ecommerce","de 1 a 5","Modelo 100% presencial","1"
"2024","Freelancer","Outra Opção","de 1 a 5","Modelo híbrido com dias fixos de trabalho presencial","1"
"2024","Empreendedor ou Empregado (CNPJ)","Finanças ou Bancos","de 501 a 1.000","Modelo 100% presencial","1"
"2024","Vivo fora do Brasil e trabalho para empresa de fora do Brasil","Área de Consultoria","de 11 a 50","Modelo 100% remoto","1"
"2024","Vivo fora do Brasil e trabalho para empresa de fora do Brasil","Tecnologia/Fábrica de Software","de 11 a 50","Modelo híbrido com dias fixos de trabalho presencial","1"
"2024","Empregado (CLT)","Seguros ou Previdência","de 1.001 a 3.000","Modelo híbrido flexível (o funcionário tem liberdade para escolher quando estar no escritório presencialmente)","1"
"2024","Empregado (CLT)","Telecomunicação","de 1.001 a 3.000","Modelo 100% presencial","1"
"2024","Empreendedor ou Empregado (CNPJ)","Tecnologia/Fábrica de Software","de 1.001 a 3.000","Modelo 100% remoto","1"
"2024","Empreendedor ou Empregado (CNPJ)","Setor de Energia","de 51 a 100","Modelo 100% remoto","1"
"2024","Vivo no Brasil e trabalho remoto para empresa de fora do Brasil","Filantropia/ONG's","Acima de 3.000","Modelo 100% presencial","1"
"2024","Prefiro não informar","Finanças ou Bancos","de 1 a 5","Modelo híbrido com dias fixos de trabalho presencial","1"
"2024","Empreendedor ou Empregado (CNPJ)","Setor Imobiliário/ Construção Civil","de 51 a 100","Modelo híbrido flexível (o funcionário tem liberdade para escolher quando estar no escritório presencialmente)","1"
"2024","Empreendedor ou Empregado (CNPJ)","Setor Imobiliário/ Construção Civil","de 101 a 500","Modelo 100% presencial","1"
"2024","Vivo fora do Brasil e trabalho para empresa de fora do Brasil","Tecnologia/Fábrica de Software","de 6 a 10","Modelo híbrido com dias fixos de trabalho presencial","1"
"2024","Empreendedor ou Empregado (CNPJ)","Finanças ou Bancos","de 6 a 10","Modelo 100% presencial","1"
"2024","Vivo fora do Brasil e trabalho para empresa de fora do Brasil","Outra Opção","de 101 a 500","Modelo híbrido com dias fixos de trabalho presencial","1"
"2024","Freelancer","Tecnologia/Fábrica de Software","de 51 a 100","Modelo híbrido flexível (o funcionário tem liberdade para escolher quando estar no escritório presencialmente)","1"
"2024","Freelancer","Outra Opção","de 101 a 500","Modelo híbrido flexível (o funcionário tem liberdade para escolher quando estar no escritório presencialmente)","1"
"2024","Servidor Público","Educação","de 51 a 100","Modelo híbrido com dias fixos de trabalho presencial","1"
"2024","Empregado (CLT)","Setor de Energia","de 1 a 5","Modelo 100% remoto","1"
"2024","Desempregado e não estou buscando recolocação","Marketing","Acima de 3.000","Modelo 100% presencial","1"
"2024","Empreendedor ou Empregado (CNPJ)","Entretenimento ou Esportes","de 1 a 5","Modelo híbrido flexível (o funcionário tem liberdade para escolher quando estar no escritório presencialmente)","1"
"2024","Freelancer","Outra Opção","de 1 a 5","Modelo 100% presencial","1"
"2024","Vivo no Brasil e trabalho remoto para empresa de fora do Brasil","Seguros ou Previdência","de 101 a 500","Modelo 100% remoto","1"
"2024","Estagiário","Outra Opção","de 51 a 100","Modelo 100% presencial","1"
"2024","Empregado (CLT)","Setor Automotivo","de 1.001 a 3.000","Modelo híbrido com dias fixos de trabalho presencial","1"
"2024","Estagiário","Outra Opção","de 6 a 10","Modelo híbrido com dias fixos de trabalho presencial","1"
"2024","Empregado (CLT)","Setor Público","de 101 a 500","Modelo híbrido flexível (o funcionário tem liberdade para escolher quando estar no escritório presencialmente)","1"
"2024","Empregado (CLT)","Telecomunicação","de 1.001 a 3.000","Modelo híbrido flexível (o funcionário tem liberdade para escolher quando estar no escritório presencialmente)","1"
"2024","Estagiário","Setor de Energia","de 51 a 100","Modelo híbrido com dias fixos de trabalho presencial","1"
"2024","Empreendedor ou Empregado (CNPJ)","Varejo","de 101 a 500","Modelo 100% presencial","1"
"2024","Vivo fora do Brasil e trabalho para empresa de fora do Brasil","Outra Opção","Acima de 3.000","Modelo híbrido flexível (o funcionário tem liberdade para escolher quando estar no escritório presencialmente)","1"
"2024","Empreendedor ou Empregado (CNPJ)","Finanças ou Bancos","de 51 a 100","Modelo híbrido com dias fixos de trabalho presencial","1"
"2024","Freelancer","Outra Opção","de 101 a 500","Modelo 100% remoto","1"
"2024","Estagiário","Internet/Ecommerce","Acima de 3.000","Modelo 100% remoto","1"
"2024","Empregado (CLT)","Setor Imobiliário/ Construção Civil","de 101 a 500","Modelo 100% remoto","1"
"2024","Estagiário","Agronegócios","Acima de 3.000","Modelo híbrido com dias fixos de trabalho presencial","1"
"2024","Estagiário","Tecnologia/Fábrica de Software","de 51 a 100","Modelo híbrido flexível (o funcionário tem liberdade para escolher quando estar no escritório presencialmente)","1"
"2024","Vivo fora do Brasil e trabalho para empresa de fora do Brasil","Tecnologia/Fábrica de Software","de 11 a 50","Modelo híbrido flexível (o funcionário tem liberdade para escolher quando estar no escritório presencialmente)","1"
"2024","Empreendedor ou Empregado (CNPJ)","Outra Opção","de 6 a 10","Modelo 100% remoto","1"
"2024","Servidor Público","Setor Público","de 101 a 500","Modelo 100% remoto","1"
"2024","Empreendedor ou Empregado (CNPJ)","Finanças ou Bancos","de 6 a 10","Modelo híbrido flexível (o funcionário tem liberdade para escolher quando estar no escritório presencialmente)","1"
"2024","Empreendedor ou Empregado (CNPJ)","Outra Opção","de 1.001 a 3.000","Modelo 100% presencial","1"
"2024","Estagiário","Finanças ou Bancos","de 101 a 500","Modelo 100% presencial","1"
"2024","Desempregado e não estou buscando recolocação","Tecnologia/Fábrica de Software","de 1.001 a 3.000","Modelo 100% remoto","1"
"2024","Servidor Público","Área da Saúde","de 11 a 50","Modelo 100% presencial","1"
"2024","Freelancer","Indústria","de 1 a 5","Modelo híbrido com dias fixos de trabalho presencial","1"
"2024","Estagiário","Setor Farmaceutico","Acima de 3.000","Modelo 100% presencial","1"
"2024","Estagiário","Outra Opção","de 501 a 1.000","Modelo 100% presencial","1"
"2024","Empregado (CLT)","Agronegócios","de 101 a 500","Modelo híbrido com dias fixos de trabalho presencial","1"
"2024","Empreendedor ou Empregado (CNPJ)","Educação","de 1 a 5","Modelo 100% remoto","1"
"2024","Vivo fora do Brasil e trabalho para empresa de fora do Brasil","Internet/Ecommerce","Acima de 3.000","Modelo híbrido flexível (o funcionário tem liberdade para escolher quando estar no escritório presencialmente)","1"
"2024","Empregado (CLT)","Agronegócios","de 1 a 5","Modelo híbrido com dias fixos de trabalho presencial","1"
"2024","Empreendedor ou Empregado (CNPJ)","Seguros ou Previdência","de 101 a 500","Modelo híbrido flexível (o funcionário tem liberdade para escolher quando estar no escritório presencialmente)","1"
"2024","Empreendedor ou Empregado (CNPJ)","Finanças ou Bancos","de 6 a 10","Modelo 100% remoto","1"
"2024","Freelancer","Filantropia/ONG's","de 6 a 10","Modelo 100% remoto","1"
"2024","Estagiário","Filantropia/ONG's","de 101 a 500","Modelo híbrido flexível (o funcionário tem liberdade para escolher quando estar no escritório presencialmente)","1"
"2024","Empregado (CLT)","Setor Público","de 51 a 100","Modelo 100% presencial","1"
"2024","Vivo fora do Brasil e trabalho para empresa de fora do Brasil","Entretenimento ou Esportes","de 1.001 a 3.000","Modelo híbrido com dias fixos de trabalho presencial","1"
"2024","Prefiro não informar","Setor Imobiliário/ Construção Civil","de 51 a 100","Modelo 100% presencial","1"
"2024","Empregado (CLT)","Entretenimento ou Esportes","de 501 a 1.000","Modelo 100% presencial","1"
"2024","Estagiário","Setor Farmaceutico","Acima de 3.000","Modelo 100% remoto","1"
"2024","Vivo fora do Brasil e trabalho para empresa de fora do Brasil","Setor Público","Acima de 3.000","Modelo híbrido com dias fixos de trabalho presencial","1"
"2024","Empregado (CLT)","Telecomunicação","de 501 a 1.000","Modelo híbrido flexível (o funcionário tem liberdade para escolher quando estar no escritório presencialmente)","1"
"2024","Empregado (CLT)","Setor Alimentício","de 11 a 50","Modelo 100% remoto","1"
"2024","Freelancer","Educação","de 11 a 50","Modelo 100% presencial","1"
"2024","Empreendedor ou Empregado (CNPJ)","Educação","de 1 a 5","Modelo 100% presencial","1"
"2024","Empreendedor ou Empregado (CNPJ)","Entretenimento ou Esportes","de 501 a 1.000","Modelo híbrido flexível (o funcionário tem liberdade para escolher quando estar no escritório presencialmente)","1"
"2024","Desempregado e não estou buscando recolocação","Setor Automotivo","de 501 a 1.000","Modelo 100% presencial","1"
"2024","Estagiário","Outra Opção","de 6 a 10","Modelo híbrido flexível (o funcionário tem liberdade para escolher quando estar no escritório presencialmente)","1"
"2024","Empreendedor ou Empregado (CNPJ)","Varejo","de 101 a 500","Modelo híbrido com dias fixos de trabalho presencial","1"
"2024","Servidor Público","Tecnologia/Fábrica de Software","de 1.001 a 3.000","Modelo 100% presencial","1"
"2024","Servidor Público","Marketing","de 1 a 5","Modelo 100% remoto","1"
"2024","Empregado (CLT)","Setor Imobiliário/ Construção Civil","de 1.001 a 3.000","Modelo híbrido com dias fixos de trabalho presencial","1"
"2024","Empreendedor ou Empregado (CNPJ)","Setor Alimentício","de 101 a 500","Modelo 100% remoto","1"
"2024","Empregado (CLT)","Outra Opção","de 11 a 50","Modelo híbrido com dias fixos de trabalho presencial","1"
"2024","Vivo fora do Brasil e trabalho para empresa de fora do Brasil","Educação","de 501 a 1.000","Modelo híbrido com dias fixos de trabalho presencial","1"
"2024","Estagiário","Área da Saúde","de 11 a 50","Modelo híbrido com dias fixos de trabalho presencial","1"
"2024","Empreendedor ou Empregado (CNPJ)","Varejo","de 51 a 100","Modelo híbrido flexível (o funcionário tem liberdade para escolher quando estar no escritório presencialmente)","1"
"2024","Empregado (CLT)","Setor Alimentício","de 51 a 100","Modelo híbrido com dias fixos de trabalho presencial","1"
"2024","Empreendedor ou Empregado (CNPJ)","Setor Automotivo","de 11 a 50","Modelo 100% remoto","1"
"2024","Empregado (CLT)","Internet/Ecommerce","de 1.001 a 3.000","Modelo 100% presencial","1"
"2024","Empreendedor ou Empregado (CNPJ)","Outra Opção","de 11 a 50","Modelo híbrido flexível (o funcionário tem liberdade para escolher quando estar no escritório presencialmente)","1"
"2024","Empreendedor ou Empregado (CNPJ)","Área da Saúde","de 501 a 1.000","Modelo híbrido com dias fixos de trabalho presencial","1"
"2024","Empreendedor ou Empregado (CNPJ)","Setor de Energia","de 101 a 500","Modelo híbrido flexível (o funcionário tem liberdade para escolher quando estar no escritório presencialmente)","1"
"2024","Servidor Público","Educação","de 11 a 50","Modelo 100% presencial","1"
"2024","Empregado (CLT)","Internet/Ecommerce","de 1.001 a 3.000","Modelo híbrido com dias fixos de trabalho presencial","1"
"2024","Vivo no Brasil e trabalho remoto para empresa de fora do Brasil","Finanças ou Bancos","de 51 a 100","Modelo híbrido flexível (o funcionário tem liberdade para escolher quando estar no escritório presencialmente)","1"
"2024","Empreendedor ou Empregado (CNPJ)","Área de Consultoria","de 11 a 50","Modelo 100% presencial","1"
"2024","Empreendedor ou Empregado (CNPJ)","Outra Opção","de 1 a 5","Modelo 100% presencial","1"
"2024","Vivo no Brasil e trabalho remoto para empresa de fora do Brasil","Indústria","Acima de 3.000","Modelo híbrido flexível (o funcionário tem liberdade para escolher quando estar no escritório presencialmente)","1"
"2024","Estagiário","Setor de Energia","de 101 a 500","Modelo 100% remoto","1"
"2024","Empreendedor ou Empregado (CNPJ)","Finanças ou Bancos","de 51 a 100","Modelo híbrido flexível (o funcionário tem liberdade para escolher quando estar no escritório presencialmente)","1"
"2024","Empreendedor ou Empregado (CNPJ)","Setor Alimentício","de 51 a 100","Modelo 100% presencial","1"
"2024","Vivo no Brasil e trabalho remoto para empresa de fora do Brasil","Tecnologia/Fábrica de Software","de 1 a 5","Modelo híbrido flexível (o funcionário tem liberdade para escolher quando estar no escritório presencialmente)","1"
"2024","Estagiário","Setor Imobiliário/ Construção Civil","de 501 a 1.000","Modelo 100% presencial","1"
"2024","Vivo no Brasil e trabalho remoto para empresa de fora do Brasil","Marketing","de 1.001 a 3.000","Modelo híbrido flexível (o funcionário tem liberdade para escolher quando estar no escritório presencialmente)","1"
"2024","Empregado (CLT)","Área da Saúde","de 11 a 50","Modelo híbrido com dias fixos de trabalho presencial","1"
"2024","Vivo fora do Brasil e trabalho para empresa de fora do Brasil","Setor Público","de 101 a 500","Modelo híbrido flexível (o funcionário tem liberdade para escolher quando estar no escritório presencialmente)","1"
"2024","Estagiário","Tecnologia/Fábrica de Software","de 51 a 100","Modelo híbrido com dias fixos de trabalho presencial","1"
"2024","Empregado (CLT)","Setor Farmaceutico","de 101 a 500","Modelo 100% presencial","1"
"2024","Empreendedor ou Empregado (CNPJ)","Finanças ou Bancos","de 1 a 5","Modelo 100% presencial","1"
"2024","Empreendedor ou Empregado (CNPJ)","Entretenimento ou Esportes","de 101 a 500","Modelo 100% presencial","1"
"2024","Vivo fora do Brasil e trabalho para empresa de fora do Brasil","Tecnologia/Fábrica de Software","de 101 a 500","Modelo híbrido com dias fixos de trabalho presencial","1"
"2024","Empregado (CLT)","Internet/Ecommerce","de 51 a 100","Modelo híbrido flexível (o funcionário tem liberdade para escolher quando estar no escritório presencialmente)","1"
"2024","Empreendedor ou Empregado (CNPJ)","Setor Imobiliário/ Construção Civil","de 51 a 100","Modelo 100% presencial","1"
"2024","Empreendedor ou Empregado (CNPJ)","Área da Saúde","Acima de 3.000","Modelo híbrido flexível (o funcionário tem liberdade para escolher quando estar no escritório presencialmente)","1"
"2024","Empregado (CLT)","Educação","de 11 a 50","Modelo híbrido flexível (o funcionário tem liberdade para escolher quando estar no escritório presencialmente)","1"
"2024","Vivo fora do Brasil e trabalho para empresa de fora do Brasil","Setor Alimentício","de 101 a 500","Modelo 100% presencial","1"
"2024","Freelancer","Tecnologia/Fábrica de Software","de 101 a 500","Modelo 100% remoto","1"
"2024","Prefiro não informar","Outra Opção","de 1 a 5","Modelo 100% remoto","1"
"2024","Vivo no Brasil e trabalho remoto para empresa de fora do Brasil","Indústria","de 501 a 1.000","Modelo 100% remoto","1"
"2024","Empregado (CLT)","Entretenimento ou Esportes","de 101 a 500","Modelo híbrido flexível (o funcionário tem liberdade para escolher quando estar no escritório presencialmente)","1"
"2024","Vivo fora do Brasil e trabalho para empresa de fora do Brasil","Indústria","Acima de 3.000","Modelo híbrido flexível (o funcionário tem liberdade para escolher quando estar no escritório presencialmente)","1"
"2024","Vivo fora do Brasil e trabalho para empresa de fora do Brasil","Indústria","Acima de 3.000","Modelo híbrido com dias fixos de trabalho presencial","1"
"2024","Estagiário","Seguros ou Previdência","de 11 a 50","Modelo híbrido com dias fixos de trabalho presencial","1"
"2024","Empreendedor ou Empregado (CNPJ)","Entretenimento ou Esportes","de 101 a 500","Modelo 100% remoto","1"
"2024","Empregado (CLT)","Setor de Energia","de 11 a 50","Modelo 100% remoto","1"
"2024","Empreendedor ou Empregado (CNPJ)","Educação","de 501 a 1.000","Modelo híbrido flexível (o funcionário tem liberdade para escolher quando estar no escritório presencialmente)","1"
"2024","Empreendedor ou Empregado (CNPJ)","Setor Farmaceutico","de 6 a 10","Modelo 100% remoto","1"
"2024","Empregado (CLT)","Educação","de 51 a 100","Modelo híbrido com dias fixos de trabalho presencial","1"
"2024","Estagiário","Tecnologia/Fábrica de Software","de 501 a 1.000","Modelo 100% presencial","1"
"2024","Estagiário","Outra Opção","de 11 a 50","Modelo híbrido com dias fixos de trabalho presencial","1"
"2024","Estagiário","Outra Opção","Acima de 3.000","Modelo híbrido flexível (o funcionário tem liberdade para escolher quando estar no escritório presencialmente)","1"
"2024","Prefiro não informar","Área da Saúde","de 1 a 5","Modelo híbrido com dias fixos de trabalho presencial","1"
"2024","Empreendedor ou Empregado (CNPJ)","Internet/Ecommerce","de 6 a 10","Modelo híbrido flexível (o funcionário tem liberdade para escolher quando estar no escritório presencialmente)","1"
"2024","Empreendedor ou Empregado (CNPJ)","Setor Alimentício","de 1 a 5","Modelo híbrido flexível (o funcionário tem liberdade para escolher quando estar no escritório presencialmente)","1"
"2024","Servidor Público","Educação","de 101 a 500","Modelo híbrido com dias fixos de trabalho presencial","1"
"2024","Empreendedor ou Empregado (CNPJ)","Marketing","de 6 a 10","Modelo híbrido flexível (o funcionário tem liberdade para escolher quando estar no escritório presencialmente)","1"
"2024","Empregado (CLT)","Internet/Ecommerce","de 101 a 500","Modelo híbrido com dias fixos de trabalho presencial","1"
"2024","Empreendedor ou Empregado (CNPJ)","Área de Consultoria","Acima de 3.000","Modelo híbrido flexível (o funcionário tem liberdade para escolher quando estar no escritório presencialmente)","1"
"2024","Empregado (CLT)","Setor Automotivo","de 6 a 10","Modelo 100% presencial","1"
"2024","Estagiário","Internet/Ecommerce","de 1 a 5","Modelo 100% presencial","1"
"2024","Empregado (CLT)","Setor Alimentício","de 501 a 1.000","Modelo híbrido com dias fixos de trabalho presencial","1"
"2024","Empreendedor ou Empregado (CNPJ)","Internet/Ecommerce","de 101 a 500","Modelo híbrido flexível (o funcionário tem liberdade para escolher quando estar no escritório presencialmente)","1"
"2024","Empreendedor ou Empregado (CNPJ)","Área de Consultoria","Acima de 3.000","Modelo 100% remoto","1"
"2024","Empregado (CLT)","Setor Automotivo","de 11 a 50","Modelo híbrido flexível (o funcionário tem liberdade para escolher quando estar no escritório presencialmente)","1"
"2024","Empreendedor ou Empregado (CNPJ)","Educação","Acima de 3.000","Modelo 100% presencial","1"
"2024","Freelancer","Internet/Ecommerce","de 1.001 a 3.000","Modelo 100% remoto","1"
"2024","Estagiário","Tecnologia/Fábrica de Software","de 501 a 1.000","Modelo híbrido com dias fixos de trabalho presencial","1"
"2024","Empreendedor ou Empregado (CNPJ)","Varejo","de 1.001 a 3.000","Modelo híbrido com dias fixos de trabalho presencial","1"
"2024","Vivo fora do Brasil e trabalho para empresa de fora do Brasil","Seguros ou Previdência","de 1.001 a 3.000","Modelo híbrido flexível (o funcionário tem liberdade para escolher quando estar no escritório presencialmente)","1"
"2025","Desempregado, buscando recolocação",,,,"167"
"2025","Empregado (CLT)","Finanças ou Bancos","Acima de 3.000","Modelo híbrido flexível (o funcionário tem liberdade para escolher quando estar no escritório presencialmente)","105"
"2025","Empregado (CLT)","Finanças ou Bancos","Acima de 3.000","Modelo híbrido com dias fixos de trabalho presencial","101"
"2025","Empregado (CLT)","Finanças ou Bancos","Acima de 3.000","Modelo 100% remoto","83"
"2025","Empregado (CLT)","Tecnologia/Fábrica de Software","Acima de 3.000","Modelo 100% remoto","76"
"2025","Empregado (CLT)","Varejo","Acima de 3.000","Modelo 100% remoto","56"
"2025","Trabalho na área Acadêmica/Pesquisador",,,,"44"
"2025","Empregado (CLT)","Finanças ou Bancos","Acima de 3.000","Modelo 100% presencial","44"
"2025","Empregado (CLT)","Tecnologia/Fábrica de Software","de 101 a 500","Modelo 100% remoto","44"
"2025","Empregado (CLT)","Tecnologia/Fábrica de Software","de 1.001 a 3.000","Modelo 100% remoto","42"
"2025","Empregado (CLT)","Indústria","Acima de 3.000","Modelo 100% remoto","34"
"2025","Somente Estudante (graduação)",,,,"34"
"2025","Empregado (CLT)","Finanças ou Bancos","de 501 a 1.000","Modelo 100% remoto","32"
"2025","Empregado (CLT)","Área de Consultoria","Acima de 3.000","Modelo 100% remoto","32"
"2025","Empregado (CLT)","Tecnologia/Fábrica de Software","de 501 a 1.000","Modelo 100% remoto","31"
"2025","Empregado (CLT)","Tecnologia/Fábrica de Software","Acima de 3.000","Modelo híbrido flexível (o funcionário tem liberdade para escolher quando estar no escritório presencialmente)","28"
"2025","Empregado (CLT)","Indústria","Acima de 3.000","Modelo híbrido flexível (o funcionário tem liberdade para escolher quando estar no escritório presencialmente)","28"
"2025","Empreendedor ou Empregado (CNPJ)","Tecnologia/Fábrica de Software","de 11 a 50","Modelo 100% remoto","24"
"2025","Empregado (CLT)","Indústria","Acima de 3.000","Modelo 100% presencial","24"
"2025","Empregado (CLT)","Indústria","Acima de 3.000","Modelo híbrido com dias fixos de trabalho presencial","23"
"2025","Somente Estudante (pós-graduação)",,,,"22"
"2025","Empregado (CLT)","Finanças ou Bancos","de 1.001 a 3.000","Modelo 100% remoto","22"
"2025","Servidor Público","Setor Público","Acima de 3.000","Modelo 100% presencial","21"
"2025","Empregado (CLT)","Outra Opção","Acima de 3.000","Modelo 100% remoto","20"
"2025","Empregado (CLT)","Varejo","Acima de 3.000","Modelo híbrido com dias fixos de trabalho presencial","20"
"2025","Empregado (CLT)","Internet/Ecommerce","Acima de 3.000","Modelo híbrido flexível (o funcionário tem liberdade para escolher quando estar no escritório presencialmente)","19"
"2025","Empregado (CLT)","Área de Consultoria","de 101 a 500","Modelo 100% remoto","19"
"2025","Empregado (CLT)","Finanças ou Bancos","de 1.001 a 3.000","Modelo híbrido com dias fixos de trabalho presencial","18"
"2025","Empregado (CLT)","Finanças ou Bancos","de 101 a 500","Modelo 100% remoto","18"
"2025","Empregado (CLT)","Área de Consultoria","de 501 a 1.000","Modelo 100% remoto","17"
"2025","Empreendedor ou Empregado (CNPJ)","Área de Consultoria","de 101 a 500","Modelo 100% remoto","16"
"2025","Empregado (CLT)","Tecnologia/Fábrica de Software","de 51 a 100","Modelo 100% remoto","16"
"2025","Empregado (CLT)","Educação","Acima de 3.000","Modelo 100% remoto","15"
"2025","Empregado (CLT)","Tecnologia/Fábrica de Software","de 101 a 500","Modelo híbrido com dias fixos de trabalho presencial","14"
"2025","Empregado (CLT)","Internet/Ecommerce","Acima de 3.000","Modelo híbrido com dias fixos de trabalho presencial","14"
"2025","Empregado (CLT)","Setor Alimentício","Acima de 3.000","Modelo 100% remoto","14"
"2025","Empregado (CLT)","Área de Consultoria","Acima de 3.000","Modelo híbrido flexível (o funcionário tem liberdade para escolher quando estar no escritório presencialmente)","14"
"2025","Empregado (CLT)","Outra Opção","Acima de 3.000","Modelo 100% presencial","14"
"2025","Empregado (CLT)","Finanças ou Bancos","de 501 a 1.000","Modelo 100% presencial","14"
"2025","Empreendedor ou Empregado (CNPJ)","Tecnologia/Fábrica de Software","de 51 a 100","Modelo 100% remoto","13"
"2025","Empregado (CLT)","Varejo","Acima de 3.000","Modelo híbrido flexível (o funcionário tem liberdade para escolher quando estar no escritório presencialmente)","13"
"2025","Empregado (CLT)","Tecnologia/Fábrica de Software","de 101 a 500","Modelo 100% presencial","13"
"2025","Empregado (CLT)","Finanças ou Bancos","de 101 a 500","Modelo híbrido com dias fixos de trabalho presencial","13"
"2025","Empregado (CLT)","Indústria","de 101 a 500","Modelo 100% presencial","13"
"2025","Empreendedor ou Empregado (CNPJ)","Área de Consultoria","de 1 a 5","Modelo 100% remoto","12"
"2025","Empregado (CLT)","Outra Opção","de 501 a 1.000","Modelo 100% remoto","12"
"2025","Empreendedor ou Empregado (CNPJ)","Tecnologia/Fábrica de Software","de 101 a 500","Modelo 100% remoto","12"
"2025","Empregado (CLT)","Outra Opção","Acima de 3.000","Modelo híbrido com dias fixos de trabalho presencial","12"
"2025","Empregado (CLT)","Área da Saúde","Acima de 3.000","Modelo híbrido flexível (o funcionário tem liberdade para escolher quando estar no escritório presencialmente)","12"
"2025","Empregado (CLT)","Telecomunicação","Acima de 3.000","Modelo híbrido flexível (o funcionário tem liberdade para escolher quando estar no escritório presencialmente)","12"
"2025","Empregado (CLT)","Finanças ou Bancos","de 101 a 500","Modelo 100% presencial","12"
"2025","Servidor Público","Setor Público","de 1.001 a 3.000","Modelo 100% presencial","12"
"2025","Empregado (CLT)","Indústria","de 51 a 100","Modelo 100% presencial","12"
"2025","Empregado (CLT)","Tecnologia/Fábrica de Software","de 1.001 a 3.000","Modelo híbrido flexível (o funcionário tem liberdade para escolher quando estar no escritório presencialmente)","12"
"2025","Empregado (CLT)","Educação","de 1.001 a 3.000","Modelo 100% remoto","12"
"2025","Empregado (CLT)","Educação","Acima de 3.000","Modelo 100% presencial","11"
"2025","Empregado (CLT)","Área da Saúde","Acima de 3.000","Modelo 100% remoto","11"
"2025","Empregado (CLT)","Indústria","de 1.001 a 3.000","Modelo 100% presencial","11"
"2025","Empregado (CLT)","Área de Consultoria","de 51 a 100","Modelo 100% remoto","11"
"2025","Empregado (CLT)","Área de Consultoria","de 1.001 a 3.000","Modelo 100% remoto","11"
"2025","Empregado (CLT)","Agronegócios","Acima de 3.000","Modelo 100% presencial","11"
"2025","Empregado (CLT)","Varejo","de 101 a 500","Modelo 100% presencial","10"
"2025","Empregado (CLT)","Telecomunicação","Acima de 3.000","Modelo híbrido com dias fixos de trabalho presencial","10"
"2025","Empregado (CLT)","Telecomunicação","Acima de 3.000","Modelo 100% remoto","10"
"2025","Empregado (CLT)","Internet/Ecommerce","Acima de 3.000","Modelo 100% remoto","10"
"2025","Empreendedor ou Empregado (CNPJ)","Tecnologia/Fábrica de Software","de 11 a 50","Modelo híbrido flexível (o funcionário tem liberdade para escolher quando estar no escritório presencialmente)","10"
"2025","Empregado (CLT)","Tecnologia/Fábrica de Software","de 11 a 50","Modelo 100% remoto","10"
"2025","Estagiário","Finanças ou Bancos","Acima de 3.000","Modelo híbrido flexível (o funcionário tem liberdade para escolher quando estar no escritório presencialmente)","10"
"2025","Empregado (CLT)","Varejo","Acima de 3.000","Modelo 100% presencial","10"
"2025","Empreendedor ou Empregado (CNPJ)","Marketing","de 1 a 5","Modelo 100% remoto","9"
"2025","Vivo no Brasil e trabalho remoto para empresa de fora do Brasil","Tecnologia/Fábrica de Software","de 11 a 50","Modelo 100% remoto","9"
"2025","Empregado (CLT)","Setor Automotivo","Acima de 3.000","Modelo híbrido flexível (o funcionário tem liberdade para escolher quando estar no escritório presencialmente)","9"
"2025","Empregado (CLT)","Outra Opção","Acima de 3.000","Modelo híbrido flexível (o funcionário tem liberdade para escolher quando estar no escritório presencialmente)","9"
"2025","Empregado (CLT)","Área de Consultoria","de 11 a 50","Modelo 100% remoto","9"
"2025","Empregado (CLT)","Área da Saúde","de 1.001 a 3.000","Modelo híbrido com dias fixos de trabalho presencial","9"
"2025","Empreendedor ou Empregado (CNPJ)","Tecnologia/Fábrica de Software","de 1 a 5","Modelo 100% remoto","9"
"2025","Empregado (CLT)","Tecnologia/Fábrica de Software","de 101 a 500","Modelo híbrido flexível (o funcionário tem liberdade para escolher quando estar no escritório presencialmente)","9"
"2025","Empregado (CLT)","Indústria","de 501 a 1.000","Modelo 100% presencial","9"
"2025","Empregado (CLT)","Tecnologia/Fábrica de Software","Acima de 3.000","Modelo híbrido com dias fixos de trabalho presencial","8"
"2025","Empregado (CLT)","Área da Saúde","Acima de 3.000","Modelo 100% presencial","8"
"2025","Vivo no Brasil e trabalho remoto para empresa de fora do Brasil","Tecnologia/Fábrica de Software","de 101 a 500","Modelo 100% remoto","8"
"2025","Empregado (CLT)","Educação","de 101 a 500","Modelo 100% remoto","8"
"2025","Empregado (CLT)","Setor de Energia","Acima de 3.000","Modelo híbrido com dias fixos de trabalho presencial","8"
"2025","Empregado (CLT)","Outra Opção","de 1.001 a 3.000","Modelo 100% presencial","8"
"2025","Empregado (CLT)","Setor Automotivo","Acima de 3.000","Modelo híbrido com dias fixos de trabalho presencial","8"
"2025","Empregado (CLT)","Indústria","de 501 a 1.000","Modelo híbrido com dias fixos de trabalho presencial","8"
"2025","Empregado (CLT)","Setor Alimentício","Acima de 3.000","Modelo híbrido flexível (o funcionário tem liberdade para escolher quando estar no escritório presencialmente)","8"
"2025","Empregado (CLT)","Outra Opção","de 501 a 1.000","Modelo 100% presencial","8"
"2025","Empregado (CLT)","Outra Opção","de 101 a 500","Modelo híbrido com dias fixos de trabalho presencial","8"
"2025","Empregado (CLT)","Outra Opção","de 101 a 500","Modelo 100% remoto","8"
"2025","Empregado (CLT)","Tecnologia/Fábrica de Software","de 11 a 50","Modelo híbrido com dias fixos de trabalho presencial","8"
"2025","Empregado (CLT)","Outra Opção","de 101 a 500","Modelo 100% presencial","8"
"2025","Empreendedor ou Empregado (CNPJ)","Tecnologia/Fábrica de Software","de 51 a 100","Modelo híbrido flexível (o funcionário tem liberdade para escolher quando estar no escritório presencialmente)","7"
"2025","Servidor Público","Outra Opção","Acima de 3.000","Modelo 100% presencial","7"
"2025","Empregado (CLT)","Área da Saúde","Acima de 3.000","Modelo híbrido com dias fixos de trabalho presencial","7"
"2025","Empregado (CLT)","Educação","de 101 a 500","Modelo 100% presencial","7"
"2025","Empregado (CLT)","Entretenimento ou Esportes","Acima de 3.000","Modelo híbrido flexível (o funcionário tem liberdade para escolher quando estar no escritório presencialmente)","7"
"2025","Empregado (CLT)","Tecnologia/Fábrica de Software","de 1.001 a 3.000","Modelo híbrido com dias fixos de trabalho presencial","7"
"2025","Empregado (CLT)","Área da Saúde","de 501 a 1.000","Modelo 100% presencial","7"
"2025","Empregado (CLT)","Setor Alimentício","Acima de 3.000","Modelo híbrido com dias fixos de trabalho presencial","7"
"2025","Empregado (CLT)","Outra Opção","de 501 a 1.000","Modelo híbrido com dias fixos de trabalho presencial","7"
"2025","Empregado (CLT)","Tecnologia/Fábrica de Software","de 501 a 1.000","Modelo híbrido com dias fixos de trabalho presencial","7"
"2025","Empregado (CLT)","Finanças ou Bancos","de 501 a 1.000","Modelo híbrido com dias fixos de trabalho presencial","7"
"2025","Empregado (CLT)","Educação","Acima de 3.000","Modelo híbrido com dias fixos de trabalho presencial","7"
"2025","Empregado (CLT)","Outra Opção","de 51 a 100","Modelo 100% presencial","7"
"2025","Empregado (CLT)","Tecnologia/Fábrica de Software","de 51 a 100","Modelo híbrido flexível (o funcionário tem liberdade para escolher quando estar no escritório presencialmente)","7"
"2025","Empregado (CLT)","Entretenimento ou Esportes","Acima de 3.000","Modelo 100% remoto","7"
"2025","Empreendedor ou Empregado (CNPJ)","Marketing","de 101 a 500","Modelo híbrido com dias fixos de trabalho presencial","7"
"2025","Servidor Público","Educação","Acima de 3.000","Modelo 100% presencial","7"
"2025","Empregado (CLT)","Indústria","de 1.001 a 3.000","Modelo híbrido flexível (o funcionário tem liberdade para escolher quando estar no escritório presencialmente)","7"
"2025","Servidor Público","Setor Público","Acima de 3.000","Modelo híbrido com dias fixos de trabalho presencial","7"
"2025","Empregado (CLT)","Internet/Ecommerce","de 101 a 500","Modelo 100% remoto","7"
"2025","Empreendedor ou Empregado (CNPJ)","Tecnologia/Fábrica de Software","de 101 a 500","Modelo híbrido flexível (o funcionário tem liberdade para escolher quando estar no escritório presencialmente)","7"
"2025","Empregado (CLT)","Educação","de 501 a 1.000","Modelo 100% remoto","7"
"2025","Empregado (CLT)","Educação","Acima de 3.000","Modelo híbrido flexível (o funcionário tem liberdade para escolher quando estar no escritório presencialmente)","6"
"2025","Empregado (CLT)","Indústria","de 501 a 1.000","Modelo híbrido flexível (o funcionário tem liberdade para escolher quando estar no escritório presencialmente)","6"
"2025","Empregado (CLT)","Tecnologia/Fábrica de Software","de 51 a 100","Modelo híbrido com dias fixos de trabalho presencial","6"
"2025","Empregado (CLT)","Educação","de 1.001 a 3.000","Modelo híbrido com dias fixos de trabalho presencial","6"
"2025","Empregado (CLT)","Setor Imobiliário/ Construção Civil","Acima de 3.000","Modelo 100% remoto","6"
"2025","Empregado (CLT)","Varejo","de 1.001 a 3.000","Modelo 100% presencial","6"
"2025","Empregado (CLT)","Tecnologia/Fábrica de Software","Acima de 3.000","Modelo 100% presencial","6"
"2025","Empregado (CLT)","Área de Consultoria","Acima de 3.000","Modelo híbrido com dias fixos de trabalho presencial","6"
"2025","Empregado (CLT)","Setor Público","Acima de 3.000","Modelo híbrido com dias fixos de trabalho presencial","6"
"2025","Vivo no Brasil e trabalho remoto para empresa de fora do Brasil","Área de Consultoria","Acima de 3.000","Modelo 100% remoto","6"
"2025","Empregado (CLT)","Internet/Ecommerce","de 1.001 a 3.000","Modelo 100% remoto","6"
"2025","Empregado (CLT)","Agronegócios","Acima de 3.000","Modelo híbrido com dias fixos de trabalho presencial","6"
"2025","Empregado (CLT)","Setor Automotivo","Acima de 3.000","Modelo 100% remoto","6"
"2025","Empregado (CLT)","Setor Público","de 101 a 500","Modelo 100% presencial","6"
"2025","Servidor Público","Setor Público","de 101 a 500","Modelo 100% presencial","6"
"2025","Empregado (CLT)","Finanças ou Bancos","de 1.001 a 3.000","Modelo híbrido flexível (o funcionário tem liberdade para escolher quando estar no escritório presencialmente)","6"
"2025","Empregado (CLT)","Área da Saúde","de 101 a 500","Modelo 100% presencial","6"
"2025","Empregado (CLT)","Internet/Ecommerce","de 1.001 a 3.000","Modelo híbrido flexível (o funcionário tem liberdade para escolher quando estar no escritório presencialmente)","6"
"2025","Empregado (CLT)","Educação","de 1.001 a 3.000","Modelo 100% presencial","5"
"2025","Empregado (CLT)","Setor de Energia","Acima de 3.000","Modelo 100% presencial","5"
"2025","Empreendedor ou Empregado (CNPJ)","Finanças ou Bancos","de 101 a 500","Modelo híbrido flexível (o funcionário tem liberdade para escolher quando estar no escritório presencialmente)","5"
"2025","Empregado (CLT)","Internet/Ecommerce","Acima de 3.000","Modelo 100% presencial","5"
"2025","Servidor Público","Setor Público","Acima de 3.000","Modelo híbrido flexível (o funcionário tem liberdade para escolher quando estar no escritório presencialmente)","5"
"2025","Empregado (CLT)","Finanças ou Bancos","de 101 a 500","Modelo híbrido flexível (o funcionário tem liberdade para escolher quando estar no escritório presencialmente)","5"
"2025","Empregado (CLT)","Agronegócios","de 501 a 1.000","Modelo 100% presencial","5"
"2025","Vivo no Brasil e trabalho remoto para empresa de fora do Brasil","Outra Opção","de 101 a 500","Modelo 100% remoto","5"
"2025","Empreendedor ou Empregado (CNPJ)","Marketing","de 11 a 50","Modelo 100% remoto","5"
"2025","Empreendedor ou Empregado (CNPJ)","Área de Consultoria","de 51 a 100","Modelo 100% remoto","5"
"2025","Empregado (CLT)","Finanças ou Bancos","de 11 a 50","Modelo 100% presencial","5"
"2025","Empreendedor ou Empregado (CNPJ)","Área de Consultoria","de 1 a 5","Modelo híbrido flexível (o funcionário tem liberdade para escolher quando estar no escritório presencialmente)","5"
"2025","Empreendedor ou Empregado (CNPJ)","Tecnologia/Fábrica de Software","de 501 a 1.000","Modelo 100% remoto","5"
"2025","Empregado (CLT)","Indústria","de 11 a 50","Modelo 100% presencial","5"
"2025","Empreendedor ou Empregado (CNPJ)","Tecnologia/Fábrica de Software","de 11 a 50","Modelo híbrido com dias fixos de trabalho presencial","5"
"2025","Empregado (CLT)","Seguros ou Previdência","de 101 a 500","Modelo híbrido flexível (o funcionário tem liberdade para escolher quando estar no escritório presencialmente)","5"
"2025","Empregado (CLT)","Setor Alimentício","Acima de 3.000","Modelo 100% presencial","5"
"2025","Empregado (CLT)","Varejo","de 1.001 a 3.000","Modelo 100% remoto","5"
"2025","Empregado (CLT)","Área de Consultoria","de 501 a 1.000","Modelo híbrido flexível (o funcionário tem liberdade para escolher quando estar no escritório presencialmente)","5"
"2025","Empregado (CLT)","Setor Público","Acima de 3.000","Modelo 100% presencial","5"
"2025","Empregado (CLT)","Tecnologia/Fábrica de Software","de 51 a 100","Modelo 100% presencial","5"
"2025","Empregado (CLT)","Área de Consultoria","de 101 a 500","Modelo híbrido com dias fixos de trabalho presencial","5"
"2025","Empregado (CLT)","Marketing","de 101 a 500","Modelo 100% remoto","5"
"2025","Empreendedor ou Empregado (CNPJ)","Educação","de 1 a 5","Modelo 100% remoto","5"
"2025","Empregado (CLT)","Outra Opção","de 101 a 500","Modelo híbrido flexível (o funcionário tem liberdade para escolher quando estar no escritório presencialmente)","5"
"2025","Empreendedor ou Empregado (CNPJ)","Tecnologia/Fábrica de Software","de 11 a 50","Modelo 100% presencial","5"
"2025","Vivo no Brasil e trabalho remoto para empresa de fora do Brasil","Área de Consultoria","de 101 a 500","Modelo 100% remoto","5"
"2025","Empregado (CLT)","Área de Consultoria","de 101 a 500","Modelo 100% presencial","4"
"2025","Empregado (CLT)","Agronegócios","de 1.001 a 3.000","Modelo 100% presencial","4"
"2025","Vivo no Brasil e trabalho remoto para empresa de fora do Brasil","Área de Consultoria","de 51 a 100","Modelo 100% remoto","4"
"2025","Empregado (CLT)","Setor Imobiliário/ Construção Civil","Acima de 3.000","Modelo híbrido flexível (o funcionário tem liberdade para escolher quando estar no escritório presencialmente)","4"
"2025","Empregado (CLT)","Telecomunicação","Acima de 3.000","Modelo 100% presencial","4"
"2025","Empregado (CLT)","Educação","de 101 a 500","Modelo híbrido flexível (o funcionário tem liberdade para escolher quando estar no escritório presencialmente)","4"
"2025","Empregado (CLT)","Finanças ou Bancos","de 51 a 100","Modelo 100% remoto","4"
"2025","Empregado (CLT)","Área da Saúde","de 501 a 1.000","Modelo 100% remoto","4"
"2025","Empregado (CLT)","Educação","de 501 a 1.000","Modelo híbrido flexível (o funcionário tem liberdade para escolher quando estar no escritório presencialmente)","4"
"2025","Empregado (CLT)","Varejo","de 101 a 500","Modelo 100% remoto","4"
"2025","Estagiário","Finanças ou Bancos","Acima de 3.000","Modelo híbrido com dias fixos de trabalho presencial","4"
"2025","Empregado (CLT)","Setor Alimentício","de 101 a 500","Modelo 100% presencial","4"
"2025","Empreendedor ou Empregado (CNPJ)","Área de Consultoria","de 11 a 50","Modelo híbrido flexível (o funcionário tem liberdade para escolher quando estar no escritório presencialmente)","4"
"2025","Empregado (CLT)","Agronegócios","Acima de 3.000","Modelo 100% remoto","4"
"2025","Empregado (CLT)","Varejo","de 1.001 a 3.000","Modelo híbrido com dias fixos de trabalho presencial","4"
"2025","Empregado (CLT)","Setor Público","de 1.001 a 3.000","Modelo 100% presencial","4"
"2025","Empregado (CLT)","Marketing","de 501 a 1.000","Modelo 100% remoto","4"
"2025","Empregado (CLT)","Setor de Energia","Acima de 3.000","Modelo híbrido flexível (o funcionário tem liberdade para escolher quando estar no escritório presencialmente)","4"
"2025","Empreendedor ou Empregado (CNPJ)","Tecnologia/Fábrica de Software","de 6 a 10","Modelo 100% remoto","4"
"2025","Empreendedor ou Empregado (CNPJ)","Finanças ou Bancos","de 101 a 500","Modelo 100% remoto","4"
"2025","Empregado (CLT)","Outra Opção","de 1.001 a 3.000","Modelo híbrido flexível (o funcionário tem liberdade para escolher quando estar no escritório presencialmente)","4"
"2025","Empregado (CLT)","Seguros ou Previdência","de 501 a 1.000","Modelo híbrido flexível (o funcionário tem liberdade para escolher quando estar no escritório presencialmente)","4"
"2025","Empregado (CLT)","Área de Consultoria","Acima de 3.000","Modelo 100% presencial","4"
"2025","Empregado (CLT)","Finanças ou Bancos","de 1.001 a 3.000","Modelo 100% presencial","4"
"2025","Empregado (CLT)","Outra Opção","de 1.001 a 3.000","Modelo híbrido com dias fixos de trabalho presencial","4"
"2025","Empregado (CLT)","Setor Imobiliário/ Construção Civil","de 101 a 500","Modelo 100% presencial","4"
"2025","Empreendedor ou Empregado (CNPJ)","Finanças ou Bancos","de 11 a 50","Modelo 100% remoto","4"
"2025","Empregado (CLT)","Setor Automotivo","Acima de 3.000","Modelo 100% presencial","4"
"2025","Empregado (CLT)","Área da Saúde","de 1.001 a 3.000","Modelo 100% presencial","4"
"2025","Vivo no Brasil e trabalho remoto para empresa de fora do Brasil","Tecnologia/Fábrica de Software","Acima de 3.000","Modelo 100% remoto","4"
"2025","Empreendedor ou Empregado (CNPJ)","Marketing","de 51 a 100","Modelo 100% remoto","4"
"2025","Empreendedor ou Empregado (CNPJ)","Área de Consultoria","de 11 a 50","Modelo 100% remoto","4"
"2025","Empregado (CLT)","Varejo","de 101 a 500","Modelo híbrido com dias fixos de trabalho presencial","4"
"2025","Empregado (CLT)","Seguros ou Previdência","Acima de 3.000","Modelo 100% presencial","4"
"2025","Empregado (CLT)","Setor de Energia","de 101 a 500","Modelo híbrido com dias fixos de trabalho presencial","4"
"2025","Empregado (CLT)","Setor Público","de 101 a 500","Modelo híbrido com dias fixos de trabalho presencial","4"
"2025","Empregado (CLT)","Área de Consultoria","de 11 a 50","Modelo híbrido com dias fixos de trabalho presencial","4"
"2025","Empregado (CLT)","Seguros ou Previdência","Acima de 3.000","Modelo híbrido com dias fixos de trabalho presencial","4"
"2025","Vivo no Brasil e trabalho remoto para empresa de fora do Brasil","Tecnologia/Fábrica de Software","de 51 a 100","Modelo 100% remoto","4"
"2025","Empregado (CLT)","Setor Público","Acima de 3.000","Modelo 100% remoto","4"
"2025","Empregado (CLT)","Internet/Ecommerce","de 101 a 500","Modelo híbrido flexível (o funcionário tem liberdade para escolher quando estar no escritório presencialmente)","4"
"2025","Empregado (CLT)","Telecomunicação","de 1.001 a 3.000","Modelo 100% remoto","4"
"2025","Servidor Público","Setor Público","de 1.001 a 3.000","Modelo híbrido com dias fixos de trabalho presencial","4"
"2025","Empregado (CLT)","Marketing","de 101 a 500","Modelo híbrido com dias fixos de trabalho presencial","4"
"2025","Empreendedor ou Empregado (CNPJ)","Indústria","de 101 a 500","Modelo 100% presencial","4"
"2025","Freelancer","Área de Consultoria","de 1 a 5","Modelo 100% remoto","4"
"2025","Empregado (CLT)","Área de Consultoria","de 51 a 100","Modelo híbrido com dias fixos de trabalho presencial","4"
"2025","Vivo no Brasil e trabalho remoto para empresa de fora do Brasil","Internet/Ecommerce","de 101 a 500","Modelo 100% remoto","4"
"2025","Empregado (CLT)","Outra Opção","de 1.001 a 3.000","Modelo 100% remoto","4"
"2025","Empregado (CLT)","Varejo","de 501 a 1.000","Modelo 100% remoto","4"
"2025","Empregado (CLT)","Tecnologia/Fábrica de Software","de 501 a 1.000","Modelo híbrido flexível (o funcionário tem liberdade para escolher quando estar no escritório presencialmente)","4"
"2025","Vivo no Brasil e trabalho remoto para empresa de fora do Brasil","Área de Consultoria","de 1.001 a 3.000","Modelo 100% remoto","4"
"2025","Empregado (CLT)","Área da Saúde","de 1.001 a 3.000","Modelo 100% remoto","4"
"2025","Empregado (CLT)","Indústria","de 501 a 1.000","Modelo 100% remoto","3"
"2025","Empregado (CLT)","Setor de Energia","de 501 a 1.000","Modelo híbrido com dias fixos de trabalho presencial","3"
"2025","Empregado (CLT)","Agronegócios","de 101 a 500","Modelo 100% presencial","3"
"2025","Estagiário","Área de Consultoria","de 101 a 500","Modelo 100% remoto","3"
"2025","Empregado (CLT)","Área da Saúde","de 11 a 50","Modelo 100% remoto","3"
"2025","Empregado (CLT)","Marketing","de 1.001 a 3.000","Modelo 100% remoto","3"
"2025","Empregado (CLT)","Outra Opção","de 11 a 50","Modelo 100% presencial","3"
"2025","Empregado (CLT)","Marketing","Acima de 3.000","Modelo híbrido com dias fixos de trabalho presencial","3"
"2025","Empregado (CLT)","Área de Consultoria","de 1.001 a 3.000","Modelo híbrido flexível (o funcionário tem liberdade para escolher quando estar no escritório presencialmente)","3"
"2025","Empreendedor ou Empregado (CNPJ)","Finanças ou Bancos","de 51 a 100","Modelo 100% remoto","3"
"2025","Servidor Público","Educação","Acima de 3.000","Modelo híbrido com dias fixos de trabalho presencial","3"
"2025","Empreendedor ou Empregado (CNPJ)","Marketing","de 101 a 500","Modelo 100% remoto","3"
"2025","Empregado (CLT)","Indústria","de 1.001 a 3.000","Modelo híbrido com dias fixos de trabalho presencial","3"
"2025","Vivo no Brasil e trabalho remoto para empresa de fora do Brasil","Finanças ou Bancos","de 1.001 a 3.000","Modelo 100% remoto","3"
"2025","Empregado (CLT)","Setor Público","de 501 a 1.000","Modelo 100% presencial","3"
"2025","Vivo fora do Brasil e trabalho para empresa de fora do Brasil","Tecnologia/Fábrica de Software","Acima de 3.000","Modelo híbrido com dias fixos de trabalho presencial","3"
"2025","Empregado (CLT)","Varejo","de 11 a 50","Modelo 100% presencial","3"
"2025","Empregado (CLT)","Entretenimento ou Esportes","de 101 a 500","Modelo 100% remoto","3"
"2025","Empregado (CLT)","Setor Alimentício","de 51 a 100","Modelo 100% presencial","3"
"2025","Empregado (CLT)","Área da Saúde","de 1.001 a 3.000","Modelo híbrido flexível (o funcionário tem liberdade para escolher quando estar no escritório presencialmente)","3"
"2025","Empreendedor ou Empregado (CNPJ)","Outra Opção","de 1.001 a 3.000","Modelo 100% remoto","3"
"2025","Estagiário","Outra Opção","Acima de 3.000","Modelo híbrido com dias fixos de trabalho presencial","3"
"2025","Servidor Público","Setor Público","Acima de 3.000","Modelo 100% remoto","3"
"2025","Empregado (CLT)","Internet/Ecommerce","de 51 a 100","Modelo híbrido com dias fixos de trabalho presencial","3"
"2025","Empregado (CLT)","Telecomunicação","de 501 a 1.000","Modelo 100% remoto","3"
"2025","Empregado (CLT)","Seguros ou Previdência","de 101 a 500","Modelo 100% remoto","3"
"2025","Vivo fora do Brasil e trabalho para empresa de fora do Brasil","Área de Consultoria","Acima de 3.000","Modelo híbrido flexível (o funcionário tem liberdade para escolher quando estar no escritório presencialmente)","3"
"2025","Empreendedor ou Empregado (CNPJ)","Outra Opção","Acima de 3.000","Modelo 100% presencial","3"
"2025","Vivo no Brasil e trabalho remoto para empresa de fora do Brasil","Educação","de 101 a 500","Modelo 100% remoto","3"
"2025","Servidor Público","Educação","Acima de 3.000","Modelo 100% remoto","3"
"2025","Empregado (CLT)","Área da Saúde","de 501 a 1.000","Modelo híbrido com dias fixos de trabalho presencial","3"
"2025","Vivo no Brasil e trabalho remoto para empresa de fora do Brasil","Tecnologia/Fábrica de Software","de 1.001 a 3.000","Modelo 100% remoto","3"
"2025","Empregado (CLT)","Setor Automotivo","de 101 a 500","Modelo híbrido com dias fixos de trabalho presencial","3"
"2025","Estagiário","Agronegócios","de 1.001 a 3.000","Modelo 100% presencial","3"
"2025","Vivo no Brasil e trabalho remoto para empresa de fora do Brasil","Marketing","de 101 a 500","Modelo 100% remoto","3"
"2025","Estagiário","Tecnologia/Fábrica de Software","Acima de 3.000","Modelo híbrido com dias fixos de trabalho presencial","3"
"2025","Vivo no Brasil e trabalho remoto para empresa de fora do Brasil","Área de Consultoria","de 11 a 50","Modelo 100% remoto","3"
"2025","Empregado (CLT)","Setor Automotivo","de 101 a 500","Modelo 100% presencial","3"
"2025","Vivo no Brasil e trabalho remoto para empresa de fora do Brasil","Varejo","de 101 a 500","Modelo 100% remoto","3"
"2025","Empregado (CLT)","Finanças ou Bancos","de 51 a 100","Modelo 100% presencial","3"
"2025","Empregado (CLT)","Área da Saúde","de 101 a 500","Modelo 100% remoto","3"
"2025","Empregado (CLT)","Outra Opção","de 51 a 100","Modelo 100% remoto","3"
"2025","Empregado (CLT)","Varejo","de 501 a 1.000","Modelo 100% presencial","3"
"2025","Empreendedor ou Empregado (CNPJ)","Área de Consultoria","de 51 a 100","Modelo híbrido flexível (o funcionário tem liberdade para escolher quando estar no escritório presencialmente)","3"
"2025","Empreendedor ou Empregado (CNPJ)","Área da Saúde","de 11 a 50","Modelo 100% remoto","3"
"2025","Empreendedor ou Empregado (CNPJ)","Área de Consultoria","de 501 a 1.000","Modelo 100% remoto","3"
"2025","Estagiário","Tecnologia/Fábrica de Software","de 1.001 a 3.000","Modelo 100% remoto","3"
"2025","Empregado (CLT)","Seguros ou Previdência","de 501 a 1.000","Modelo híbrido com dias fixos de trabalho presencial","3"
"2025","Empreendedor ou Empregado (CNPJ)","Área da Saúde","de 51 a 100","Modelo 100% remoto","3"
"2025","Empregado (CLT)","Setor Imobiliário/ Construção Civil","Acima de 3.000","Modelo 100% presencial","3"
"2025","Freelancer","Telecomunicação","Acima de 3.000","Modelo híbrido com dias fixos de trabalho presencial","3"
"2025","Empregado (CLT)","Educação","de 51 a 100","Modelo 100% remoto","3"
"2025","Estagiário","Telecomunicação","Acima de 3.000","Modelo híbrido com dias fixos de trabalho presencial","3"
"2025","Vivo no Brasil e trabalho remoto para empresa de fora do Brasil","Finanças ou Bancos","de 51 a 100","Modelo 100% remoto","3"
"2025","Empregado (CLT)","Finanças ou Bancos","de 51 a 100","Modelo híbrido com dias fixos de trabalho presencial","3"
"2025","Empregado (CLT)","Outra Opção","de 501 a 1.000","Modelo híbrido flexível (o funcionário tem liberdade para escolher quando estar no escritório presencialmente)","3"
"2025","Empreendedor ou Empregado (CNPJ)","Filantropia/ONG's","de 11 a 50","Modelo 100% remoto","3"
"2025","Empreendedor ou Empregado (CNPJ)","Indústria","de 501 a 1.000","Modelo 100% presencial","3"
"2025","Empregado (CLT)","Finanças ou Bancos","de 11 a 50","Modelo híbrido com dias fixos de trabalho presencial","3"
"2025","Empreendedor ou Empregado (CNPJ)","Tecnologia/Fábrica de Software","de 6 a 10","Modelo híbrido flexível (o funcionário tem liberdade para escolher quando estar no escritório presencialmente)","3"
"2025","Empregado (CLT)","Setor de Energia","de 501 a 1.000","Modelo híbrido flexível (o funcionário tem liberdade para escolher quando estar no escritório presencialmente)","3"
"2025","Empregado (CLT)","Área de Consultoria","de 1.001 a 3.000","Modelo híbrido com dias fixos de trabalho presencial","3"
"2025","Empregado (CLT)","Marketing","Acima de 3.000","Modelo 100% remoto","3"
"2025","Empregado (CLT)","Área de Consultoria","de 101 a 500","Modelo híbrido flexível (o funcionário tem liberdade para escolher quando estar no escritório presencialmente)","3"
"2025","Estagiário","Finanças ou Bancos","Acima de 3.000","Modelo 100% presencial","3"
"2025","Vivo no Brasil e trabalho remoto para empresa de fora do Brasil","Indústria","de 1.001 a 3.000","Modelo 100% remoto","3"
"2025","Empregado (CLT)","Seguros ou Previdência","de 101 a 500","Modelo híbrido com dias fixos de trabalho presencial","3"
"2025","Desempregado e não estou buscando recolocação","Outra Opção","de 1 a 5","Modelo 100% remoto","3"
"2025","Vivo no Brasil e trabalho remoto para empresa de fora do Brasil","Finanças ou Bancos","de 101 a 500","Modelo 100% remoto","3"
"2025","Empregado (CLT)","Finanças ou Bancos","de 501 a 1.000","Modelo híbrido flexível (o funcionário tem liberdade para escolher quando estar no escritório presencialmente)","3"
"2025","Empregado (CLT)","Setor Alimentício","de 501 a 1.000","Modelo híbrido com dias fixos de trabalho presencial","3"
"2025","Empregado (CLT)","Marketing","de 51 a 100","Modelo 100% remoto","3"
"2025","Empreendedor ou Empregado (CNPJ)","Área de Consultoria","de 501 a 1.000","Modelo híbrido flexível (o funcionário tem liberdade para escolher quando estar no escritório presencialmente)","3"
"2025","Servidor Público","Setor Público","de 501 a 1.000","Modelo 100% presencial","3"
"2025","Empreendedor ou Empregado (CNPJ)","Marketing","de 51 a 100","Modelo híbrido com dias fixos de trabalho presencial","2"
"2025","Empreendedor ou Empregado (CNPJ)","Finanças ou Bancos","de 51 a 100","Modelo 100% presencial","2"
"2025","Empregado (CLT)","Setor Público","de 501 a 1.000","Modelo híbrido com dias fixos de trabalho presencial","2"
"2025","Empregado (CLT)","Telecomunicação","de 101 a 500","Modelo híbrido com dias fixos de trabalho presencial","2"
"2025","Empregado (CLT)","Setor Automotivo","de 501 a 1.000","Modelo híbrido flexível (o funcionário tem liberdade para escolher quando estar no escritório presencialmente)","2"
"2025","Empreendedor ou Empregado (CNPJ)","Varejo","Acima de 3.000","Modelo híbrido flexível (o funcionário tem liberdade para escolher quando estar no escritório presencialmente)","2"
"2025","Empreendedor ou Empregado (CNPJ)","Tecnologia/Fábrica de Software","de 501 a 1.000","Modelo híbrido com dias fixos de trabalho presencial","2"
"2025","Freelancer","Educação","Acima de 3.000","Modelo 100% remoto","2"
"2025","Empreendedor ou Empregado (CNPJ)","Área da Saúde","Acima de 3.000","Modelo 100% remoto","2"
"2025","Empreendedor ou Empregado (CNPJ)","Outra Opção","de 101 a 500","Modelo híbrido flexível (o funcionário tem liberdade para escolher quando estar no escritório presencialmente)","2"
"2025","Empregado (CLT)","Área da Saúde","de 51 a 100","Modelo híbrido flexível (o funcionário tem liberdade para escolher quando estar no escritório presencialmente)","2"
"2025","Empregado (CLT)","Educação","de 51 a 100","Modelo 100% presencial","2"
"2025","Vivo no Brasil e trabalho remoto para empresa de fora do Brasil","Marketing","de 51 a 100","Modelo 100% remoto","2"
"2025","Empregado (CLT)","Indústria","de 101 a 500","Modelo híbrido com dias fixos de trabalho presencial","2"
"2025","Empregado (CLT)","Setor Automotivo","de 1.001 a 3.000","Modelo 100% presencial","2"
"2025","Empregado (CLT)","Indústria","de 1 a 5","Modelo 100% presencial","2"
"2025","Vivo fora do Brasil e trabalho para empresa de fora do Brasil","Varejo","Acima de 3.000","Modelo 100% presencial","2"
"2025","Empregado (CLT)","Setor de Energia","de 1.001 a 3.000","Modelo híbrido flexível (o funcionário tem liberdade para escolher quando estar no escritório presencialmente)","2"
"2025","Estagiário","Tecnologia/Fábrica de Software","de 101 a 500","Modelo híbrido com dias fixos de trabalho presencial","2"
"2025","Empreendedor ou Empregado (CNPJ)","Área de Consultoria","de 11 a 50","Modelo híbrido com dias fixos de trabalho presencial","2"
"2025","Empregado (CLT)","Setor Imobiliário/ Construção Civil","de 11 a 50","Modelo híbrido com dias fixos de trabalho presencial","2"
"2025","Empregado (CLT)","Setor Farmaceutico","Acima de 3.000","Modelo 100% remoto","2"
"2025","Empregado (CLT)","Área da Saúde","de 501 a 1.000","Modelo híbrido flexível (o funcionário tem liberdade para escolher quando estar no escritório presencialmente)","2"
"2025","Estagiário","Tecnologia/Fábrica de Software","de 101 a 500","Modelo 100% remoto","2"
"2025","Empreendedor ou Empregado (CNPJ)","Área da Saúde","de 501 a 1.000","Modelo híbrido com dias fixos de trabalho presencial","2"
"2025","Empreendedor ou Empregado (CNPJ)","Outra Opção","de 51 a 100","Modelo 100% remoto","2"
"2025","Empregado (CLT)","Agronegócios","de 51 a 100","Modelo híbrido com dias fixos de trabalho presencial","2"
"2025","Empregado (CLT)","Marketing","de 51 a 100","Modelo 100% presencial","2"
"2025","Empregado (CLT)","Agronegócios","de 501 a 1.000","Modelo híbrido com dias fixos de trabalho presencial","2"
"2025","Freelancer","Setor Público","de 101 a 500","Modelo híbrido flexível (o funcionário tem liberdade para escolher quando estar no escritório presencialmente)","2"
"2025","Empreendedor ou Empregado (CNPJ)","Outra Opção","de 101 a 500","Modelo 100% remoto","2"
"2025","Empregado (CLT)","Seguros ou Previdência","de 51 a 100","Modelo híbrido flexível (o funcionário tem liberdade para escolher quando estar no escritório presencialmente)","2"
"2025","Empreendedor ou Empregado (CNPJ)","Área de Consultoria","de 11 a 50","Modelo 100% presencial","2"
"2025","Servidor Público","Finanças ou Bancos","Acima de 3.000","Modelo 100% presencial","2"
"2025","Vivo fora do Brasil e trabalho para empresa de fora do Brasil","Filantropia/ONG's","de 51 a 100","Modelo 100% remoto","2"
"2025","Empregado (CLT)","Agronegócios","Acima de 3.000","Modelo híbrido flexível (o funcionário tem liberdade para escolher quando estar no escritório presencialmente)","2"
"2025","Vivo no Brasil e trabalho remoto para empresa de fora do Brasil","Finanças ou Bancos","Acima de 3.000","Modelo 100% remoto","2"
"2025","Empreendedor ou Empregado (CNPJ)","Área de Consultoria","de 51 a 100","Modelo híbrido com dias fixos de trabalho presencial","2"
"2025","Empregado (CLT)","Educação","de 501 a 1.000","Modelo 100% presencial","2"
"2025","Empregado (CLT)","Varejo","de 51 a 100","Modelo 100% presencial","2"
"2025","Freelancer","Agronegócios","de 11 a 50","Modelo 100% remoto","2"
"2025","Empreendedor ou Empregado (CNPJ)","Área de Consultoria","de 6 a 10","Modelo híbrido flexível (o funcionário tem liberdade para escolher quando estar no escritório presencialmente)","2"
"2025","Estagiário","Setor Público","de 101 a 500","Modelo 100% presencial","2"
"2025","Empregado (CLT)","Entretenimento ou Esportes","de 101 a 500","Modelo 100% presencial","2"
"2025","Empregado (CLT)","Área de Consultoria","de 51 a 100","Modelo híbrido flexível (o funcionário tem liberdade para escolher quando estar no escritório presencialmente)","2"
"2025","Empregado (CLT)","Setor Imobiliário/ Construção Civil","de 501 a 1.000","Modelo 100% remoto","2"
"2025","Vivo fora do Brasil e trabalho para empresa de fora do Brasil","Educação","Acima de 3.000","Modelo híbrido com dias fixos de trabalho presencial","2"
"2025","Empreendedor ou Empregado (CNPJ)","Setor de Energia","de 6 a 10","Modelo 100% presencial","2"
"2025","Vivo no Brasil e trabalho remoto para empresa de fora do Brasil","Outra Opção","Acima de 3.000","Modelo 100% remoto","2"
"2025","Empreendedor ou Empregado (CNPJ)","Filantropia/ONG's","de 11 a 50","Modelo híbrido com dias fixos de trabalho presencial","2"
"2025","Empregado (CLT)","Finanças ou Bancos","de 6 a 10","Modelo híbrido com dias fixos de trabalho presencial","2"
"2025","Estagiário","Área de Consultoria","de 6 a 10","Modelo 100% remoto","2"
"2025","Estagiário","Tecnologia/Fábrica de Software","de 11 a 50","Modelo 100% presencial","2"
"2025","Prefiro não informar","Outra Opção","de 1 a 5","Modelo 100% remoto","2"
"2025","Vivo no Brasil e trabalho remoto para empresa de fora do Brasil","Outra Opção","de 501 a 1.000","Modelo 100% remoto","2"
"2025","Empreendedor ou Empregado (CNPJ)","Tecnologia/Fábrica de Software","de 51 a 100","Modelo 100% presencial","2"
"2025","Empreendedor ou Empregado (CNPJ)","Marketing","de 11 a 50","Modelo híbrido flexível (o funcionário tem liberdade para escolher quando estar no escritório presencialmente)","2"
"2025","Vivo no Brasil e trabalho remoto para empresa de fora do Brasil","Entretenimento ou Esportes","de 101 a 500","Modelo híbrido com dias fixos de trabalho presencial","2"
"2025","Empregado (CLT)","Internet/Ecommerce","de 101 a 500","Modelo 100% presencial","2"
"2025","Empreendedor ou Empregado (CNPJ)","Tecnologia/Fábrica de Software","de 51 a 100","Modelo híbrido com dias fixos de trabalho presencial","2"
"2025","Empregado (CLT)","Setor Público","de 51 a 100","Modelo híbrido com dias fixos de trabalho presencial","2"
"2025","Estagiário","Tecnologia/Fábrica de Software","de 51 a 100","Modelo híbrido com dias fixos de trabalho presencial","2"
"2025","Empreendedor ou Empregado (CNPJ)","Indústria","de 11 a 50","Modelo 100% presencial","2"
"2025","Empregado (CLT)","Internet/Ecommerce","de 501 a 1.000","Modelo 100% remoto","2"
"2025","Servidor Público","Educação","de 1.001 a 3.000","Modelo 100% presencial","2"
"2025","Empregado (CLT)","Seguros ou Previdência","de 1.001 a 3.000","Modelo híbrido com dias fixos de trabalho presencial","2"
"2025","Vivo no Brasil e trabalho remoto para empresa de fora do Brasil","Área da Saúde","de 501 a 1.000","Modelo 100% remoto","2"
"2025","Empregado (CLT)","Setor Público","de 1.001 a 3.000","Modelo 100% remoto","2"
"2025","Empregado (CLT)","Educação","de 1.001 a 3.000","Modelo híbrido flexível (o funcionário tem liberdade para escolher quando estar no escritório presencialmente)","2"
"2025","Vivo no Brasil e trabalho remoto para empresa de fora do Brasil","Setor Automotivo","Acima de 3.000","Modelo híbrido flexível (o funcionário tem liberdade para escolher quando estar no escritório presencialmente)","2"
"2025","Empregado (CLT)","Filantropia/ONG's","de 101 a 500","Modelo híbrido com dias fixos de trabalho presencial","2"
"2025","Empreendedor ou Empregado (CNPJ)","Finanças ou Bancos","de 11 a 50","Modelo híbrido flexível (o funcionário tem liberdade para escolher quando estar no escritório presencialmente)","2"
"2025","Empreendedor ou Empregado (CNPJ)","Tecnologia/Fábrica de Software","de 501 a 1.000","Modelo híbrido flexível (o funcionário tem liberdade para escolher quando estar no escritório presencialmente)","2"
"2025","Servidor Público","Setor Público","de 51 a 100","Modelo 100% presencial","2"
"2025","Empreendedor ou Empregado (CNPJ)","Tecnologia/Fábrica de Software","de 101 a 500","Modelo híbrido com dias fixos de trabalho presencial","2"
"2025","Empregado (CLT)","Indústria","de 6 a 10","Modelo 100% remoto","2"
"2025","Vivo no Brasil e trabalho remoto para empresa de fora do Brasil","Indústria","Acima de 3.000","Modelo 100% remoto","2"
"2025","Empreendedor ou Empregado (CNPJ)","Área de Consultoria","Acima de 3.000","Modelo 100% remoto","2"
"2025","Empregado (CLT)","Setor de Energia","de 1.001 a 3.000","Modelo 100% presencial","2"
"2025","Empreendedor ou Empregado (CNPJ)","Outra Opção","Acima de 3.000","Modelo híbrido flexível (o funcionário tem liberdade para escolher quando estar no escritório presencialmente)","2"
"2025","Empregado (CLT)","Finanças ou Bancos","de 51 a 100","Modelo híbrido flexível (o funcionário tem liberdade para escolher quando estar no escritório presencialmente)","2"
"2025","Prefiro não informar","Área de Consultoria","Acima de 3.000","Modelo 100% remoto","2"
"2025","Empregado (CLT)","Setor Alimentício","de 11 a 50","Modelo 100% presencial","2"
"2025","Empregado (CLT)","Setor Imobiliário/ Construção Civil","de 101 a 500","Modelo híbrido com dias fixos de trabalho presencial","2"
"2025","Empreendedor ou Empregado (CNPJ)","Outra Opção","de 51 a 100","Modelo híbrido flexível (o funcionário tem liberdade para escolher quando estar no escritório presencialmente)","2"
"2025","Empreendedor ou Empregado (CNPJ)","Tecnologia/Fábrica de Software","de 1.001 a 3.000","Modelo 100% remoto","2"
"2025","Empregado (CLT)","Setor Público","de 101 a 500","Modelo 100% remoto","2"
"2025","Empregado (CLT)","Área da Saúde","de 101 a 500","Modelo híbrido flexível (o funcionário tem liberdade para escolher quando estar no escritório presencialmente)","2"
"2025","Empregado (CLT)","Marketing","de 6 a 10","Modelo híbrido flexível (o funcionário tem liberdade para escolher quando estar no escritório presencialmente)","2"
"2025","Empregado (CLT)","Setor Imobiliário/ Construção Civil","de 101 a 500","Modelo 100% remoto","2"
"2025","Empreendedor ou Empregado (CNPJ)","Varejo","de 101 a 500","Modelo híbrido flexível (o funcionário tem liberdade para escolher quando estar no escritório presencialmente)","2"
"2025","Empregado (CLT)","Setor Público","de 101 a 500","Modelo híbrido flexível (o funcionário tem liberdade para escolher quando estar no escritório presencialmente)","2"
"2025","Empregado (CLT)","Educação","de 11 a 50","Modelo 100% remoto","2"
"2025","Vivo no Brasil e trabalho remoto para empresa de fora do Brasil","Finanças ou Bancos","de 11 a 50","Modelo 100% remoto","2"
"2025","Empregado (CLT)","Tecnologia/Fábrica de Software","de 11 a 50","Modelo 100% presencial","2"
"2025","Empregado (CLT)","Setor de Energia","de 101 a 500","Modelo 100% presencial","2"
"2025","Empreendedor ou Empregado (CNPJ)","Outra Opção","de 6 a 10","Modelo híbrido flexível (o funcionário tem liberdade para escolher quando estar no escritório presencialmente)","2"
"2025","Vivo no Brasil e trabalho remoto para empresa de fora do Brasil","Setor Alimentício","Acima de 3.000","Modelo 100% remoto","2"
"2025","Empregado (CLT)","Varejo","de 1.001 a 3.000","Modelo híbrido flexível (o funcionário tem liberdade para escolher quando estar no escritório presencialmente)","2"
"2025","Empregado (CLT)","Setor de Energia","de 101 a 500","Modelo 100% remoto","2"
"2025","Estagiário","Indústria","Acima de 3.000","Modelo 100% presencial","2"
"2025","Estagiário","Internet/Ecommerce","de 51 a 100","Modelo híbrido com dias fixos de trabalho presencial","2"
"2025","Empregado (CLT)","Filantropia/ONG's","de 51 a 100","Modelo 100% presencial","2"
"2025","Empreendedor ou Empregado (CNPJ)","Finanças ou Bancos","de 101 a 500","Modelo 100% presencial","2"
"2025","Vivo fora do Brasil e trabalho para empresa de fora do Brasil","Indústria","de 51 a 100","Modelo 100% presencial","2"
"2025","Empregado (CLT)","Agronegócios","de 101 a 500","Modelo híbrido flexível (o funcionário tem liberdade para escolher quando estar no escritório presencialmente)","2"
"2025","Vivo no Brasil e trabalho remoto para empresa de fora do Brasil","Marketing","de 11 a 50","Modelo 100% remoto","2"
"2025","Estagiário","Tecnologia/Fábrica de Software","de 51 a 100","Modelo 100% remoto","2"
"2025","Servidor Público","Finanças ou Bancos","Acima de 3.000","Modelo híbrido com dias fixos de trabalho presencial","2"
"2025","Freelancer","Finanças ou Bancos","de 101 a 500","Modelo 100% remoto","2"
"2025","Empreendedor ou Empregado (CNPJ)","Marketing","de 101 a 500","Modelo híbrido flexível (o funcionário tem liberdade para escolher quando estar no escritório presencialmente)","2"
"2025","Empreendedor ou Empregado (CNPJ)","Indústria","de 1.001 a 3.000","Modelo híbrido com dias fixos de trabalho presencial","2"
"2025","Empregado (CLT)","Tecnologia/Fábrica de Software","de 11 a 50","Modelo híbrido flexível (o funcionário tem liberdade para escolher quando estar no escritório presencialmente)","2"
"2025","Empreendedor ou Empregado (CNPJ)","Área de Consultoria","de 6 a 10","Modelo 100% remoto","2"
"2025","Vivo fora do Brasil e trabalho para empresa de fora do Brasil","Tecnologia/Fábrica de Software","Acima de 3.000","Modelo híbrido flexível (o funcionário tem liberdade para escolher quando estar no escritório presencialmente)","2"
"2025","Empreendedor ou Empregado (CNPJ)","Outra Opção","de 11 a 50","Modelo 100% remoto","2"
"2025","Empregado (CLT)","Marketing","de 501 a 1.000","Modelo híbrido com dias fixos de trabalho presencial","2"
"2025","Estagiário","Outra Opção","Acima de 3.000","Modelo 100% remoto","2"
"2025","Empregado (CLT)","Setor Farmaceutico","Acima de 3.000","Modelo híbrido com dias fixos de trabalho presencial","2"
"2025","Empreendedor ou Empregado (CNPJ)","Outra Opção","de 1 a 5","Modelo 100% presencial","2"
"2025","Empregado (CLT)","Indústria","de 101 a 500","Modelo 100% remoto","2"
"2025","Empreendedor ou Empregado (CNPJ)","Outra Opção","de 1 a 5","Modelo 100% remoto","2"
"2025","Servidor Público","Finanças ou Bancos","Acima de 3.000","Modelo híbrido flexível (o funcionário tem liberdade para escolher quando estar no escritório presencialmente)","2"
"2025","Empregado (CLT)","Entretenimento ou Esportes","de 101 a 500","Modelo híbrido flexível (o funcionário tem liberdade para escolher quando estar no escritório presencialmente)","2"
"2025","Empregado (CLT)","Seguros ou Previdência","Acima de 3.000","Modelo híbrido flexível (o funcionário tem liberdade para escolher quando estar no escritório presencialmente)","2"
"2025","Estagiário","Internet/Ecommerce","de 1.001 a 3.000","Modelo híbrido flexível (o funcionário tem liberdade para escolher quando estar no escritório presencialmente)","2"
"2025","Empreendedor ou Empregado (CNPJ)","Educação","de 501 a 1.000","Modelo híbrido com dias fixos de trabalho presencial","2"
"2025","Vivo fora do Brasil e trabalho para empresa de fora do Brasil","Tecnologia/Fábrica de Software","de 11 a 50","Modelo 100% remoto","2"
"2025","Empregado (CLT)","Setor Alimentício","de 1.001 a 3.000","Modelo híbrido flexível (o funcionário tem liberdade para escolher quando estar no escritório presencialmente)","2"
"2025","Servidor Público","Outra Opção","de 51 a 100","Modelo 100% presencial","2"
"2025","Empregado (CLT)","Indústria","de 6 a 10","Modelo 100% presencial","2"
"2025","Empregado (CLT)","Telecomunicação","de 51 a 100","Modelo 100% presencial","2"
"2025","Empregado (CLT)","Telecomunicação","de 101 a 500","Modelo 100% presencial","2"
"2025","Empregado (CLT)","Entretenimento ou Esportes","de 1.001 a 3.000","Modelo 100% remoto","2"
"2025","Empregado (CLT)","Educação","de 101 a 500","Modelo híbrido com dias fixos de trabalho presencial","2"
"2025","Vivo fora do Brasil e trabalho para empresa de fora do Brasil","Tecnologia/Fábrica de Software","de 101 a 500","Modelo híbrido flexível (o funcionário tem liberdade para escolher quando estar no escritório presencialmente)","2"
"2025","Empregado (CLT)","Setor Alimentício","de 1 a 5","Modelo 100% presencial","2"
"2025","Vivo no Brasil e trabalho remoto para empresa de fora do Brasil","Entretenimento ou Esportes","Acima de 3.000","Modelo 100% remoto","2"
"2025","Empreendedor ou Empregado (CNPJ)","Varejo","de 101 a 500","Modelo híbrido com dias fixos de trabalho presencial","2"
"2025","Vivo no Brasil e trabalho remoto para empresa de fora do Brasil","Setor Automotivo","de 11 a 50","Modelo 100% remoto","2"
"2025","Empreendedor ou Empregado (CNPJ)","Finanças ou Bancos","de 11 a 50","Modelo 100% presencial","2"
"2025","Estagiário","Setor Público","Acima de 3.000","Modelo 100% presencial","2"
"2025","Empreendedor ou Empregado (CNPJ)","Educação","de 11 a 50","Modelo 100% remoto","2"
"2025","Vivo no Brasil e trabalho remoto para empresa de fora do Brasil","Entretenimento ou Esportes","de 51 a 100","Modelo 100% remoto","2"
"2025","Empregado (CLT)","Área da Saúde","de 101 a 500","Modelo híbrido com dias fixos de trabalho presencial","2"
"2025","Empregado (CLT)","Marketing","Acima de 3.000","Modelo híbrido flexível (o funcionário tem liberdade para escolher quando estar no escritório presencialmente)","2"
"2025","Servidor Público","Setor Público","de 501 a 1.000","Modelo 100% remoto","2"
"2025","Empregado (CLT)","Setor Público","de 1.001 a 3.000","Modelo híbrido com dias fixos de trabalho presencial","2"
"2025","Empregado (CLT)","Filantropia/ONG's","de 51 a 100","Modelo híbrido com dias fixos de trabalho presencial","1"
"2025","Empreendedor ou Empregado (CNPJ)","Entretenimento ou Esportes","Acima de 3.000","Modelo 100% remoto","1"
"2025","Empreendedor ou Empregado (CNPJ)","Marketing","de 1 a 5","Modelo híbrido flexível (o funcionário tem liberdade para escolher quando estar no escritório presencialmente)","1"
"2025","Vivo fora do Brasil e trabalho para empresa de fora do Brasil","Tecnologia/Fábrica de Software","de 11 a 50","Modelo 100% presencial","1"
"2025","Estagiário","Tecnologia/Fábrica de Software","de 501 a 1.000","Modelo híbrido com dias fixos de trabalho presencial","1"
"2025","Empreendedor ou Empregado (CNPJ)","Finanças ou Bancos","de 6 a 10","Modelo 100% remoto","1"
"2025","Freelancer","Área de Consultoria","de 51 a 100","Modelo 100% remoto","1"
"2025","Estagiário","Indústria","de 1.001 a 3.000","Modelo 100% remoto","1"
"2025","Desempregado e não estou buscando recolocação","Tecnologia/Fábrica de Software","Acima de 3.000","Modelo 100% remoto","1"
"2025","Estagiário","Internet/Ecommerce","de 51 a 100","Modelo híbrido flexível (o funcionário tem liberdade para escolher quando estar no escritório presencialmente)","1"
"2025","Vivo fora do Brasil e trabalho para empresa de fora do Brasil","Setor Público","de 1.001 a 3.000","Modelo híbrido com dias fixos de trabalho presencial","1"
"2025","Empregado (CLT)","Setor de Energia","de 101 a 500","Modelo híbrido flexível (o funcionário tem liberdade para escolher quando estar no escritório presencialmente)","1"
"2025","Empregado (CLT)","Filantropia/ONG's","de 11 a 50","Modelo híbrido com dias fixos de trabalho presencial","1"
"2025","Freelancer","Tecnologia/Fábrica de Software","de 1 a 5","Modelo 100% presencial","1"
"2025","Estagiário","Outra Opção","de 101 a 500","Modelo 100% remoto","1"
"2025","Empreendedor ou Empregado (CNPJ)","Setor Farmaceutico","de 51 a 100","Modelo 100% presencial","1"
"2025","Empregado (CLT)","Educação","de 51 a 100","Modelo híbrido com dias fixos de trabalho presencial","1"
"2025","Freelancer","Educação","de 11 a 50","Modelo híbrido com dias fixos de trabalho presencial","1"
"2025","Empregado (CLT)","Telecomunicação","de 51 a 100","Modelo 100% remoto","1"
"2025","Empregado (CLT)","Setor Automotivo","de 501 a 1.000","Modelo 100% presencial","1"
"2025","Vivo no Brasil e trabalho remoto para empresa de fora do Brasil","Tecnologia/Fábrica de Software","de 1.001 a 3.000","Modelo híbrido com dias fixos de trabalho presencial","1"
"2025","Servidor Público","Educação","de 51 a 100","Modelo 100% presencial","1"
"2025","Estagiário","Seguros ou Previdência","de 501 a 1.000","Modelo 100% presencial","1"
"2025","Vivo fora do Brasil e trabalho para empresa de fora do Brasil","Finanças ou Bancos","Acima de 3.000","Modelo híbrido flexível (o funcionário tem liberdade para escolher quando estar no escritório presencialmente)","1"
"2025","Empregado (CLT)","Internet/Ecommerce","de 501 a 1.000","Modelo 100% presencial","1"
"2025","Empregado (CLT)","Varejo","de 1 a 5","Modelo 100% presencial","1"
"2025","Estagiário","Setor Alimentício","Acima de 3.000","Modelo 100% presencial","1"
"2025","Empreendedor ou Empregado (CNPJ)","Indústria","de 51 a 100","Modelo 100% presencial","1"
"2025","Estagiário","Setor Alimentício","Acima de 3.000","Modelo híbrido flexível (o funcionário tem liberdade para escolher quando estar no escritório presencialmente)","1"
"2025","Empregado (CLT)","Indústria","de 11 a 50","Modelo híbrido flexível (o funcionário tem liberdade para escolher quando estar no escritório presencialmente)","1"
"2025","Estagiário","Outra Opção","Acima de 3.000","Modelo híbrido flexível (o funcionário tem liberdade para escolher quando estar no escritório presencialmente)","1"
"2025","Vivo no Brasil e trabalho remoto para empresa de fora do Brasil","Educação","de 501 a 1.000","Modelo 100% remoto","1"
"2025","Estagiário","Tecnologia/Fábrica de Software","de 1.001 a 3.000","Modelo híbrido flexível (o funcionário tem liberdade para escolher quando estar no escritório presencialmente)","1"
"2025","Empregado (CLT)","Área de Consultoria","de 6 a 10","Modelo híbrido com dias fixos de trabalho presencial","1"
"2025","Empregado (CLT)","Área de Consultoria","de 6 a 10","Modelo 100% presencial","1"
"2025","Estagiário","Área de Consultoria","de 11 a 50","Modelo híbrido com dias fixos de trabalho presencial","1"
"2025","Vivo fora do Brasil e trabalho para empresa de fora do Brasil","Internet/Ecommerce","de 1.001 a 3.000","Modelo 100% remoto","1"
"2025","Empreendedor ou Empregado (CNPJ)","Setor Alimentício","de 101 a 500","Modelo híbrido flexível (o funcionário tem liberdade para escolher quando estar no escritório presencialmente)","1"
"2025","Empreendedor ou Empregado (CNPJ)","Outra Opção","de 11 a 50","Modelo 100% presencial","1"
"2025","Empregado (CLT)","Setor de Energia","Acima de 3.000","Modelo 100% remoto","1"
"2025","Empregado (CLT)","Setor de Energia","de 501 a 1.000","Modelo 100% presencial","1"
"2025","Empregado (CLT)","Telecomunicação","de 1 a 5","Modelo 100% presencial","1"
"2025","Prefiro não informar","Indústria","de 1.001 a 3.000","Modelo 100% presencial","1"
"2025","Prefiro não informar","Outra Opção","de 501 a 1.000","Modelo 100% presencial","1"
"2025","Estagiário","Área de Consultoria","de 1.001 a 3.000","Modelo 100% remoto","1"
"2025","Empreendedor ou Empregado (CNPJ)","Indústria","de 1 a 5","Modelo 100% remoto","1"
"2025","Empregado (CLT)","Tecnologia/Fábrica de Software","de 1.001 a 3.000","Modelo 100% presencial","1"
"2025","Vivo fora do Brasil e trabalho para empresa de fora do Brasil","Setor Alimentício","Acima de 3.000","Modelo híbrido com dias fixos de trabalho presencial","1"
"2025","Empregado (CLT)","Agronegócios","de 51 a 100","Modelo 100% presencial","1"
"2025","Freelancer","Setor de Energia","de 101 a 500","Modelo 100% remoto","1"
"2025","Estagiário","Outra Opção","de 501 a 1.000","Modelo 100% presencial","1"
"2025","Empregado (CLT)","Seguros ou Previdência","de 501 a 1.000","Modelo 100% remoto","1"
"2025","Empregado (CLT)","Marketing","de 51 a 100","Modelo híbrido flexível (o funcionário tem liberdade para escolher quando estar no escritório presencialmente)","1"
"2025","Estagiário","Indústria","de 101 a 500","Modelo híbrido flexível (o funcionário tem liberdade para escolher quando estar no escritório presencialmente)","1"
"2025","Empregado (CLT)","Setor de Energia","de 51 a 100","Modelo híbrido com dias fixos de trabalho presencial","1"
"2025","Servidor Público","Outra Opção","de 101 a 500","Modelo 100% remoto","1"
"2025","Estagiário","Marketing","de 51 a 100","Modelo 100% remoto","1"
"2025","Vivo no Brasil e trabalho remoto para empresa de fora do Brasil","Setor Imobiliário/ Construção Civil","de 101 a 500","Modelo 100% remoto","1"
"2025","Empreendedor ou Empregado (CNPJ)","Setor Imobiliário/ Construção Civil","Acima de 3.000","Modelo 100% presencial","1"
"2025","Vivo fora do Brasil e trabalho para empresa de fora do Brasil","Tecnologia/Fábrica de Software","de 51 a 100","Modelo híbrido com dias fixos de trabalho presencial","1"
"2025","Freelancer","Agronegócios","de 1 a 5","Modelo 100% remoto","1"
"2025","Servidor Público","Tecnologia/Fábrica de Software","de 1.001 a 3.000","Modelo 100% presencial","1"
"2025","Empregado (CLT)","Internet/Ecommerce","de 1 a 5","Modelo 100% presencial","1"
"2025","Estagiário","Área da Saúde","de 501 a 1.000","Modelo híbrido com dias fixos de trabalho presencial","1"
"2025","Empregado (CLT)","Filantropia/ONG's","Acima de 3.000","Modelo 100% presencial","1"
"2025","Empregado (CLT)","Internet/Ecommerce","de 1.001 a 3.000","Modelo 100% presencial","1"
"2025","Vivo fora do Brasil e trabalho para empresa de fora do Brasil","Finanças ou Bancos","de 501 a 1.000","Modelo híbrido com dias fixos de trabalho presencial","1"
"2025","Empregado (CLT)","Setor Farmaceutico","de 101 a 500","Modelo híbrido com dias fixos de trabalho presencial","1"
"2025","Vivo no Brasil e trabalho remoto para empresa de fora do Brasil","Telecomunicação","de 101 a 500","Modelo híbrido flexível (o funcionário tem liberdade para escolher quando estar no escritório presencialmente)","1"
"2025","Empreendedor ou Empregado (CNPJ)","Indústria","Acima de 3.000","Modelo 100% remoto","1"
"2025","Empreendedor ou Empregado (CNPJ)","Setor Alimentício","de 101 a 500","Modelo 100% remoto","1"
"2025","Estagiário","Setor Automotivo","Acima de 3.000","Modelo 100% remoto","1"
"2025","Empreendedor ou Empregado (CNPJ)","Tecnologia/Fábrica de Software","de 501 a 1.000","Modelo 100% presencial","1"
"2025","Empreendedor ou Empregado (CNPJ)","Finanças ou Bancos","de 501 a 1.000","Modelo híbrido flexível (o funcionário tem liberdade para escolher quando estar no escritório presencialmente)","1"
"2025","Prefiro não informar","Área de Consultoria","de 1 a 5","Modelo 100% remoto","1"
"2025","Empreendedor ou Empregado (CNPJ)","Telecomunicação","de 501 a 1.000","Modelo 100% presencial","1"
"2025","Estagiário","Setor Público","de 1 a 5","Modelo 100% presencial","1"
"2025","Vivo fora do Brasil e trabalho para empresa de fora do Brasil","Setor Alimentício","Acima de 3.000","Modelo híbrido flexível (o funcionário tem liberdade para escolher quando estar no escritório presencialmente)","1"
"2025","Freelancer","Finanças ou Bancos","de 51 a 100","Modelo 100% remoto","1"
"2025","Empregado (CLT)","Tecnologia/Fábrica de Software","de 1 a 5","Modelo 100% presencial","1"
"2025","Vivo fora do Brasil e trabalho para empresa de fora do Brasil","Tecnologia/Fábrica de Software","de 51 a 100","Modelo 100% remoto","1"
"2025","Freelancer","Área da Saúde","de 1 a 5","Modelo 100% presencial","1"
"2025","Empreendedor ou Empregado (CNPJ)","Educação","de 51 a 100","Modelo 100% remoto","1"
"2025","Vivo fora do Brasil e trabalho para empresa de fora do Brasil","Setor Automotivo","Acima de 3.000","Modelo híbrido com dias fixos de trabalho presencial","1"
"2025","Empreendedor ou Empregado (CNPJ)","Outra Opção","de 51 a 100","Modelo híbrido com dias fixos de trabalho presencial","1"
"2025","Servidor Público","Agronegócios","de 101 a 500","Modelo 100% presencial","1"
"2025","Empreendedor ou Empregado (CNPJ)","Outra Opção","de 51 a 100","Modelo 100% presencial","1"
"2025","Empregado (CLT)","Outra Opção","de 51 a 100","Modelo híbrido flexível (o funcionário tem liberdade para escolher quando estar no escritório presencialmente)","1"
"2025","Empreendedor ou Empregado (CNPJ)","Área de Consultoria","de 101 a 500","Modelo híbrido com dias fixos de trabalho presencial","1"
"2025","Empreendedor ou Empregado (CNPJ)","Setor Imobiliário/ Construção Civil","de 101 a 500","Modelo 100% remoto","1"
"2025","Empregado (CLT)","Marketing","de 501 a 1.000","Modelo híbrido flexível (o funcionário tem liberdade para escolher quando estar no escritório presencialmente)","1"
"2025","Empreendedor ou Empregado (CNPJ)","Indústria","de 101 a 500","Modelo 100% remoto","1"
"2025","Empregado (CLT)","Indústria","de 51 a 100","Modelo 100% remoto","1"
"2025","Freelancer","Setor Imobiliário/ Construção Civil","de 1 a 5","Modelo 100% remoto","1"
"2025","Empreendedor ou Empregado (CNPJ)","Varejo","de 11 a 50","Modelo 100% remoto","1"
"2025","Estagiário","Outra Opção","de 1 a 5","Modelo híbrido flexível (o funcionário tem liberdade para escolher quando estar no escritório presencialmente)","1"
"2025","Empreendedor ou Empregado (CNPJ)","Setor de Energia","de 51 a 100","Modelo 100% remoto","1"
"2025","Vivo fora do Brasil e trabalho para empresa de fora do Brasil","Finanças ou Bancos","Acima de 3.000","Modelo híbrido com dias fixos de trabalho presencial","1"
"2025","Estagiário","Setor Alimentício","de 101 a 500","Modelo 100% presencial","1"
"2025","Empreendedor ou Empregado (CNPJ)","Tecnologia/Fábrica de Software","de 1 a 5","Modelo 100% presencial","1"
"2025","Estagiário","Outra Opção","de 1.001 a 3.000","Modelo híbrido flexível (o funcionário tem liberdade para escolher quando estar no escritório presencialmente)","1"
"2025","Vivo no Brasil e trabalho remoto para empresa de fora do Brasil","Varejo","de 501 a 1.000","Modelo 100% remoto","1"
"2025","Vivo no Brasil e trabalho remoto para empresa de fora do Brasil","Internet/Ecommerce","Acima de 3.000","Modelo 100% remoto","1"
"2025","Empreendedor ou Empregado (CNPJ)","Outra Opção","de 11 a 50","Modelo híbrido com dias fixos de trabalho presencial","1"
"2025","Vivo no Brasil e trabalho remoto para empresa de fora do Brasil","Varejo","Acima de 3.000","Modelo híbrido com dias fixos de trabalho presencial","1"
"2025","Empreendedor ou Empregado (CNPJ)","Setor Público","de 11 a 50","Modelo híbrido flexível (o funcionário tem liberdade para escolher quando estar no escritório presencialmente)","1"
"2025","Empregado (CLT)","Setor Público","Acima de 3.000","Modelo híbrido flexível (o funcionário tem liberdade para escolher quando estar no escritório presencialmente)","1"
"2025","Empregado (CLT)","Internet/Ecommerce","de 1.001 a 3.000","Modelo híbrido com dias fixos de trabalho presencial","1"
"2025","Empregado (CLT)","Setor Farmaceutico","de 501 a 1.000","Modelo 100% presencial","1"
"2025","Freelancer","Educação","de 51 a 100","Modelo híbrido com dias fixos de trabalho presencial","1"
"2025","Empregado (CLT)","Indústria","de 101 a 500","Modelo híbrido flexível (o funcionário tem liberdade para escolher quando estar no escritório presencialmente)","1"
"2025","Estagiário","Setor Farmaceutico","Acima de 3.000","Modelo híbrido com dias fixos de trabalho presencial","1"
"2025","Estagiário","Setor Imobiliário/ Construção Civil","de 101 a 500","Modelo 100% remoto","1"
"2025","Empregado (CLT)","Outra Opção","de 6 a 10","Modelo híbrido flexível (o funcionário tem liberdade para escolher quando estar no escritório presencialmente)","1"
"2025","Prefiro não informar","Finanças ou Bancos","Acima de 3.000","Modelo híbrido flexível (o funcionário tem liberdade para escolher quando estar no escritório presencialmente)","1"
"2025","Empreendedor ou Empregado (CNPJ)","Indústria","de 6 a 10","Modelo híbrido com dias fixos de trabalho presencial","1"
"2025","Vivo no Brasil e trabalho remoto para empresa de fora do Brasil","Seguros ou Previdência","de 51 a 100","Modelo 100% remoto","1"
"2025","Estagiário","Tecnologia/Fábrica de Software","de 1 a 5","Modelo 100% remoto","1"
"2025","Empreendedor ou Empregado (CNPJ)","Setor de Energia","de 101 a 500","Modelo híbrido flexível (o funcionário tem liberdade para escolher quando estar no escritório presencialmente)","1"
"2025","Desempregado e não estou buscando recolocação","Outra Opção","de 1 a 5","Modelo 100% presencial","1"
"2025","Empregado (CLT)","Setor Farmaceutico","de 1.001 a 3.000","Modelo híbrido flexível (o funcionário tem liberdade para escolher quando estar no escritório presencialmente)","1"
"2025","Empreendedor ou Empregado (CNPJ)","Setor Imobiliário/ Construção Civil","de 11 a 50","Modelo híbrido flexível (o funcionário tem liberdade para escolher quando estar no escritório presencialmente)","1"
"2025","Empregado (CLT)","Área da Saúde","de 51 a 100","Modelo 100% remoto","1"
"2025","Empregado (CLT)","Setor Imobiliário/ Construção Civil","de 1.001 a 3.000","Modelo 100% presencial","1"
"2025","Freelancer","Entretenimento ou Esportes","de 51 a 100","Modelo 100% presencial","1"
"2025","Vivo fora do Brasil e trabalho para empresa de fora do Brasil","Indústria","Acima de 3.000","Modelo 100% presencial","1"
"2025","Empregado (CLT)","Indústria","de 1 a 5","Modelo 100% remoto","1"
"2025","Empregado (CLT)","Telecomunicação","de 1.001 a 3.000","Modelo híbrido com dias fixos de trabalho presencial","1"
"2025","Freelancer","Educação","de 501 a 1.000","Modelo 100% remoto","1"
"2025","Vivo no Brasil e trabalho remoto para empresa de fora do Brasil","Setor Imobiliário/ Construção Civil","de 11 a 50","Modelo 100% remoto","1"
"2025","Empreendedor ou Empregado (CNPJ)","Indústria","de 1.001 a 3.000","Modelo 100% presencial","1"
"2025","Empregado (CLT)","Educação","de 11 a 50","Modelo 100% presencial","1"
"2025","Empreendedor ou Empregado (CNPJ)","Tecnologia/Fábrica de Software","de 101 a 500","Modelo 100% presencial","1"
"2025","Empreendedor ou Empregado (CNPJ)","Setor Alimentício","de 1 a 5","Modelo 100% presencial","1"
"2025","Estagiário","Área de Consultoria","Acima de 3.000","Modelo híbrido flexível (o funcionário tem liberdade para escolher quando estar no escritório presencialmente)","1"
"2025","Empregado (CLT)","Setor Automotivo","de 51 a 100","Modelo 100% presencial","1"
"2025","Prefiro não informar","Área de Consultoria","de 11 a 50","Modelo 100% remoto","1"
"2025","Empreendedor ou Empregado (CNPJ)","Área de Consultoria","de 101 a 500","Modelo híbrido flexível (o funcionário tem liberdade para escolher quando estar no escritório presencialmente)","1"
"2025","Empregado (CLT)","Setor Público","de 11 a 50","Modelo híbrido com dias fixos de trabalho presencial","1"
"2025","Freelancer","Setor Imobiliário/ Construção Civil","de 1 a 5","Modelo 100% presencial","1"
"2025","Empreendedor ou Empregado (CNPJ)","Setor de Energia","de 6 a 10","Modelo híbrido com dias fixos de trabalho presencial","1"
"2025","Estagiário","Setor Público","Acima de 3.000","Modelo híbrido flexível (o funcionário tem liberdade para escolher quando estar no escritório presencialmente)","1"
"2025","Empreendedor ou Empregado (CNPJ)","Setor Farmaceutico","Acima de 3.000","Modelo 100% remoto","1"
"2025","Empregado (CLT)","Tecnologia/Fábrica de Software","de 1 a 5","Modelo 100% remoto","1"
"2025","Empregado (CLT)","Marketing","de 1.001 a 3.000","Modelo híbrido flexível (o funcionário tem liberdade para escolher quando estar no escritório presencialmente)","1"
"2025","Empregado (CLT)","Setor Alimentício","de 501 a 1.000","Modelo híbrido flexível (o funcionário tem liberdade para escolher quando estar no escritório presencialmente)","1"
"2025","Vivo no Brasil e trabalho remoto para empresa de fora do Brasil","Tecnologia/Fábrica de Software","Acima de 3.000","Modelo híbrido flexível (o funcionário tem liberdade para escolher quando estar no escritório presencialmente)","1"
"2025","Servidor Público","Outra Opção","de 501 a 1.000","Modelo 100% presencial","1"
"2025","Desempregado e não estou buscando recolocação","Marketing","Acima de 3.000","Modelo híbrido com dias fixos de trabalho presencial","1"
"2025","Empreendedor ou Empregado (CNPJ)","Entretenimento ou Esportes","de 51 a 100","Modelo híbrido com dias fixos de trabalho presencial","1"
"2025","Empregado (CLT)","Setor Alimentício","de 501 a 1.000","Modelo 100% presencial","1"
"2025","Servidor Público","Setor Público","de 101 a 500","Modelo híbrido com dias fixos de trabalho presencial","1"
"2025","Servidor Público","Setor Público","de 51 a 100","Modelo híbrido com dias fixos de trabalho presencial","1"
"2025","Prefiro não informar","Educação","de 11 a 50","Modelo 100% presencial","1"
"2025","Empreendedor ou Empregado (CNPJ)","Área da Saúde","de 1.001 a 3.000","Modelo 100% remoto","1"
"2025","Empregado (CLT)","Setor Automotivo","de 6 a 10","Modelo 100% presencial","1"
"2025","Empreendedor ou Empregado (CNPJ)","Finanças ou Bancos","de 1.001 a 3.000","Modelo 100% remoto","1"
"2025","Vivo fora do Brasil e trabalho para empresa de fora do Brasil","Internet/Ecommerce","Acima de 3.000","Modelo híbrido flexível (o funcionário tem liberdade para escolher quando estar no escritório presencialmente)","1"
"2025","Empreendedor ou Empregado (CNPJ)","Varejo","de 51 a 100","Modelo 100% presencial","1"
"2025","Empreendedor ou Empregado (CNPJ)","Área da Saúde","de 101 a 500","Modelo híbrido flexível (o funcionário tem liberdade para escolher quando estar no escritório presencialmente)","1"
"2025","Servidor Público","Educação","de 1.001 a 3.000","Modelo híbrido com dias fixos de trabalho presencial","1"
"2025","Empreendedor ou Empregado (CNPJ)","Setor de Energia","de 51 a 100","Modelo híbrido flexível (o funcionário tem liberdade para escolher quando estar no escritório presencialmente)","1"
"2025","Estagiário","Varejo","de 1.001 a 3.000","Modelo híbrido com dias fixos de trabalho presencial","1"
"2025","Empreendedor ou Empregado (CNPJ)","Educação","de 51 a 100","Modelo 100% presencial","1"
"2025","Empregado (CLT)","Seguros ou Previdência","de 1.001 a 3.000","Modelo 100% presencial","1"
"2025","Empreendedor ou Empregado (CNPJ)","Educação","Acima de 3.000","Modelo 100% remoto","1"
"2025","Empreendedor ou Empregado (CNPJ)","Agronegócios","Acima de 3.000","Modelo 100% remoto","1"
"2025","Freelancer","Marketing","de 11 a 50","Modelo 100% remoto","1"
"2025","Vivo no Brasil e trabalho remoto para empresa de fora do Brasil","Setor Alimentício","de 51 a 100","Modelo 100% remoto","1"
"2025","Empreendedor ou Empregado (CNPJ)","Setor de Energia","Acima de 3.000","Modelo 100% remoto","1"
"2025","Desempregado e não estou buscando recolocação","Finanças ou Bancos","de 501 a 1.000","Modelo 100% remoto","1"
"2025","Empreendedor ou Empregado (CNPJ)","Varejo","de 101 a 500","Modelo 100% presencial","1"
"2025","Estagiário","Outra Opção","de 1.001 a 3.000","Modelo híbrido com dias fixos de trabalho presencial","1"
"2025","Empreendedor ou Empregado (CNPJ)","Setor Farmaceutico","Acima de 3.000","Modelo híbrido flexível (o funcionário tem liberdade para escolher quando estar no escritório presencialmente)","1"
"2025","Empreendedor ou Empregado (CNPJ)","Área da Saúde","de 1.001 a 3.000","Modelo 100% presencial","1"
"2025","Empregado (CLT)","Varejo","de 11 a 50","Modelo 100% remoto","1"
"2025","Prefiro não informar","Tecnologia/Fábrica de Software","de 501 a 1.000","Modelo híbrido flexível (o funcionário tem liberdade para escolher quando estar no escritório presencialmente)","1"
"2025","Estagiário","Área da Saúde","de 51 a 100","Modelo 100% remoto","1"
"2025","Freelancer","Marketing","de 1 a 5","Modelo 100% remoto","1"
"2025","Estagiário","Varejo","de 1.001 a 3.000","Modelo 100% presencial","1"
"2025","Servidor Público","Tecnologia/Fábrica de Software","de 501 a 1.000","Modelo 100% remoto","1"
"2025","Empregado (CLT)","Filantropia/ONG's","de 1.001 a 3.000","Modelo híbrido flexível (o funcionário tem liberdade para escolher quando estar no escritório presencialmente)","1"
"2025","Empreendedor ou Empregado (CNPJ)","Telecomunicação","de 51 a 100","Modelo 100% remoto","1"
"2025","Vivo no Brasil e trabalho remoto para empresa de fora do Brasil","Outra Opção","de 51 a 100","Modelo 100% remoto","1"
"2025","Estagiário","Educação","de 11 a 50","Modelo híbrido com dias fixos de trabalho presencial","1"
"2025","Vivo no Brasil e trabalho remoto para empresa de fora do Brasil","Marketing","de 6 a 10","Modelo 100% remoto","1"
"2025","Empregado (CLT)","Agronegócios","de 1.001 a 3.000","Modelo híbrido flexível (o funcionário tem liberdade para escolher quando estar no escritório presencialmente)","1"
"2025","Estagiário","Finanças ou Bancos","de 1.001 a 3.000","Modelo híbrido flexível (o funcionário tem liberdade para escolher quando estar no escritório presencialmente)","1"
"2025","Empregado (CLT)","Tecnologia/Fábrica de Software","de 1 a 5","Modelo híbrido com dias fixos de trabalho presencial","1"
"2025","Prefiro não informar","Outra Opção","de 6 a 10","Modelo 100% remoto","1"
"2025","Empreendedor ou Empregado (CNPJ)","Marketing","de 11 a 50","Modelo 100% presencial","1"
"2025","Vivo no Brasil e trabalho remoto para empresa de fora do Brasil","Tecnologia/Fábrica de Software","de 501 a 1.000","Modelo 100% remoto","1"
"2025","Empregado (CLT)","Setor Público","de 51 a 100","Modelo 100% remoto","1"
"2025","Vivo fora do Brasil e trabalho para empresa de fora do Brasil","Setor Automotivo","de 501 a 1.000","Modelo híbrido flexível (o funcionário tem liberdade para escolher quando estar no escritório presencialmente)","1"
"2025","Empreendedor ou Empregado (CNPJ)","Varejo","de 51 a 100","Modelo 100% remoto","1"
"2025","Vivo fora do Brasil e trabalho para empresa de fora do Brasil","Varejo","Acima de 3.000","Modelo híbrido flexível (o funcionário tem liberdade para escolher quando estar no escritório presencialmente)","1"
"2025","Empregado (CLT)","Outra Opção","de 51 a 100","Modelo híbrido com dias fixos de trabalho presencial","1"
"2025","Empreendedor ou Empregado (CNPJ)","Área da Saúde","de 501 a 1.000","Modelo 100% remoto","1"
"2025","Empregado (CLT)","Setor Automotivo","de 101 a 500","Modelo híbrido flexível (o funcionário tem liberdade para escolher quando estar no escritório presencialmente)","1"
"2025","Empreendedor ou Empregado (CNPJ)","Indústria","Acima de 3.000","Modelo 100% presencial","1"
"2025","Estagiário","Telecomunicação","de 1.001 a 3.000","Modelo 100% presencial","1"
"2025","Empreendedor ou Empregado (CNPJ)","Setor Automotivo","Acima de 3.000","Modelo híbrido com dias fixos de trabalho presencial","1"
"2025","Servidor Público","Outra Opção","de 1 a 5","Modelo híbrido flexível (o funcionário tem liberdade para escolher quando estar no escritório presencialmente)","1"
"2025","Empregado (CLT)","Telecomunicação","de 101 a 500","Modelo híbrido flexível (o funcionário tem liberdade para escolher quando estar no escritório presencialmente)","1"
"2025","Vivo fora do Brasil e trabalho para empresa de fora do Brasil","Telecomunicação","de 11 a 50","Modelo híbrido flexível (o funcionário tem liberdade para escolher quando estar no escritório presencialmente)","1"
"2025","Empregado (CLT)","Agronegócios","de 501 a 1.000","Modelo 100% remoto","1"
"2025","Servidor Público","Setor Público","de 101 a 500","Modelo híbrido flexível (o funcionário tem liberdade para escolher quando estar no escritório presencialmente)","1"
"2025","Empreendedor ou Empregado (CNPJ)","Varejo","de 1.001 a 3.000","Modelo híbrido flexível (o funcionário tem liberdade para escolher quando estar no escritório presencialmente)","1"
"2025","Empreendedor ou Empregado (CNPJ)","Área da Saúde","de 1.001 a 3.000","Modelo híbrido flexível (o funcionário tem liberdade para escolher quando estar no escritório presencialmente)","1"
"2025","Prefiro não informar","Outra Opção","de 501 a 1.000","Modelo híbrido com dias fixos de trabalho presencial","1"
"2025","Empreendedor ou Empregado (CNPJ)","Setor Alimentício","de 51 a 100","Modelo híbrido flexível (o funcionário tem liberdade para escolher quando estar no escritório presencialmente)","1"
"2025","Empreendedor ou Empregado (CNPJ)","Agronegócios","de 51 a 100","Modelo 100% remoto","1"
"2025","Vivo no Brasil e trabalho remoto para empresa de fora do Brasil","Setor Alimentício","de 6 a 10","Modelo 100% remoto","1"
"2025","Estagiário","Varejo","de 101 a 500","Modelo híbrido com dias fixos de trabalho presencial","1"
"2025","Empregado (CLT)","Tecnologia/Fábrica de Software","de 501 a 1.000","Modelo 100% presencial","1"
"2025","Vivo no Brasil e trabalho remoto para empresa de fora do Brasil","Filantropia/ONG's","Acima de 3.000","Modelo 100% remoto","1"
"2025","Freelancer","Outra Opção","Acima de 3.000","Modelo híbrido com dias fixos de trabalho presencial","1"
"2025","Empreendedor ou Empregado (CNPJ)","Outra Opção","de 6 a 10","Modelo 100% remoto","1"
"2025","Estagiário","Agronegócios","de 101 a 500","Modelo 100% remoto","1"
"2025","Servidor Público","Educação","Acima de 3.000","Modelo híbrido flexível (o funcionário tem liberdade para escolher quando estar no escritório presencialmente)","1"
"2025","Freelancer","Outra Opção","de 1 a 5","Modelo 100% remoto","1"
"2025","Vivo no Brasil e trabalho remoto para empresa de fora do Brasil","Área da Saúde","de 11 a 50","Modelo 100% remoto","1"
"2025","Estagiário","Área da Saúde","Acima de 3.000","Modelo 100% remoto","1"
"2025","Empregado (CLT)","Setor Alimentício","de 1.001 a 3.000","Modelo híbrido com dias fixos de trabalho presencial","1"
"2025","Freelancer","Tecnologia/Fábrica de Software","de 1 a 5","Modelo 100% remoto","1"
"2025","Vivo fora do Brasil e trabalho para empresa de fora do Brasil","Tecnologia/Fábrica de Software","de 501 a 1.000","Modelo híbrido com dias fixos de trabalho presencial","1"
"2025","Vivo fora do Brasil e trabalho para empresa de fora do Brasil","Educação","de 1.001 a 3.000","Modelo híbrido com dias fixos de trabalho presencial","1"
"2025","Empreendedor ou Empregado (CNPJ)","Educação","de 101 a 500","Modelo 100% remoto","1"
"2025","Vivo fora do Brasil e trabalho para empresa de fora do Brasil","Marketing","de 11 a 50","Modelo 100% remoto","1"
"2025","Empregado (CLT)","Setor Imobiliário/ Construção Civil","de 501 a 1.000","Modelo híbrido flexível (o funcionário tem liberdade para escolher quando estar no escritório presencialmente)","1"
"2025","Empregado (CLT)","Área de Consultoria","de 51 a 100","Modelo 100% presencial","1"
"2025","Estagiário","Setor de Energia","Acima de 3.000","Modelo 100% remoto","1"
"2025","Empreendedor ou Empregado (CNPJ)","Marketing","de 11 a 50","Modelo híbrido com dias fixos de trabalho presencial","1"
"2025","Empreendedor ou Empregado (CNPJ)","Setor Imobiliário/ Construção Civil","de 1 a 5","Modelo 100% presencial","1"
"2025","Estagiário","Setor Público","de 11 a 50","Modelo híbrido com dias fixos de trabalho presencial","1"
"2025","Empregado (CLT)","Varejo","de 501 a 1.000","Modelo híbrido com dias fixos de trabalho presencial","1"
"2025","Estagiário","Finanças ou Bancos","de 51 a 100","Modelo híbrido com dias fixos de trabalho presencial","1"
"2025","Empregado (CLT)","Filantropia/ONG's","de 51 a 100","Modelo 100% remoto","1"
"2025","Empregado (CLT)","Marketing","de 11 a 50","Modelo híbrido flexível (o funcionário tem liberdade para escolher quando estar no escritório presencialmente)","1"
"2025","Empregado (CLT)","Setor Alimentício","de 1.001 a 3.000","Modelo 100% presencial","1"
"2025","Vivo no Brasil e trabalho remoto para empresa de fora do Brasil","Finanças ou Bancos","de 501 a 1.000","Modelo 100% remoto","1"
"2025","Servidor Público","Setor Imobiliário/ Construção Civil","de 51 a 100","Modelo 100% presencial","1"
"2025","Vivo fora do Brasil e trabalho para empresa de fora do Brasil","Internet/Ecommerce","Acima de 3.000","Modelo híbrido com dias fixos de trabalho presencial","1"
"2025","Empregado (CLT)","Agronegócios","de 1.001 a 3.000","Modelo 100% remoto","1"
"2025","Empreendedor ou Empregado (CNPJ)","Setor Público","Acima de 3.000","Modelo híbrido com dias fixos de trabalho presencial","1"
"2025","Empreendedor ou Empregado (CNPJ)","Varejo","de 6 a 10","Modelo 100% presencial","1"
"2025","Estagiário","Área de Consultoria","de 501 a 1.000","Modelo 100% presencial","1"
"2025","Empreendedor ou Empregado (CNPJ)","Setor Automotivo","Acima de 3.000","Modelo híbrido flexível (o funcionário tem liberdade para escolher quando estar no escritório presencialmente)","1"
"2025","Estagiário","Indústria","de 1.001 a 3.000","Modelo híbrido flexível (o funcionário tem liberdade para escolher quando estar no escritório presencialmente)","1"
"2025","Empregado (CLT)","Setor Imobiliário/ Construção Civil","Acima de 3.000","Modelo híbrido com dias fixos de trabalho presencial","1"
"2025","Empreendedor ou Empregado (CNPJ)","Internet/Ecommerce","de 51 a 100","Modelo 100% remoto","1"
"2025","Vivo fora do Brasil e trabalho para empresa de fora do Brasil","Outra Opção","Acima de 3.000","Modelo híbrido flexível (o funcionário tem liberdade para escolher quando estar no escritório presencialmente)","1"
"2025","Empreendedor ou Empregado (CNPJ)","Área de Consultoria","de 1 a 5","Modelo híbrido com dias fixos de trabalho presencial","1"
"2025","Empreendedor ou Empregado (CNPJ)","Área da Saúde","de 11 a 50","Modelo híbrido flexível (o funcionário tem liberdade para escolher quando estar no escritório presencialmente)","1"
"2025","Empreendedor ou Empregado (CNPJ)","Setor Imobiliário/ Construção Civil","de 11 a 50","Modelo 100% remoto","1"
"2025","Empreendedor ou Empregado (CNPJ)","Finanças ou Bancos","de 51 a 100","Modelo híbrido com dias fixos de trabalho presencial","1"
"2025","Vivo no Brasil e trabalho remoto para empresa de fora do Brasil","Setor Imobiliário/ Construção Civil","Acima de 3.000","Modelo 100% remoto","1"
"2025","Empreendedor ou Empregado (CNPJ)","Varejo","Acima de 3.000","Modelo 100% remoto","1"
"2025","Empregado (CLT)","Internet/Ecommerce","de 11 a 50","Modelo híbrido com dias fixos de trabalho presencial","1"
"2025","Vivo fora do Brasil e trabalho para empresa de fora do Brasil","Finanças ou Bancos","de 101 a 500","Modelo 100% remoto","1"
"2025","Empreendedor ou Empregado (CNPJ)","Setor Público","de 51 a 100","Modelo híbrido flexível (o funcionário tem liberdade para escolher quando estar no escritório presencialmente)","1"
"2025","Estagiário","Indústria","de 501 a 1.000","Modelo 100% presencial","1"
"2025","Desempregado e não estou buscando recolocação","Finanças ou Bancos","de 1 a 5","Modelo 100% presencial","1"
"2025","Empreendedor ou Empregado (CNPJ)","Setor de Energia","de 6 a 10","Modelo 100% remoto","1"
"2025","Vivo fora do Brasil e trabalho para empresa de fora do Brasil","Varejo","Acima de 3.000","Modelo híbrido com dias fixos de trabalho presencial","1"
"2025","Empregado (CLT)","Setor Imobiliário/ Construção Civil","de 501 a 1.000","Modelo 100% presencial","1"
"2025","Empregado (CLT)","Varejo","de 51 a 100","Modelo 100% remoto","1"
"2025","Freelancer","Tecnologia/Fábrica de Software","Acima de 3.000","Modelo 100% remoto","1"
"2025","Empreendedor ou Empregado (CNPJ)","Entretenimento ou Esportes","de 101 a 500","Modelo 100% presencial","1"
"2025","Empregado (CLT)","Seguros ou Previdência","de 51 a 100","Modelo híbrido com dias fixos de trabalho presencial","1"
"2025","Estagiário","Outra Opção","de 101 a 500","Modelo 100% presencial","1"
"2025","Estagiário","Setor Alimentício","de 1.001 a 3.000","Modelo 100% presencial","1"
"2025","Estagiário","Entretenimento ou Esportes","Acima de 3.000","Modelo 100% presencial","1"
"2025","Freelancer","Tecnologia/Fábrica de Software","de 6 a 10","Modelo 100% remoto","1"
"2025","Empregado (CLT)","Marketing","de 1.001 a 3.000","Modelo híbrido com dias fixos de trabalho presencial","1"
"2025","Prefiro não informar","Tecnologia/Fábrica de Software","de 101 a 500","Modelo híbrido flexível (o funcionário tem liberdade para escolher quando estar no escritório presencialmente)","1"
"2025","Empregado (CLT)","Finanças ou Bancos","de 6 a 10","Modelo 100% presencial","1"
"2025","Empregado (CLT)","Setor de Energia","de 1.001 a 3.000","Modelo 100% remoto","1"
"2025","Empreendedor ou Empregado (CNPJ)","Finanças ou Bancos","de 1 a 5","Modelo 100% remoto","1"
"2025","Estagiário","Área de Consultoria","de 51 a 100","Modelo 100% presencial","1"
"2025","Estagiário","Entretenimento ou Esportes","de 1.001 a 3.000","Modelo 100% presencial","1"
"2025","Empregado (CLT)","Filantropia/ONG's","de 51 a 100","Modelo híbrido flexível (o funcionário tem liberdade para escolher quando estar no escritório presencialmente)","1"
"2025","Prefiro não informar","Indústria","de 1 a 5","Modelo 100% presencial","1"
"2025","Empreendedor ou Empregado (CNPJ)","Indústria","Acima de 3.000","Modelo híbrido flexível (o funcionário tem liberdade para escolher quando estar no escritório presencialmente)","1"
"2025","Empreendedor ou Empregado (CNPJ)","Varejo","de 11 a 50","Modelo 100% presencial","1"
"2025","Vivo fora do Brasil e trabalho para empresa de fora do Brasil","Outra Opção","de 101 a 500","Modelo 100% presencial","1"
"2025","Vivo fora do Brasil e trabalho para empresa de fora do Brasil","Filantropia/ONG's","de 101 a 500","Modelo 100% remoto","1"
"2025","Servidor Público","Setor Público","de 11 a 50","Modelo 100% presencial","1"
"2025","Empreendedor ou Empregado (CNPJ)","Indústria","de 6 a 10","Modelo híbrido flexível (o funcionário tem liberdade para escolher quando estar no escritório presencialmente)","1"
"2025","Vivo fora do Brasil e trabalho para empresa de fora do Brasil","Área de Consultoria","de 501 a 1.000","Modelo híbrido flexível (o funcionário tem liberdade para escolher quando estar no escritório presencialmente)","1"
"2025","Empregado (CLT)","Seguros ou Previdência","de 101 a 500","Modelo 100% presencial","1"
"2025","Estagiário","Entretenimento ou Esportes","Acima de 3.000","Modelo híbrido com dias fixos de trabalho presencial","1"
"2025","Empregado (CLT)","Agronegócios","de 501 a 1.000","Modelo híbrido flexível (o funcionário tem liberdade para escolher quando estar no escritório presencialmente)","1"
"2025","Empregado (CLT)","Filantropia/ONG's","de 1.001 a 3.000","Modelo 100% presencial","1"
"2025","Empreendedor ou Empregado (CNPJ)","Seguros ou Previdência","de 101 a 500","Modelo híbrido flexível (o funcionário tem liberdade para escolher quando estar no escritório presencialmente)","1"
"2025","Empreendedor ou Empregado (CNPJ)","Entretenimento ou Esportes","de 51 a 100","Modelo 100% presencial","1"
"2025","Empregado (CLT)","Internet/Ecommerce","de 51 a 100","Modelo 100% presencial","1"
"2025","Desempregado e não estou buscando recolocação","Tecnologia/Fábrica de Software","de 6 a 10","Modelo híbrido com dias fixos de trabalho presencial","1"
"2025","Estagiário","Área da Saúde","de 51 a 100","Modelo 100% presencial","1"
"2025","Servidor Público","Educação","de 1 a 5","Modelo híbrido flexível (o funcionário tem liberdade para escolher quando estar no escritório presencialmente)","1"
"2025","Servidor Público","Agronegócios","Acima de 3.000","Modelo 100% presencial","1"
"2025","Empregado (CLT)","Marketing","Acima de 3.000","Modelo 100% presencial","1"
"2025","Vivo fora do Brasil e trabalho para empresa de fora do Brasil","Telecomunicação","de 101 a 500","Modelo híbrido com dias fixos de trabalho presencial","1"
"2025","Empreendedor ou Empregado (CNPJ)","Área da Saúde","de 1 a 5","Modelo 100% presencial","1"
"2025","Empregado (CLT)","Setor de Energia","de 1.001 a 3.000","Modelo híbrido com dias fixos de trabalho presencial","1"
"2025","Estagiário","Setor Imobiliário/ Construção Civil","de 101 a 500","Modelo híbrido flexível (o funcionário tem liberdade para escolher quando estar no escritório presencialmente)","1"
"2025","Vivo fora do Brasil e trabalho para empresa de fora do Brasil","Educação","de 11 a 50","Modelo 100% remoto","1"
"2025","Empreendedor ou Empregado (CNPJ)","Área da Saúde","de 11 a 50","Modelo híbrido com dias fixos de trabalho presencial","1"
"2025","Servidor Público","Outra Opção","de 1.001 a 3.000","Modelo 100% presencial","1"
"2025","Empreendedor ou Empregado (CNPJ)","Área de Consultoria","de 6 a 10","Modelo híbrido com dias fixos de trabalho presencial","1"
"2025","Estagiário","Tecnologia/Fábrica de Software","de 501 a 1.000","Modelo 100% remoto","1"
"2025","Empregado (CLT)","Setor Público","de 51 a 100","Modelo 100% presencial","1"
"2025","Empregado (CLT)","Setor Farmaceutico","de 101 a 500","Modelo 100% presencial","1"
"2025","Empreendedor ou Empregado (CNPJ)","Telecomunicação","de 101 a 500","Modelo 100% remoto","1"
"2025","Empreendedor ou Empregado (CNPJ)","Educação","de 101 a 500","Modelo híbrido com dias fixos de trabalho presencial","1"
"2025","Estagiário","Agronegócios","Acima de 3.000","Modelo híbrido com dias fixos de trabalho presencial","1"
"2025","Vivo fora do Brasil e trabalho para empresa de fora do Brasil","Área da Saúde","Acima de 3.000","Modelo híbrido com dias fixos de trabalho presencial","1"
"2025","Empregado (CLT)","Setor Alimentício","de 1.001 a 3.000","Modelo 100% remoto","1"
"2025","Vivo fora do Brasil e trabalho para empresa de fora do Brasil","Setor de Energia","de 11 a 50","Modelo híbrido flexível (o funcionário tem liberdade para escolher quando estar no escritório presencialmente)","1"
"2025","Estagiário","Educação","de 1.001 a 3.000","Modelo 100% presencial","1"
"2025","Empreendedor ou Empregado (CNPJ)","Setor Farmaceutico","de 11 a 50","Modelo 100% remoto","1"
"2025","Empreendedor ou Empregado (CNPJ)","Setor de Energia","de 101 a 500","Modelo 100% remoto","1"
"2025","Vivo no Brasil e trabalho remoto para empresa de fora do Brasil","Setor Farmaceutico","de 51 a 100","Modelo 100% remoto","1"
"2025","Empregado (CLT)","Finanças ou Bancos","de 11 a 50","Modelo híbrido flexível (o funcionário tem liberdade para escolher quando estar no escritório presencialmente)","1"
"2025","Vivo fora do Brasil e trabalho para empresa de fora do Brasil","Tecnologia/Fábrica de Software","de 1.001 a 3.000","Modelo híbrido flexível (o funcionário tem liberdade para escolher quando estar no escritório presencialmente)","1"
"2025","Empregado (CLT)","Outra Opção","de 1 a 5","Modelo 100% presencial","1"
"2025","Empreendedor ou Empregado (CNPJ)","Finanças ou Bancos","de 51 a 100","Modelo híbrido flexível (o funcionário tem liberdade para escolher quando estar no escritório presencialmente)","1"
"2025","Empregado (CLT)","Telecomunicação","de 101 a 500","Modelo 100% remoto","1"
"2025","Estagiário","Setor Público","de 11 a 50","Modelo 100% presencial","1"
"2025","Vivo fora do Brasil e trabalho para empresa de fora do Brasil","Internet/Ecommerce","de 101 a 500","Modelo híbrido com dias fixos de trabalho presencial","1"
"2025","Empregado (CLT)","Setor Imobiliário/ Construção Civil","de 11 a 50","Modelo 100% presencial","1"
"2025","Empregado (CLT)","Agronegócios","de 11 a 50","Modelo 100% presencial","1"
"2025","Estagiário","Área de Consultoria","de 51 a 100","Modelo híbrido com dias fixos de trabalho presencial","1"
"2025","Estagiário","Outra Opção","de 101 a 500","Modelo híbrido com dias fixos de trabalho presencial","1"
"2025","Servidor Público","Setor Público","de 1.001 a 3.000","Modelo 100% remoto","1"
"2025","Vivo fora do Brasil e trabalho para empresa de fora do Brasil","Tecnologia/Fábrica de Software","de 11 a 50","Modelo híbrido flexível (o funcionário tem liberdade para escolher quando estar no escritório presencialmente)","1"
"2025","Vivo no Brasil e trabalho remoto para empresa de fora do Brasil","Agronegócios","de 11 a 50","Modelo 100% remoto","1"
"2025","Empreendedor ou Empregado (CNPJ)","Telecomunicação","de 11 a 50","Modelo 100% presencial","1"
"2025","Empregado (CLT)","Setor Farmaceutico","de 51 a 100","Modelo 100% presencial","1"
"2025","Empreendedor ou Empregado (CNPJ)","Outra Opção","de 101 a 500","Modelo 100% presencial","1"
"2025","Prefiro não informar","Outra Opção","de 1 a 5","Modelo 100% presencial","1"
"2025","Servidor Público","Finanças ou Bancos","de 11 a 50","Modelo híbrido com dias fixos de trabalho presencial","1"
"2025","Empreendedor ou Empregado (CNPJ)","Varejo","de 6 a 10","Modelo 100% remoto","1"
"2025","Servidor Público","Setor Público","de 1.001 a 3.000","Modelo híbrido flexível (o funcionário tem liberdade para escolher quando estar no escritório presencialmente)","1"
"2025","Empreendedor ou Empregado (CNPJ)","Outra Opção","Acima de 3.000","Modelo 100% remoto","1"
"2025","Empregado (CLT)","Área de Consultoria","de 11 a 50","Modelo híbrido flexível (o funcionário tem liberdade para escolher quando estar no escritório presencialmente)","1"
"2025","Vivo fora do Brasil e trabalho para empresa de fora do Brasil","Setor Farmaceutico","de 501 a 1.000","Modelo híbrido com dias fixos de trabalho presencial","1"
"2025","Vivo fora do Brasil e trabalho para empresa de fora do Brasil","Indústria","de 101 a 500","Modelo 100% presencial","1"
"2025","Empregado (CLT)","Área de Consultoria","de 501 a 1.000","Modelo híbrido com dias fixos de trabalho presencial","1"
"2025","Estagiário","Marketing","de 51 a 100","Modelo híbrido com dias fixos de trabalho presencial","1"
"2025","Vivo no Brasil e trabalho remoto para empresa de fora do Brasil","Varejo","de 11 a 50","Modelo 100% remoto","1"
"2025","Servidor Público","Tecnologia/Fábrica de Software","de 1.001 a 3.000","Modelo híbrido com dias fixos de trabalho presencial","1"
"2025","Empreendedor ou Empregado (CNPJ)","Setor Imobiliário/ Construção Civil","de 51 a 100","Modelo 100% remoto","1"
"2025","Vivo no Brasil e trabalho remoto para empresa de fora do Brasil","Setor Automotivo","de 51 a 100","Modelo 100% remoto","1"
"2025","Empreendedor ou Empregado (CNPJ)","Finanças ou Bancos","de 6 a 10","Modelo híbrido flexível (o funcionário tem liberdade para escolher quando estar no escritório presencialmente)","1"
"2025","Empregado (CLT)","Agronegócios","de 101 a 500","Modelo 100% remoto","1"
"2025","Empregado (CLT)","Varejo","de 1 a 5","Modelo 100% remoto","1"
"2025","Empregado (CLT)","Área de Consultoria","de 6 a 10","Modelo 100% remoto","1"
"2025","Empregado (CLT)","Outra Opção","de 11 a 50","Modelo híbrido flexível (o funcionário tem liberdade para escolher quando estar no escritório presencialmente)","1"
"2025","Estagiário","Setor de Energia","de 101 a 500","Modelo híbrido com dias fixos de trabalho presencial","1"
"2025","Empregado (CLT)","Seguros ou Previdência","Acima de 3.000","Modelo 100% remoto","1"
"2025","Vivo fora do Brasil e trabalho para empresa de fora do Brasil","Entretenimento ou Esportes","Acima de 3.000","Modelo híbrido com dias fixos de trabalho presencial","1"
"2025","Empregado (CLT)","Setor Imobiliário/ Construção Civil","de 501 a 1.000","Modelo híbrido com dias fixos de trabalho presencial","1"
"2025","Servidor Público","Educação","de 101 a 500","Modelo 100% remoto","1"
"2025","Vivo fora do Brasil e trabalho para empresa de fora do Brasil","Área de Consultoria","de 101 a 500","Modelo 100% presencial","1"
"2025","Empreendedor ou Empregado (CNPJ)","Área da Saúde","de 11 a 50","Modelo 100% presencial","1"
"2025","Estagiário","Tecnologia/Fábrica de Software","de 11 a 50","Modelo híbrido flexível (o funcionário tem liberdade para escolher quando estar no escritório presencialmente)","1"
"2025","Vivo fora do Brasil e trabalho para empresa de fora do Brasil","Setor de Energia","de 51 a 100","Modelo híbrido flexível (o funcionário tem liberdade para escolher quando estar no escritório presencialmente)","1"
"2025","Empreendedor ou Empregado (CNPJ)","Telecomunicação","Acima de 3.000","Modelo híbrido com dias fixos de trabalho presencial","1"
"2025","Empreendedor ou Empregado (CNPJ)","Marketing","de 1.001 a 3.000","Modelo híbrido flexível (o funcionário tem liberdade para escolher quando estar no escritório presencialmente)","1"
"2025","Empregado (CLT)","Entretenimento ou Esportes","de 101 a 500","Modelo híbrido com dias fixos de trabalho presencial","1"
"2025","Empregado (CLT)","Setor Público","de 1.001 a 3.000","Modelo híbrido flexível (o funcionário tem liberdade para escolher quando estar no escritório presencialmente)","1"
"2025","Vivo fora do Brasil e trabalho para empresa de fora do Brasil","Área de Consultoria","de 6 a 10","Modelo 100% presencial","1"
"2025","Estagiário","Setor Alimentício","de 11 a 50","Modelo 100% presencial","1"
"2025","Empreendedor ou Empregado (CNPJ)","Seguros ou Previdência","de 51 a 100","Modelo híbrido flexível (o funcionário tem liberdade para escolher quando estar no escritório presencialmente)","1"
"2025","Empregado (CLT)","Setor Imobiliário/ Construção Civil","de 6 a 10","Modelo 100% presencial","1"
"2025","Empreendedor ou Empregado (CNPJ)","Educação","de 1.001 a 3.000","Modelo 100% remoto","1"
"2025","Empregado (CLT)","Telecomunicação","de 11 a 50","Modelo híbrido com dias fixos de trabalho presencial","1"
"2025","Empregado (CLT)","Área de Consultoria","de 11 a 50","Modelo 100% presencial","1"
"2025","Empregado (CLT)","Setor Automotivo","de 1 a 5","Modelo 100% presencial","1"
"2025","Empregado (CLT)","Filantropia/ONG's","Acima de 3.000","Modelo 100% remoto","1"
"2025","Vivo no Brasil e trabalho remoto para empresa de fora do Brasil","Setor Farmaceutico","de 501 a 1.000","Modelo 100% remoto","1"
"2025","Vivo no Brasil e trabalho remoto para empresa de fora do Brasil","Outra Opção","de 11 a 50","Modelo 100% remoto","1"
"2025","Empregado (CLT)","Área da Saúde","de 11 a 50","Modelo híbrido com dias fixos de trabalho presencial","1"
"2025","Empregado (CLT)","Agronegócios","de 1.001 a 3.000","Modelo híbrido com dias fixos de trabalho presencial","1"
"2025","Empreendedor ou Empregado (CNPJ)","Marketing","de 501 a 1.000","Modelo híbrido flexível (o funcionário tem liberdade para escolher quando estar no escritório presencialmente)","1"
"2025","Vivo no Brasil e trabalho remoto para empresa de fora do Brasil","Entretenimento ou Esportes","de 101 a 500","Modelo 100% remoto","1"
"2025","Empregado (CLT)","Telecomunicação","de 501 a 1.000","Modelo 100% presencial","1"
"2025","Empreendedor ou Empregado (CNPJ)","Internet/Ecommerce","de 501 a 1.000","Modelo híbrido flexível (o funcionário tem liberdade para escolher quando estar no escritório presencialmente)","1"
"2025","Empreendedor ou Empregado (CNPJ)","Filantropia/ONG's","de 11 a 50","Modelo 100% presencial","1"
"2025","Vivo no Brasil e trabalho remoto para empresa de fora do Brasil","Outra Opção","Acima de 3.000","Modelo híbrido flexível (o funcionário tem liberdade para escolher quando estar no escritório presencialmente)","1"
"2025","Empreendedor ou Empregado (CNPJ)","Marketing","de 6 a 10","Modelo 100% remoto","1"
"2025","Estagiário","Varejo","de 501 a 1.000","Modelo híbrido com dias fixos de trabalho presencial","1"
"2025","Vivo no Brasil e trabalho remoto para empresa de fora do Brasil","Área de Consultoria","de 501 a 1.000","Modelo 100% remoto","1"
"2025","Estagiário","Outra Opção","Acima de 3.000","Modelo 100% presencial","1"
"2025","Vivo fora do Brasil e trabalho para empresa de fora do Brasil","Outra Opção","Acima de 3.000","Modelo 100% presencial","1"
"2025","Empreendedor ou Empregado (CNPJ)","Agronegócios","de 11 a 50","Modelo híbrido flexível (o funcionário tem liberdade para escolher quando estar no escritório presencialmente)","1"
"2025","Empregado (CLT)","Seguros ou Previdência","de 51 a 100","Modelo 100% remoto","1"
"2025","Prefiro não informar","Outra Opção","Acima de 3.000","Modelo 100% remoto","1"
"2025","Vivo fora do Brasil e trabalho para empresa de fora do Brasil","Setor Automotivo","de 11 a 50","Modelo híbrido com dias fixos de trabalho presencial","1"
"2025","Vivo no Brasil e trabalho remoto para empresa de fora do Brasil","Área da Saúde","de 101 a 500","Modelo 100% remoto","1"
"2025","Estagiário","Internet/Ecommerce","Acima de 3.000","Modelo híbrido flexível (o funcionário tem liberdade para escolher quando estar no escritório presencialmente)","1"
"2025","Estagiário","Educação","de 501 a 1.000","Modelo 100% presencial","1"
"2025","Empreendedor ou Empregado (CNPJ)","Setor Público","de 51 a 100","Modelo híbrido com dias fixos de trabalho presencial","1"
"2025","Prefiro não informar","Varejo","Acima de 3.000","Modelo 100% remoto","1"
"2025","Empreendedor ou Empregado (CNPJ)","Finanças ou Bancos","Acima de 3.000","Modelo híbrido com dias fixos de trabalho presencial","1"
"2025","Empreendedor ou Empregado (CNPJ)","Finanças ou Bancos","de 1 a 5","Modelo híbrido flexível (o funcionário tem liberdade para escolher quando estar no escritório presencialmente)","1"
"2025","Empregado (CLT)","Tecnologia/Fábrica de Software","de 6 a 10","Modelo híbrido com dias fixos de trabalho presencial","1"
"2025","Estagiário","Tecnologia/Fábrica de Software","de 501 a 1.000","Modelo híbrido flexível (o funcionário tem liberdade para escolher quando estar no escritório presencialmente)","1"
"2025","Vivo no Brasil e trabalho remoto para empresa de fora do Brasil","Tecnologia/Fábrica de Software","de 1.001 a 3.000","Modelo híbrido flexível (o funcionário tem liberdade para escolher quando estar no escritório presencialmente)","1"
"2025","Empreendedor ou Empregado (CNPJ)","Finanças ou Bancos","de 501 a 1.000","Modelo 100% remoto","1"
"2025","Empreendedor ou Empregado (CNPJ)","Área de Consultoria","de 51 a 100","Modelo 100% presencial","1"
"2025","Freelancer","Outra Opção","de 51 a 100","Modelo 100% presencial","1"
"2025","Empregado (CLT)","Internet/Ecommerce","de 501 a 1.000","Modelo híbrido flexível (o funcionário tem liberdade para escolher quando estar no escritório presencialmente)","1"
"2025","Empreendedor ou Empregado (CNPJ)","Setor Público","de 11 a 50","Modelo 100% presencial","1"
"2025","Empregado (CLT)","Educação","de 51 a 100","Modelo híbrido flexível (o funcionário tem liberdade para escolher quando estar no escritório presencialmente)","1"
"2025","Vivo no Brasil e trabalho remoto para empresa de fora do Brasil","Área da Saúde","Acima de 3.000","Modelo 100% remoto","1"
"2025","Vivo fora do Brasil e trabalho para empresa de fora do Brasil","Tecnologia/Fábrica de Software","de 11 a 50","Modelo híbrido com dias fixos de trabalho presencial","1"
"2025","Servidor Público","Outra Opção","de 501 a 1.000","Modelo híbrido flexível (o funcionário tem liberdade para escolher quando estar no escritório presencialmente)","1"
"2025","Servidor Público","Educação","de 101 a 500","Modelo híbrido flexível (o funcionário tem liberdade para escolher quando estar no escritório presencialmente)","1"
"2025","Empregado (CLT)","Setor Alimentício","de 51 a 100","Modelo 100% remoto","1"
"2025","Vivo no Brasil e trabalho remoto para empresa de fora do Brasil","Telecomunicação","Acima de 3.000","Modelo 100% remoto","1"
"2025","Empreendedor ou Empregado (CNPJ)","Internet/Ecommerce","de 101 a 500","Modelo híbrido flexível (o funcionário tem liberdade para escolher quando estar no escritório presencialmente)","1"
"2025","Empreendedor ou Empregado (CNPJ)","Finanças ou Bancos","Acima de 3.000","Modelo 100% presencial","1"
"2025","Servidor Público","Área da Saúde","Acima de 3.000","Modelo híbrido com dias fixos de trabalho presencial","1"
"2025","Vivo no Brasil e trabalho remoto para empresa de fora do Brasil","Finanças ou Bancos","Acima de 3.000","Modelo híbrido flexível (o funcionário tem liberdade para escolher quando estar no escritório presencialmente)","1"
"2025","Servidor Público","Setor de Energia","de 101 a 500","Modelo 100% presencial","1"
"2025","Empregado (CLT)","Área da Saúde","de 51 a 100","Modelo 100% presencial","1"
"2025","Estagiário","Agronegócios","Acima de 3.000","Modelo híbrido flexível (o funcionário tem liberdade para escolher quando estar no escritório presencialmente)","1"
"2025","Empregado (CLT)","Entretenimento ou Esportes","de 1.001 a 3.000","Modelo híbrido com dias fixos de trabalho presencial","1"
"2025","Estagiário","Outra Opção","de 51 a 100","Modelo 100% remoto","1"
"2025","Servidor Público","Área da Saúde","de 1.001 a 3.000","Modelo 100% presencial","1"
"2025","Vivo fora do Brasil e trabalho para empresa de fora do Brasil","Telecomunicação","Acima de 3.000","Modelo híbrido flexível (o funcionário tem liberdade para escolher quando estar no escritório presencialmente)","1"
"2025","Empreendedor ou Empregado (CNPJ)","Internet/Ecommerce","de 501 a 1.000","Modelo 100% presencial","1"
"2025","Empreendedor ou Empregado (CNPJ)","Telecomunicação","de 1 a 5","Modelo 100% remoto","1"
"2025","Empreendedor ou Empregado (CNPJ)","Finanças ou Bancos","Acima de 3.000","Modelo 100% remoto","1"
"2025","Empregado (CLT)","Agronegócios","de 6 a 10","Modelo 100% remoto","1"
"2025","Freelancer","Indústria","de 51 a 100","Modelo 100% presencial","1"
"2025","Empregado (CLT)","Setor de Energia","de 11 a 50","Modelo 100% presencial","1"
"2025","Empreendedor ou Empregado (CNPJ)","Agronegócios","de 1.001 a 3.000","Modelo híbrido com dias fixos de trabalho presencial","1"
"2025","Empregado (CLT)","Setor Alimentício","de 101 a 500","Modelo híbrido flexível (o funcionário tem liberdade para escolher quando estar no escritório presencialmente)","1"
"2025","Empreendedor ou Empregado (CNPJ)","Telecomunicação","de 11 a 50","Modelo 100% remoto","1"
"2025","Empreendedor ou Empregado (CNPJ)","Área de Consultoria","de 501 a 1.000","Modelo híbrido com dias fixos de trabalho presencial","1"
"2025","Empreendedor ou Empregado (CNPJ)","Área da Saúde","de 101 a 500","Modelo híbrido com dias fixos de trabalho presencial","1"
"2025","Empreendedor ou Empregado (CNPJ)","Educação","de 11 a 50","Modelo híbrido com dias fixos de trabalho presencial","1"
"2025","Vivo fora do Brasil e trabalho para empresa de fora do Brasil","Educação","de 101 a 500","Modelo 100% remoto","1"
"2025","Vivo fora do Brasil e trabalho para empresa de fora do Brasil","Internet/Ecommerce","de 1.001 a 3.000","Modelo 100% presencial","1"
"2025","Estagiário","Seguros ou Previdência","de 501 a 1.000","Modelo híbrido flexível (o funcionário tem liberdade para escolher quando estar no escritório presencialmente)","1"
"2025","Freelancer","Entretenimento ou Esportes","de 11 a 50","Modelo híbrido com dias fixos de trabalho presencial","1"
"2025","Servidor Público","Outra Opção","Acima de 3.000","Modelo 100% remoto","1"
"2025","Empreendedor ou Empregado (CNPJ)","Setor de Energia","de 11 a 50","Modelo híbrido flexível (o funcionário tem liberdade para escolher quando estar no escritório presencialmente)","1"
"2025","Desempregado e não estou buscando recolocação","Outra Opção","de 51 a 100","Modelo 100% remoto","1"
"2025","Vivo fora do Brasil e trabalho para empresa de fora do Brasil","Entretenimento ou Esportes","Acima de 3.000","Modelo híbrido flexível (o funcionário tem liberdade para escolher quando estar no escritório presencialmente)","1"
